source_AGI,target_AGI,type,n_mentions,pubmedID,source_symbol,target_symbol
AT5G10140,AT2G45660,GRN_represses,131,30049745,,SOC1
AT5G61380,AT2G46830,GRN_represses,113,28345627,,CCA1
AT2G46790,AT2G46830,GRN_represses,106,24592314,,CCA1
AT2G46830,AT5G61380,GRN_represses,99,28240777,CCA1,
AT2G46830,AT2G46790,GRN_activates,73,24592314,CCA1,
AT1G34370,AT1G08430,GRN_activates,61,35958220,,ALMT1
AT5G61850,AT1G69120,GRN_activates,53,35409334,,AP1
AT2G22540,AT2G45660,GRN_represses,47,34575962,,SOC1
AT5G24470,AT2G46830,GRN_represses,42,33138078,APRR5,CCA1
AT2G45660,AT5G61850,GRN_activates,42,32698310,SOC1,
AT3G20770,AT5G39610,GRN_activates,42,36617439,,NAC92
AT2G43410,AT1G58602,GRN_regulates,42,33904405,,
AT5G11260,AT2G36270,GRN_activates,32,35166830,,ABI5
AT5G03840,AT1G69120,GRN_represses,32,26257753,,AP1
AT2G33810,AT1G69120,GRN_activates,32,32143577,SPL3,AP1
AT1G64280,AT2G14610,GRN_activates,31,33042179,,PR1
AT3G25070,ATCG00160,GRN_regulates,31,23279965,,RPS2
AT2G33810,AT5G60910,GRN_activates,31,32143577,SPL3,AGL8
AT5G27807,AT5G39610,GRN_represses,29,30969965,,NAC92
AT5G57360,AT5G24470,GRN_activates,29,32068156,,APRR5
AT5G04275,AT2G28550,GRN_represses,28,35203367,,RAP2.7
AT2G33810,AT5G61850,GRN_activates,28,32143577,SPL3,
AT2G42200,AT5G04275,GRN_activates,27,35203367,SPL9,
AT2G38470,AT3G26830,GRN_activates,26,32038695,WRKY33,CYP71B15
AT1G75540,AT2G36270,GRN_represses,26,24586210,BBX21,ABI5
AT1G30270,AT2G26650,GRN_activates,24,35762968,,AKT1
AT3G09600,AT5G24470,GRN_activates,23,24592314,RVE8,APRR5
AT2G47460,AT5G13930,GRN_activates,23,35811570,,CHS
AT2G36270,AT5G10140,GRN_activates,23,34222769,ABI5,
AT1G68050,AT2G32950,GRN_represses,23,34884771,ADO3,
AT2G36270,AT2G40170,GRN_activates,22,27624486,ABI5,EM6
AT5G13160,AT2G33800,GRN_activates,22,26404238,,RPS5
AT2G34650,AT1G73590,GRN_activates,22,24465665,,PIN1
AT3G16857,AT1G04240,GRN_activates,21,30239807,,SHY2
AT2G36270,AT3G51810,GRN_activates,21,27624486,ABI5,EM1
AT4G18170,AT1G74710,GRN_activates,21,36498851,WRKY28,
AT5G60910,AT4G36920,GRN_represses,21,31921264,AGL8,
AT2G46830,AT5G24470,GRN_represses,20,37017001,CCA1,APRR5
AT4G24580,AT3G51300,GRN_represses,20,29968705,,ARAC11
AT5G04275,AT5G60120,GRN_represses,20,35203367,,TOE2
AT1G80840,AT2G36270,GRN_represses,20,26829043,WRKY40,ABI5
AT2G43010,AT4G32280,GRN_activates,20,31078553,,IAA29
AT1G25250,AT5G53210,GRN_represses,20,30623555,AtIDD16,
AT5G05410,AT5G03720,GRN_activates,19,32010424,DREB2A,
AT5G20150,AT4G28610,GRN_represses,19,31245733,SPX1,
AT5G20730,AT2G42430,GRN_activates,19,36684719,NPH4,
AT3G24650,AT2G36270,GRN_activates,18,20487379,ABI3,ABI5
AT1G69120,AT5G61850,GRN_activates,18,26528302,AP1,
AT5G24120,ATCG00270,GRN_activates,18,27135509,,PSBD
AT4G31800,AT2G36270,GRN_represses,18,32751641,,ABI5
AT1G34190,AT3G22370,GRN_activates,18,36463409,,AOX1A
AT1G28300,AT3G24650,GRN_activates,17,34209706,,ABI3
AT1G06160,AT3G25800,GRN_activates,17,36674500,ERF094,
AT1G13980,AT1G73590,GRN_activates,17,35013279,GN,PIN1
AT2G46830,AT2G40080,GRN_represses,17,31842754,CCA1,
AT1G73687,AT2G32460,GRN_represses,17,28419088,,MYB101
AT1G21970,AT3G24650,GRN_activates,17,34039265,NFYB9,ABI3
AT2G46790,AT5G39610,GRN_activates,17,33329652,,NAC92
AT1G75540,AT5G11260,GRN_activates,17,35178298,BBX21,
AT1G69120,AT5G03840,GRN_represses,16,31320327,AP1,
AT3G09600,AT5G61380,GRN_activates,16,24592314,RVE8,
AT2G20180,AT1G03790,GRN_activates,16,31002698,,SOM
AT4G24540,AT2G45660,GRN_activates,16,37111878,AGL24,SOC1
AT3G51770,AT5G65800,GRN_represses,16,31156671,ETO1,
AT4G25590,AT2G29890,GRN_represses,16,36095000,ADF7,
AT2G47460,AT5G08640,GRN_activates,15,35811570,,FLS1
AT2G45660,AT5G10140,GRN_represses,15,33927737,SOC1,
AT3G47640,AT1G56430,GRN_represses,15,35755670,,NAS4
AT5G41663,AT4G18390,GRN_represses,15,29570883,,TCP2
AT5G55390,AT1G58602,GRN_activates,15,32925902,EDM2,
AT4G31800,AT2G25000,GRN_activates,15,35336696,,WRKY60
AT5G43810,AT4G00885,GRN_regulates,15,36743500,AGO10,
AT5G24470,AT2G46790,GRN_represses,14,33138078,APRR5,
AT1G68050,AT5G62430,GRN_regulates,14,30536871,ADO3,
AT2G40220,AT2G36270,GRN_activates,14,23818868,,ABI5
AT5G03280,AT5G39610,GRN_activates,14,35371171,,NAC92
AT5G60850,AT4G03210,GRN_represses,14,31626627,DOF5.4,XTH9
AT1G80840,AT2G25000,GRN_activates,14,34398879,WRKY40,WRKY60
AT4G37460,AT4G16890,GRN_activates,14,21079790,,SNC1
AT2G46830,AT5G39610,GRN_represses,14,33329652,CCA1,NAC92
AT2G43010,AT5G39610,GRN_activates,14,32508856,,NAC92
AT3G20770,AT1G69490,GRN_activates,14,24659488,,NAC029
AT1G12110,AT1G08090,GRN_activates,14,32526869,NPF6.3,
AT5G45260,ATMG00290,GRN_activates,14,33793895,,RPS4
AT2G22770,AT3G15950,GRN_activates,13,37346116,NAI1,NAI2
AT2G37630,AT4G08150,GRN_represses,13,24776954,,KNAT1
AT5G26170,AT2G14610,GRN_activates,13,34069912,,PR1
AT5G04275,AT2G39250,GRN_represses,13,35203367,,SNZ
AT2G25000,AT2G36270,GRN_represses,13,32751641,WRKY60,ABI5
AT3G45640,AT2G38470,GRN_activates,13,25010425,,WRKY33
AT1G72010,AT2G46830,GRN_activates,13,28066483,,CCA1
AT4G38130,AT3G20290,GRN_represses,13,37147799,HDA19,
AT3G59060,AT5G39610,GRN_activates,13,32508856,PIF5,NAC92
AT3G22886,AT5G37020,GRN_regulates,13,37511608,,ARF8
AT4G07395,AT4G25490,GRN_represses,13,36681861,,DREB1B
AT4G37930,AT2G27250,GRN_activates,13,35640153,SHM1,
AT1G32770,AT5G12870,GRN_activates,12,29973639,NAC012,MYB46
AT5G20570,ATCG00160,GRN_represses,12,36768198,,RPS2
AT5G64170,AT5G24470,GRN_activates,12,24592314,,APRR5
AT1G73805,AT1G74710,GRN_activates,12,24966862,SARD1,
AT5G26920,AT1G74710,GRN_activates,12,24966862,CBP60G,
AT4G33430,AT5G63580,GRN_activates,12,23637603,,FLS2
AT4G37930,AT2G37630,GRN_represses,12,24776954,SHM1,
AT4G34410,AT5G05730,GRN_activates,12,35164655,ERF109,
AT1G80840,AT2G40220,GRN_represses,12,32751641,WRKY40,
AT2G25000,AT2G40220,GRN_represses,12,32751641,WRKY60,
AT1G75380,AT1G19640,GRN_represses,12,32384799,BBD1,JMT
AT5G57710,AT2G42620,GRN_represses,12,31546850,SMAX1,
AT2G42200,AT2G30432,GRN_activates,12,25018756,SPL9,
AT5G55390,AT5G10140,GRN_represses,12,37111878,EDM2,
AT3G27010,AT2G46830,GRN_activates,12,28066483,,CCA1
AT5G61380,AT5G13630,GRN_represses,12,21562844,,CHLH
AT1G21970,AT3G26790,GRN_activates,12,34039265,NFYB9,
AT5G13180,AT1G71930,GRN_represses,12,31881731,NAC083,
AT5G39610,AT4G22920,GRN_activates,12,34777451,NAC92,SGR1
AT5G62000,AT1G75240,GRN_represses,12,21779177,,ZHD5
AT2G31650,AT2G46770,GRN_activates,11,33332564,,NAC043
AT4G17615,AT1G30270,GRN_activates,11,23437128,CBL1,
AT4G32650,AT2G26650,GRN_represses,11,35743301,,AKT1
AT5G24470,AT3G09600,GRN_represses,11,33138078,APRR5,RVE8
AT3G16500,AT5G42800,GRN_activates,11,32584850,,DFRA
AT4G24020,AT1G12110,GRN_activates,11,30540790,,NPF6.3
AT2G20180,AT2G36270,GRN_activates,11,31002698,,ABI5
AT5G63110,AT5G10140,GRN_represses,11,27200029,HDA6,
AT1G13260,AT2G36270,GRN_represses,11,30518173,RAV1,ABI5
AT1G13260,AT3G24650,GRN_represses,11,26829043,RAV1,ABI3
AT4G33950,AT5G46240,GRN_represses,11,26163700,,KAT1
AT5G12870,AT5G17420,GRN_activates,11,35154217,MYB46,CESA7
AT2G43790,AT2G38470,GRN_activates,11,25010425,,WRKY33
AT2G43010,AT3G15540,GRN_activates,11,31078553,,IAA19
AT4G24540,AT5G61850,GRN_activates,11,24513114,AGL24,
AT3G46510,AT5G63580,GRN_activates,11,25435802,,FLS2
AT5G22500,AT2G40080,GRN_activates,11,32068156,FAR1,
AT5G24520,AT5G42800,GRN_activates,11,33815441,,DFRA
AT5G11260,AT1G71030,GRN_represses,11,29104579,,ATMYBL2
AT5G62470,AT5G61380,GRN_activates,11,30477118,MYB96,
AT1G69797,AT5G43780,GRN_represses,11,30159453,,APS4
AT2G43010,AT2G36270,GRN_activates,11,34440762,,ABI5
AT5G57580,AT1G73805,GRN_activates,11,38203547,,SARD1
AT5G18650,AT5G62470,GRN_activates,11,36901718,,MYB96
AT2G46790,AT3G09600,GRN_represses,10,33138078,,RVE8
AT1G12910,AT2G46830,GRN_activates,10,33138078,,CCA1
AT1G64280,AT3G56400,GRN_activates,10,36292777,,WRKY70
AT2G30250,AT4G23810,GRN_activates,10,32038695,WRKY25,WRKY53
AT3G62230,AT1G75240,GRN_represses,10,27685353,,ZHD5
AT5G17430,AT1G21970,GRN_activates,10,30271420,,NFYB9
AT1G28300,AT1G21970,GRN_activates,10,35269485,,NFYB9
AT2G38470,AT2G30770,GRN_activates,10,31611892,WRKY33,CYP71A13
AT1G69797,AT5G10180,GRN_represses,10,21261953,,SULTR2;1
AT5G59820,AT1G07890,GRN_activates,10,35009000,ZAT12,APX1
AT5G61850,AT3G54340,GRN_activates,10,37216511,,AP3
AT2G46830,AT1G17060,GRN_represses,10,31639820,CCA1,
AT2G28350,AT3G24650,GRN_activates,10,29244768,,ABI3
AT5G22500,AT2G37678,GRN_activates,10,25872642,FAR1,
AT3G44750,AT5G45830,GRN_represses,10,37313253,HDT1,
AT5G22650,AT5G45830,GRN_represses,10,37313253,HDT2,
AT2G45660,AT1G69120,GRN_activates,10,26904066,SOC1,AP1
AT4G34530,AT1G04400,GRN_activates,10,34884732,BHLH63,
AT3G59060,AT2G46970,GRN_activates,10,32508856,PIF5,
AT3G59060,AT3G20770,GRN_activates,10,32508856,PIF5,
AT5G15450,AT4G15560,GRN_activates,10,26815787,,DXS
AT4G31800,AT1G80840,GRN_represses,10,23516362,,WRKY40
AT2G43060,AT2G18300,GRN_represses,10,24667992,IBH1,
AT4G08920,AT2G18300,GRN_represses,10,29860272,,
AT5G39610,AT4G13250,GRN_activates,10,34777451,NAC92,NYC1
AT2G40080,AT2G46830,GRN_activates,10,25147271,,CCA1
AT3G60320,AT1G12110,GRN_regulates,10,30972097,,NPF6.3
AT2G32950,AT3G59060,GRN_activates,10,32392219,,PIF5
AT2G42200,AT4G25470,GRN_activates,10,35109794,SPL9,DREB1C
AT1G19350,AT5G67420,GRN_represses,10,36247555,,LBD37
AT5G12870,AT4G18780,GRN_activates,10,31191566,MYB46,CESA8
AT5G60170,AT4G31850,GRN_activates,10,33431870,,
AT2G31650,AT1G32770,GRN_activates,9,33332564,,NAC012
AT5G12870,AT1G32770,GRN_regulates,9,29973639,MYB46,NAC012
AT4G28500,AT4G18780,GRN_activates,9,28720072,NAC073,CESA8
AT4G17615,AT2G26650,GRN_activates,9,36690625,CBL1,AKT1
AT5G24470,AT5G61380,GRN_activates,9,24592314,APRR5,
AT3G09600,AT2G46790,GRN_activates,9,24592314,RVE8,
AT3G54500,AT5G24470,GRN_activates,9,24592314,,APRR5
AT5G24470,AT1G01060,GRN_represses,9,33138078,APRR5,
AT3G54320,AT5G15530,GRN_activates,9,34168663,,BCCP2
AT5G13790,AT1G28300,GRN_activates,9,31307397,AGL15,
AT1G32640,AT5G25610,GRN_activates,9,24744238,MYC2,RD22
AT4G35020,AT2G33460,GRN_activates,9,28710770,,RIC1
AT3G16500,AT5G13930,GRN_activates,9,32584850,,CHS
AT4G38130,AT1G28300,GRN_regulates,9,35269485,HDA19,
AT5G46580,ATCG01100,GRN_activates,9,34884441,,NDHA
AT1G27060,AT2G36270,GRN_represses,9,35897748,,ABI5
AT1G77300,AT5G10140,GRN_activates,9,34064673,EFS,
AT1G69120,AT2G45660,GRN_represses,9,27965680,AP1,SOC1
AT2G36270,AT1G18100,GRN_activates,9,31002698,ABI5,MFT
AT4G11070,AT3G24650,GRN_regulates,9,26829043,,ABI3
AT5G39610,AT5G27807,GRN_represses,9,20826506,NAC92,
AT3G26790,AT3G24650,GRN_activates,9,29079824,,ABI3
AT1G32640,AT1G52890,GRN_activates,9,23382734,MYC2,NAC019
AT1G32640,AT3G15500,GRN_activates,9,23382734,MYC2,NAC055
AT3G15030,AT3G45140,GRN_activates,9,30690555,,LOX2
AT2G14610,AT1G64280,GRN_activates,9,35386673,PR1,
AT2G33460,AT1G80350,GRN_activates,9,28644898,RIC1,
AT2G43000,AT5G05410,GRN_activates,9,28640975,,DREB2A
AT1G18100,AT2G36270,GRN_represses,9,26873978,MFT,ABI5
AT1G69120,AT3G54340,GRN_activates,9,37216511,AP1,AP3
AT2G46830,AT2G26710,GRN_represses,9,31639820,CCA1,
AT1G14350,AT1G70940,GRN_regulates,9,26578169,,PIN3
AT4G25470,AT4G25490,GRN_represses,9,37674317,DREB1C,DREB1B
AT4G25470,AT4G25480,GRN_represses,9,37674317,DREB1C,
AT5G22500,AT5G02200,GRN_activates,9,25872642,FAR1,
AT2G38470,AT1G01480,GRN_activates,9,32872315,WRKY33,
AT3G01090,AT3G47340,GRN_activates,9,29938110,,ASN1
AT2G18300,AT1G74670,GRN_activates,9,33963401,,GASA6
AT4G37470,AT5G57710,GRN_activates,9,35355884,,SMAX1
AT5G28770,AT5G02810,GRN_activates,9,34053087,BZIP63,
AT4G20370,AT1G66430,GRN_represses,9,29093731,,
AT5G10510,AT3G11260,GRN_activates,9,35605192,AIL6,
AT1G25560,AT1G15550,GRN_represses,9,31438864,TEM1,
AT5G22500,AT1G09570,GRN_regulates,9,26941752,FAR1,
AT1G32640,AT4G35090,GRN_represses,9,36466238,MYC2,
AT5G43810,AT1G48410,GRN_represses,9,24244708,AGO10,
AT5G39610,AT3G44880,GRN_activates,9,27618630,NAC92,
AT2G45190,AT5G60450,GRN_activates,9,23025792,YAB1,
AT3G59060,AT2G36270,GRN_activates,9,34777451,PIF5,ABI5
AT2G17950,AT4G37930,GRN_activates,9,20067590,,SHM1
AT2G31650,AT3G56400,GRN_activates,9,31992218,,WRKY70
AT2G25000,AT4G31800,GRN_activates,9,21167067,WRKY60,
AT2G43010,AT5G43810,GRN_represses,9,37450945,,AGO10
AT4G10310,AT2G01980,GRN_represses,9,30832374,HKT1,
AT3G44680,AT4G22950,GRN_activates,9,32687569,HDA9,
AT1G69490,AT5G59220,GRN_activates,9,23066145,NAC029,SAG113
AT5G60910,AT2G18010,GRN_represses,9,34746701,AGL8,
AT2G46830,AT5G44190,GRN_activates,9,33830198,CCA1,GLK2
AT1G19350,AT2G46830,GRN_represses,9,32947126,,CCA1
AT1G71720,ATCG00490,GRN_activates,9,24053212,,RBCL
AT5G12870,AT5G44030,GRN_activates,9,31191566,MYB46,CESA4
AT1G02900,AT4G33430,GRN_activates,9,29028796,RALF1,
AT5G64890,AT5G64900,GRN_activates,9,30481340,,PEP1
AT3G11410,AT4G22200,GRN_represses,8,29767755,,AKT2
AT3G57050,AT2G26650,GRN_activates,8,33317525,,AKT1
AT1G12910,AT5G24470,GRN_activates,8,24592314,,APRR5
AT5G08330,AT2G46830,GRN_represses,8,33138078,,CCA1
AT5G59320,AT5G62470,GRN_activates,8,34484262,LTP3,MYB96
AT2G47460,AT3G51240,GRN_activates,8,35811570,,F3H
AT4G09820,AT5G42800,GRN_activates,8,27790239,TT8,DFRA
AT2G22300,AT3G48090,GRN_represses,8,28018374,CAMTA3,
AT4G14605,ATCG01100,GRN_activates,8,32343843,,NDHA
AT3G26744,AT3G23250,GRN_represses,8,25479236,,MYB15
AT4G37930,AT4G08150,GRN_activates,8,24776954,SHM1,KNAT1
AT1G33240,AT1G04110,GRN_represses,8,27245096,AT-GTL1,
AT3G24650,AT1G18100,GRN_represses,8,31002698,ABI3,MFT
AT1G13260,AT2G40220,GRN_represses,8,26829043,RAV1,
AT1G27730,AT4G19690,GRN_represses,8,37372512,ZAT10,
AT5G64900,AT5G14740,GRN_activates,8,33142885,PEP1,
AT3G25800,AT1G32640,GRN_regulates,8,28835670,,MYC2
AT3G26744,AT4G25490,GRN_activates,8,26522658,,DREB1B
AT2G40220,AT3G22370,GRN_represses,8,26163700,,AOX1A
AT2G47190,AT2G34208,GRN_activates,8,33281841,ATMYB2,
AT3G02150,AT3G61890,GRN_represses,8,31748815,,ATHB-12
AT1G02340,AT3G59060,GRN_represses,8,32068156,,PIF5
AT5G20910,AT3G24650,GRN_represses,8,23951086,,ABI3
AT3G24650,AT3G26790,GRN_regulates,8,32824274,ABI3,
AT2G30580,AT5G05410,GRN_regulates,8,28955347,,DREB2A
AT1G06770,AT5G05410,GRN_regulates,8,28955347,DRIP1,DREB2A
AT3G16500,AT3G51240,GRN_activates,8,21408135,,F3H
AT2G38470,AT4G11280,GRN_activates,8,32872315,WRKY33,
AT5G24520,AT4G22880,GRN_activates,8,33815441,,LDOX
AT1G21970,AT1G28300,GRN_activates,8,34039265,NFYB9,
AT3G51770,AT5G36880,GRN_represses,8,24836325,ETO1,ACS
AT2G46830,AT5G02810,GRN_activates,8,23555899,CCA1,
AT4G24470,AT2G43010,GRN_activates,8,36301462,ZIM,
AT1G69120,AT4G24540,GRN_represses,8,32220954,AP1,AGL24
AT1G32640,AT2G40670,GRN_represses,8,31788657,MYC2,
AT1G21970,AT3G54320,GRN_activates,8,31336651,NFYB9,
AT4G30080,AT3G24650,GRN_activates,8,35318532,,ABI3
AT2G32950,AT1G73590,GRN_activates,8,24616725,,PIN1
AT4G37930,AT3G15170,GRN_activates,8,28934292,SHM1,
AT1G77080,AT2G45660,GRN_represses,8,23770815,,SOC1
AT3G01090,AT5G28770,GRN_activates,8,31052578,,BZIP63
AT4G12560,AT4G16890,GRN_represses,8,25303634,,SNC1
AT1G25580,AT4G37490,GRN_activates,8,34079040,,CYCB1-1
AT1G75080,AT5G43810,GRN_represses,8,37450945,,AGO10
AT1G66725,AT1G66700,GRN_represses,8,28401908,,PXMT1
AT2G40220,AT4G10310,GRN_represses,8,26157451,,HKT1
AT5G11260,AT1G64780,GRN_represses,8,26259199,,AMT1-2
AT5G10140,AT2G36270,GRN_activates,8,23307919,,ABI5
AT5G53950,AT1G73590,GRN_activates,8,34122465,,PIN1
AT3G61850,AT1G15550,GRN_represses,8,27613195,DAG1,
AT4G38960,AT2G46830,GRN_represses,8,34164694,,CCA1
AT5G39610,AT1G01480,GRN_activates,8,26218222,NAC92,
AT3G24650,AT5G54070,GRN_activates,8,35986244,ABI3,HSFA9
AT2G38470,AT3G14230,GRN_activates,8,34030628,WRKY33,RAP2-2
AT5G61890,AT2G37040,GRN_activates,8,35340106,,PAL1
AT5G28640,AT1G55600,GRN_represses,8,27857719,GIF1,
AT4G35600,AT5G54310,GRN_represses,8,27818674,CONNEXIN 32,
AT4G28520,AT5G46700,GRN_represses,8,34828269,CRC,TRN2
AT5G12870,AT1G16490,GRN_activates,7,31245671,MYB46,
AT5G12870,AT1G79180,GRN_activates,7,31245671,MYB46,
AT4G33000,AT2G26650,GRN_represses,7,27458473,,AKT1
AT5G42900,AT5G24470,GRN_represses,7,37017001,,APRR5
AT5G63580,AT4G33430,GRN_activates,7,24237140,FLS2,
AT1G06040,AT2G45660,GRN_activates,7,36507446,,SOC1
AT5G63860,AT5G13930,GRN_activates,7,35811570,,CHS
AT3G03450,AT2G36270,GRN_activates,7,32012796,,ABI5
AT2G45660,AT4G34400,GRN_activates,7,30946745,SOC1,
AT5G67300,AT3G56400,GRN_activates,7,23596456,,WRKY70
AT1G32640,AT3G25800,GRN_represses,7,25788731,MYC2,
AT1G19850,AT5G58465,GRN_activates,7,36875577,ARF5,
AT5G35550,AT5G42800,GRN_activates,7,34477986,,DFRA
AT5G49330,AT5G13930,GRN_activates,7,25911741,,CHS
AT2G45190,AT5G60910,GRN_activates,7,23133401,YAB1,AGL8
AT5G13790,AT1G01040,GRN_represses,7,35203367,AGL15,
AT5G60410,AT5G63110,GRN_represses,7,34831226,,HDA6
AT4G34410,AT4G13260,GRN_activates,7,35164655,ERF109,
AT4G12400,AT2G39940,GRN_regulates,7,34618051,HOP3,
AT5G64900,AT3G25800,GRN_activates,7,33142885,PEP1,
AT1G32640,AT1G06160,GRN_represses,7,22645537,MYC2,ERF094
AT1G04240,AT1G73590,GRN_represses,7,34134976,SHY2,PIN1
AT1G20090,AT1G73590,GRN_represses,7,20887895,,PIN1
AT2G47270,AT1G57560,GRN_represses,7,38134185,UPB1,
AT2G25180,AT1G04240,GRN_activates,7,28426669,,SHY2
AT1G12980,AT4G37930,GRN_activates,7,30446629,,SHM1
AT1G52890,AT1G74710,GRN_represses,7,33617121,NAC019,
AT5G03720,AT2G47180,GRN_activates,7,27109422,,GOLS1
AT5G03720,AT1G56600,GRN_activates,7,27109422,,GOLS2
AT5G04340,AT4G23100,GRN_activates,7,31466344,ZAT6,
AT4G17810,AT3G54340,GRN_represses,7,37216511,,AP3
AT3G27010,AT3G45140,GRN_regulates,7,34880892,,LOX2
AT1G34190,AT1G32870,GRN_activates,7,36463409,,ANAC13
AT2G02820,AT1G70940,GRN_regulates,7,26578169,,PIN3
AT4G27330,AT5G60910,GRN_activates,7,25745430,,AGL8
AT4G27410,AT1G19350,GRN_represses,7,35909730,RD26,
AT1G32640,AT3G20840,GRN_represses,7,26287175,MYC2,
AT3G22170,AT4G39800,GRN_activates,7,32647331,,IPS1
AT5G22500,AT4G39800,GRN_activates,7,32647331,FAR1,IPS1
AT2G40220,AT1G73590,GRN_represses,7,32824274,,PIN1
AT5G18830,AT3G46900,GRN_activates,7,35806241,,COPT2
AT5G55390,AT3G07610,GRN_activates,7,32925902,EDM2,
AT1G34370,AT5G50760,GRN_represses,7,38161730,,
AT2G42200,AT2G45660,GRN_activates,7,27541584,SPL9,SOC1
AT4G36540,AT1G74670,GRN_activates,7,33963401,BEE2,GASA6
AT3G18550,AT2G18550,GRN_activates,7,34827097,,ATHB-21
AT1G32640,AT2G46340,GRN_represses,7,34276733,MYC2,
AT1G14750,AT1G47128,GRN_activates,7,22396764,,RD21A
AT5G20720,AT1G80840,GRN_regulates,7,23783410,CPN20,WRKY40
AT1G71030,AT5G42800,GRN_represses,7,29104579,ATMYBL2,DFRA
AT5G65310,AT1G04550,GRN_represses,7,23682118,ATHB-5,
AT5G60910,AT3G58780,GRN_represses,7,27776173,AGL8,
AT1G02900,AT3G51550,GRN_activates,7,34608971,RALF1,
AT1G69490,AT2G27150,GRN_activates,7,32508856,NAC029,
AT5G13080,AT1G74710,GRN_activates,7,31057583,WRKY75,
AT3G51850,AT5G46240,GRN_represses,7,26122404,,KAT1
AT2G42200,AT3G18550,GRN_activates,7,32327664,SPL9,
AT3G54610,AT5G03545,GRN_activates,7,31401648,HAG1,AT4
AT4G36930,AT2G36270,GRN_activates,7,35318532,,ABI5
AT2G38470,AT5G27420,GRN_activates,7,34618142,WRKY33,ATL31
AT4G27330,AT1G69120,GRN_activates,7,30382087,,AP1
AT1G01720,AT5G39610,GRN_activates,7,34777451,,NAC92
AT1G19350,AT2G36270,GRN_represses,7,34440762,,ABI5
AT5G04510,AT3G25250,GRN_activates,7,33620564,,OXI1
AT1G14900,AT5G10140,GRN_represses,7,34117065,HMGA,
AT1G19850,AT1G73590,GRN_activates,7,37450945,ARF5,PIN1
AT5G39610,AT1G11190,GRN_activates,7,35409227,NAC92,ENDO1
AT1G01720,AT3G14440,GRN_activates,7,23951554,,NCED3
AT2G43010,AT5G44190,GRN_represses,7,32296455,,GLK2
AT3G61850,AT2G29090,GRN_represses,7,27613195,DAG1,
AT5G09230,AT3G52430,GRN_represses,7,20573705,,PAD4
AT1G69690,AT1G75040,GRN_activates,7,30154809,TCP15,PR5
AT5G52310,AT4G25480,GRN_activates,7,27683092,RD29A,
AT5G41835,AT5G13800,GRN_represses,7,29386641,,PPH
AT1G33760,AT3G23240,GRN_represses,7,25534944,ERF022,
AT2G21650,AT2G36270,GRN_activates,7,30566447,RL2,ABI5
AT1G77300,AT3G47340,GRN_represses,7,18387196,EFS,ASN1
AT5G24800,AT2G35010,GRN_activates,7,28184497,BZIP9,
AT4G37650,AT4G30280,GRN_activates,7,35249891,,XTH18
AT4G37650,AT5G57560,GRN_activates,7,35249891,,XTH22
AT4G37650,AT4G30270,GRN_activates,7,35249891,,XTH24
AT2G43410,AT4G16860,GRN_regulates,7,33904405,,RPP4
AT5G66070,AT1G02205,GRN_activates,7,34764971,,CER1
AT3G11410,AT5G37500,GRN_represses,7,30736441,,GORK
AT3G24650,AT1G03790,GRN_activates,7,36092418,ABI3,SOM
AT3G27010,AT4G37490,GRN_regulates,6,17487278,,CYCB1-1
AT3G52450,AT1G01360,GRN_regulates,6,35546519,PUB22,
AT2G35930,AT1G01360,GRN_regulates,6,35546519,PUB23,
AT3G56400,AT2G31650,GRN_regulates,6,33332564,WRKY70,
AT2G44745,AT3G61910,GRN_regulates,6,28720072,WRKY12,NAC066
AT4G17615,AT4G13420,GRN_activates,6,27458473,CBL1,
AT1G30270,AT1G12110,GRN_represses,6,28240777,,NPF6.3
AT1G01140,AT4G13420,GRN_activates,6,33595056,CIPK9,
AT4G38130,AT2G46830,GRN_represses,6,28345627,HDA19,CCA1
AT3G09600,AT2G40080,GRN_activates,6,24592314,RVE8,
AT5G24470,AT2G43010,GRN_represses,6,33138078,APRR5,
AT1G28300,AT5G13790,GRN_activates,6,31307397,,AGL15
AT1G75080,AT2G43060,GRN_represses,6,35406652,,IBH1
AT5G07310,AT5G65870,GRN_activates,6,26721386,,PSK5
AT1G45249,AT1G05100,GRN_activates,6,36841482,ABF2,MAPKKK18
AT4G34000,AT1G05100,GRN_activates,6,36841482,,MAPKKK18
AT1G45249,AT2G22190,GRN_activates,6,32167237,ABF2,
AT5G60410,AT2G36270,GRN_represses,6,34222769,,ABI5
AT5G56860,AT2G45660,GRN_represses,6,25755661,,SOC1
AT1G69120,AT2G22540,GRN_represses,6,26528302,AP1,
AT3G18165,AT4G16890,GRN_represses,6,26865731,,SNC1
AT3G16500,AT4G09820,GRN_activates,6,27790239,,TT8
AT4G38130,AT1G21970,GRN_regulates,6,35269485,HDA19,NFYB9
AT4G14605,ATCG00580,GRN_activates,6,32343843,,PSBE
AT4G00180,AT5G60910,GRN_activates,6,23133401,YAB3,AGL8
AT5G24120,ATCG00020,GRN_activates,6,27135509,,PSBA
AT3G24280,AT2G36270,GRN_activates,6,35255820,,ABI5
AT5G13960,AT4G08150,GRN_represses,6,36828846,,KNAT1
AT5G63110,AT5G52310,GRN_represses,6,26666962,HDA6,RD29A
AT5G13790,AT4G20910,GRN_represses,6,35203367,AGL15,
AT1G25540,AT1G32640,GRN_activates,6,29746533,,MYC2
AT2G39940,AT1G32640,GRN_activates,6,37759768,,MYC2
AT1G19180,AT1G32640,GRN_represses,6,38085407,,MYC2
AT1G32640,AT1G19180,GRN_activates,6,31795159,MYC2,
AT3G20770,AT5G63580,GRN_activates,6,24586453,,FLS2
AT2G17890,AT4G25590,GRN_activates,6,37011088,CPK16,ADF7
AT1G20090,AT2G33460,GRN_activates,6,20887895,,RIC1
AT1G02220,AT2G24820,GRN_represses,6,29937503,NAC003,
AT1G24590,AT4G37930,GRN_activates,6,34638958,,SHM1
AT4G28500,AT1G32770,GRN_activates,6,23815750,NAC073,NAC012
AT5G64340,AT5G19530,GRN_represses,6,25625317,,ACL5
AT2G40170,AT2G36270,GRN_represses,6,33537040,EM6,ABI5
AT2G46400,AT1G08430,GRN_represses,6,35958220,WRKY46,ALMT1
AT2G41940,AT3G54340,GRN_represses,6,37216511,ZFP8,AP3
AT4G04450,AT3G23430,GRN_represses,6,33281841,,PHO1
AT1G71002,AT1G71030,GRN_represses,6,32560581,,ATMYBL2
AT3G59060,AT4G16780,GRN_activates,6,31455029,PIF5,
AT2G46830,AT5G08790,GRN_regulates,6,31639820,CCA1,
AT2G45660,AT4G24540,GRN_activates,6,37111878,SOC1,AGL24
AT5G30510,AT2G26150,GRN_represses,6,31944575,RPS1,
AT1G32230,AT1G32870,GRN_represses,6,34618107,,ANAC13
AT3G59060,AT4G32280,GRN_regulates,6,25600997,PIF5,IAA29
AT1G52890,AT5G51070,GRN_activates,6,34398879,NAC019,CLPD
AT2G28830,AT5G63580,GRN_activates,6,25435802,,FLS2
AT5G63110,AT4G18710,GRN_represses,6,35909730,HDA6,
AT2G22770,AT3G09260,GRN_activates,6,23155454,NAI1,BGLU23
AT5G67320,AT5G03740,GRN_activates,6,29784800,,HDT3
AT5G12870,AT1G62990,GRN_activates,6,31623554,MYB46,KNAT7
AT5G20730,AT2G45420,GRN_activates,6,30704405,NPH4,
AT1G19850,AT4G32880,GRN_activates,6,24009617,ARF5,
AT2G41100,AT2G34650,GRN_regulates,6,34402905,CML12,
AT3G25250,AT3G45640,GRN_activates,6,32872315,OXI1,
AT3G25250,AT2G43790,GRN_activates,6,32872315,OXI1,
AT2G39940,AT4G24470,GRN_activates,6,24277277,,ZIM
AT2G45650,AT5G10140,GRN_represses,6,30728422,AGL6,
AT4G27330,AT2G45660,GRN_activates,6,30728422,,SOC1
AT1G47710,AT1G47128,GRN_represses,6,22396764,,RD21A
AT3G54610,AT5G57800,GRN_activates,6,29506042,HAG1,CER3
AT1G32770,AT1G62990,GRN_activates,6,22639662,NAC012,KNAT7
AT5G20730,AT3G58190,GRN_activates,6,26819087,NPH4,
AT5G13790,AT3G57390,GRN_represses,6,33924312,AGL15,
AT1G68050,AT3G25690,GRN_activates,6,36771626,ADO3,
AT5G56580,AT4G01370,GRN_activates,6,30203878,MKK6,
AT5G28770,AT3G01090,GRN_regulates,6,34053087,BZIP63,
AT5G09410,AT4G25490,GRN_activates,6,35960653,,DREB1B
AT3G51800,AT3G26090,GRN_activates,6,28747924,ATG2,
AT5G10510,AT3G20840,GRN_activates,6,35605192,AIL6,
AT2G22670,AT3G24650,GRN_represses,6,32153614,IAA8,ABI3
AT2G43790,AT5G12870,GRN_represses,6,33826618,,MYB46
AT2G45660,AT5G03840,GRN_represses,6,24787903,SOC1,
AT2G43010,AT4G22920,GRN_activates,6,32508856,,SGR1
AT3G01310,AT2G14610,GRN_activates,6,31199821,,PR1
AT4G18390,AT5G11260,GRN_activates,6,28683099,TCP2,
AT4G18390,AT3G17609,GRN_activates,6,28683099,TCP2,
AT1G32640,AT3G50310,GRN_activates,6,36818282,MYC2,MAPKKK20
AT1G32640,AT1G29930,GRN_represses,6,23646119,MYC2,LHCB1.3
AT1G32640,AT4G28720,GRN_activates,6,34575927,MYC2,
AT1G30330,AT5G37020,GRN_activates,6,34575927,ARF6,ARF8
AT5G48850,AT5G61420,GRN_represses,6,34618078,SDI1,MYB28
AT1G80840,AT4G31800,GRN_regulates,6,23516362,WRKY40,
AT2G22300,AT5G26920,GRN_represses,6,26973658,CAMTA3,CBP60G
AT2G22300,AT4G14350,GRN_represses,6,26973658,CAMTA3,
AT2G45190,AT5G16560,GRN_activates,6,23025792,YAB1,
AT2G28550,AT3G27920,GRN_represses,6,37047669,RAP2.7,
AT2G05520,AT1G21250,GRN_activates,6,26748394,GRP3,WAK1
AT3G22170,AT2G36270,GRN_activates,6,24586210,,ABI5
AT5G22500,AT2G36270,GRN_activates,6,24586210,FAR1,ABI5
AT5G22500,AT1G69740,GRN_activates,6,34777451,FAR1,
AT5G47220,AT3G25800,GRN_activates,6,22563431,ERF2,
AT2G36270,AT4G21120,GRN_activates,6,34440762,ABI5,
AT4G36930,AT1G18100,GRN_represses,6,30061395,,MFT
AT2G18790,AT3G59060,GRN_represses,6,24420574,,PIF5
AT1G12860,AT4G25490,GRN_activates,6,25019620,,DREB1B
AT2G25000,AT1G80840,GRN_activates,6,21167067,WRKY60,WRKY40
AT5G67060,AT1G70940,GRN_activates,6,37834339,,PIN3
AT1G19850,AT5G43810,GRN_activates,6,37450945,ARF5,AGO10
AT1G19850,AT5G61850,GRN_activates,6,37450945,ARF5,
AT1G60940,AT2G38470,GRN_regulates,6,37621885,,WRKY33
AT1G60940,AT1G80840,GRN_regulates,6,37621885,,WRKY40
AT1G56650,AT5G13930,GRN_activates,6,32552683,MYB75,CHS
AT2G34650,AT1G70940,GRN_regulates,6,24465665,,PIN3
AT3G44680,AT4G19230,GRN_represses,6,32158458,HDA9,
AT1G04400,AT5G65020,GRN_represses,6,34887887,,ANN2
AT5G11260,AT2G15620,GRN_activates,6,26259199,,NIR1
AT1G71692,AT2G45660,GRN_activates,6,37628953,,SOC1
AT3G57920,AT5G60910,GRN_activates,6,30930912,,AGL8
AT3G23250,AT4G25480,GRN_represses,6,33250782,MYB15,
AT2G33810,AT2G45660,GRN_activates,6,32157303,SPL3,SOC1
AT2G38170,AT5G14740,GRN_represses,6,28645169,CAX1,
AT3G51860,AT5G14740,GRN_represses,6,28645169,CAX3,
AT1G28300,AT5G47670,GRN_activates,6,24363987,,NFYB6
AT2G32950,AT1G75540,GRN_activates,6,27685091,,BBX21
AT1G47710,AT5G04200,GRN_represses,6,36769030,,AMC9
AT3G20770,AT4G13250,GRN_activates,6,26218222,,NYC1
AT5G39610,AT5G04900,GRN_activates,6,26218222,NAC92,
AT5G02770,AT4G16890,GRN_represses,6,23526740,,SNC1
AT2G30520,AT3G45780,GRN_represses,6,34646282,RPT2,
AT3G10500,AT5G42650,GRN_regulates,6,24323506,,CYP74A
AT3G10500,AT3G25780,GRN_regulates,6,24323506,,AOC3
AT3G10500,AT2G06050,GRN_regulates,6,24323506,,OPR3
AT3G10500,AT1G20510,GRN_regulates,6,24323506,,4CLL5
AT4G32810,AT3G55990,GRN_represses,6,31245725,,ESK1
AT2G47190,AT5G50260,GRN_activates,6,35408924,ATMYB2,CEP1
AT2G31380,AT5G11260,GRN_represses,6,33367254,BBX25,
AT3G19580,AT2G35010,GRN_represses,6,28184497,AZF2,
AT3G51550,AT2G36270,GRN_represses,6,35435236,,ABI5
AT5G46845,AT3G61830,GRN_represses,6,35371172,,ARF18
AT5G44870,AT2G34690,GRN_represses,6,32170798,LAZ5,
AT3G54220,AT5G57620,GRN_activates,6,27583367,,MYB36
AT5G62470,AT5G59320,GRN_regulates,6,27933075,MYB96,LTP3
AT3G05020,AT3G54320,GRN_activates,6,26253704,ACP1,
AT4G31120,AT3G15500,GRN_represses,6,29253181,,NAC055
AT5G46960,AT2G35670,GRN_activates,6,29441087,PMEI12,
AT4G23810,AT5G27420,GRN_activates,6,29453355,WRKY53,ATL31
AT1G34180,AT4G22920,GRN_activates,6,27021284,anac016,SGR1
AT5G57360,AT5G13630,GRN_activates,6,36176682,,CHLH
AT2G31400,AT2G20570,GRN_represses,6,35322876,,GPRI1
AT2G13790,AT4G39400,GRN_represses,5,26528315,SERK4,
AT5G12870,AT5G03760,GRN_activates,5,25535195,MYB46,CSLA9
AT3G13890,AT2G46770,GRN_activates,5,33332564,MYB26,NAC043
AT3G13890,AT3G61910,GRN_activates,5,33332564,MYB26,NAC066
AT5G63715,AT1G52150,GRN_represses,5,30974865,,ATHB-15
AT5G02840,AT5G24470,GRN_activates,5,24592314,,APRR5
AT4G33980,AT5G24470,GRN_represses,5,37017001,,APRR5
AT4G12570,AT4G23810,GRN_activates,5,32038695,,WRKY53
AT1G76500,AT4G28720,GRN_represses,5,35965321,AHL29,
AT3G24650,AT1G21970,GRN_represses,5,35845633,ABI3,NFYB9
AT5G63580,AT2G39660,GRN_activates,5,30518761,FLS2,
AT4G28460,AT1G09970,GRN_activates,5,34535661,,LRR XI-23
AT2G39660,AT5G63580,GRN_regulates,5,36652487,,FLS2
AT3G19290,AT1G05100,GRN_activates,5,36841482,,MAPKKK18
AT3G51300,AT1G04450,GRN_activates,5,15824136,ARAC11,RIC3
AT1G04450,AT5G14740,GRN_activates,5,15824136,RIC3,
AT1G30950,AT3G54340,GRN_activates,5,26528302,,AP3
AT3G06930,AT1G07890,GRN_activates,5,31250033,,APX1
AT5G26920,AT3G16500,GRN_represses,5,28253311,CBP60G,
AT3G16500,AT4G22880,GRN_activates,5,32584850,,LDOX
AT5G61420,AT5G07690,GRN_activates,5,26029237,MYB28,MYB29
AT4G38130,AT5G17430,GRN_represses,5,35269485,HDA19,
AT5G35330,AT3G43210,GRN_regulates,5,38225352,MBD2,
AT4G25490,AT2G42540,GRN_activates,5,35163716,DREB1B,COR15A
AT4G25480,AT5G52310,GRN_activates,5,35163716,,RD29A
AT3G62610,AT5G13930,GRN_activates,5,25911741,,CHS
AT5G49330,AT3G51240,GRN_activates,5,25911741,,F3H
AT5G49330,AT5G08640,GRN_activates,5,24672406,,FLS1
ATMG00290,AT3G48090,GRN_activates,5,32708160,RPS4,
AT2G01940,AT1G73590,GRN_activates,5,32498388,,PIN1
AT5G63110,AT5G65070,GRN_represses,5,33575615,HDA6,
AT5G63110,AT5G65080,GRN_represses,5,33575615,HDA6,
AT1G65620,AT4G08150,GRN_represses,5,23271976,,KNAT1
AT3G28910,AT3G59060,GRN_activates,5,34884771,,PIF5
AT1G62300,AT1G13260,GRN_represses,5,26829043,WRKY6,RAV1
AT3G10520,AT1G32640,GRN_represses,5,28199692,AHB2,MYC2
AT3G10520,AT1G73590,GRN_activates,5,28199692,AHB2,PIN1
AT1G15750,AT1G32640,GRN_represses,5,23382734,,MYC2
AT4G27410,AT1G74710,GRN_represses,5,33613599,RD26,
AT5G13080,AT1G06160,GRN_activates,5,33165597,WRKY75,ERF094
AT2G35000,AT3G22231,GRN_regulates,5,35056016,,PCC1
AT5G57620,AT5G42180,GRN_activates,5,33986765,MYB36,PER64
AT4G37650,AT5G57620,GRN_activates,5,30602700,,MYB36
AT1G57560,AT2G47270,GRN_represses,5,38134185,,UPB1
AT1G19850,AT3G11260,GRN_activates,5,28426669,ARF5,
AT5G14545,AT1G08830,GRN_represses,5,22962679,,CSD1
AT1G34180,AT1G45249,GRN_represses,5,28640975,anac016,ABF2
AT2G47015,AT5G05390,GRN_represses,5,34707625,,LAC12
AT1G28470,AT2G24820,GRN_represses,5,29937503,NAC010,
AT4G00885,AT1G52150,GRN_represses,5,29236054,,ATHB-15
AT1G80840,AT4G23130,GRN_represses,5,27406784,WRKY40,
AT3G15500,AT1G74710,GRN_represses,5,33617121,NAC055,
AT1G25550,AT1G08090,GRN_regulates,5,29636481,HHO3,
AT1G69310,AT3G14440,GRN_activates,5,37098465,,NCED3
AT2G34208,AT1G09340,GRN_represses,5,33281841,,CRB
AT1G12110,AT4G24400,GRN_regulates,5,29780398,NPF6.3,
AT1G12110,AT1G30270,GRN_regulates,5,29780398,NPF6.3,
AT4G18390,AT5G41663,GRN_regulates,5,29570883,TCP2,
AT5G41315,AT4G01060,GRN_activates,5,19247443,,ETC3
AT3G27920,AT4G01060,GRN_activates,5,19247443,,ETC3
AT5G23060,AT5G14740,GRN_activates,5,28983313,CAS,
AT2G46830,AT5G62430,GRN_activates,5,25600997,CCA1,
AT2G47190,AT5G25610,GRN_activates,5,34398879,ATMYB2,RD22
AT1G13980,AT1G70940,GRN_regulates,5,28798760,GN,PIN3
AT4G25490,AT4G25470,GRN_represses,5,37674317,DREB1B,DREB1C
AT5G06950,AT2G29420,GRN_activates,5,34599589,,GSTU7
AT1G71200,AT3G46900,GRN_activates,5,35806241,,COPT2
AT1G19850,AT3G25710,GRN_regulates,5,32929017,ARF5,
AT5G04275,AT2G42200,GRN_activates,5,27541584,,SPL9
AT3G62410,AT1G32060,GRN_activates,5,28430985,CP12-2,PRK
AT1G64860,ATCG00350,GRN_represses,5,31639823,SIGA,PSAA
AT5G24520,AT4G09820,GRN_activates,5,33815441,,TT8
AT4G34590,AT3G47340,GRN_activates,5,29938110,BZIP11,ASN1
AT2G42200,AT1G02205,GRN_activates,5,35147189,SPL9,CER1
AT3G63010,AT5G27320,GRN_represses,5,31245748,GID1B,
AT1G32640,AT5G11260,GRN_activates,5,34276733,MYC2,
AT2G36270,AT5G39610,GRN_activates,5,36617439,ABI5,NAC92
AT3G54610,AT2G29980,GRN_regulates,5,29506042,HAG1,FAD3
AT1G64280,AT3G57260,GRN_activates,5,19432948,,BGL2
AT2G13810,AT2G14610,GRN_activates,5,32582226,ALD1,PR1
AT4G37930,AT5G53950,GRN_activates,5,35984299,SHM1,
AT5G13790,AT3G26790,GRN_activates,5,33924312,AGL15,
AT5G13790,AT2G22540,GRN_regulates,5,33924312,AGL15,
AT5G60910,AT2G42830,GRN_represses,5,27776173,AGL8,SHP2
AT3G56400,AT3G25800,GRN_represses,5,28837631,WRKY70,
AT1G32640,AT1G80100,GRN_activates,5,28860478,MYC2,
AT5G52310,AT2G36490,GRN_activates,5,22676624,RD29A,
AT2G22300,AT4G25470,GRN_activates,5,35960653,CAMTA3,DREB1C
AT1G68120,AT2G46830,GRN_represses,5,35693178,,CCA1
AT3G59060,AT1G02340,GRN_regulates,5,32508856,PIF5,
AT2G32950,AT3G23090,GRN_activates,5,30941890,,
AT5G67320,AT4G16890,GRN_represses,5,31854111,,SNC1
AT1G32640,AT1G04180,GRN_activates,5,34575927,MYC2,
AT1G53160,AT5G61850,GRN_activates,5,30165491,SPL4,
AT1G53160,AT5G60910,GRN_activates,5,30165491,SPL4,AGL8
AT1G53160,AT1G69120,GRN_activates,5,30165491,SPL4,AP1
AT3G15270,AT5G60910,GRN_activates,5,30165491,,AGL8
AT3G15270,AT1G69120,GRN_activates,5,30165491,,AP1
AT5G13080,AT4G35090,GRN_represses,5,31057583,WRKY75,
AT2G45660,AT2G22540,GRN_represses,5,25979999,SOC1,
AT5G22500,AT1G07200,GRN_activates,5,32327664,FAR1,
AT3G54320,AT1G21970,GRN_regulates,5,31336651,,NFYB9
AT2G31380,AT1G78600,GRN_represses,5,35139889,BBX25,
AT5G53210,AT1G07890,GRN_represses,5,36028510,,APX1
AT3G24650,AT4G22920,GRN_activates,5,35318532,ABI3,SGR1
AT3G24650,AT2G17090,GRN_activates,5,35318532,ABI3,
AT2G19990,AT5G20730,GRN_regulates,5,34073675,,NPH4
AT5G02810,AT2G46830,GRN_represses,5,35003158,,CCA1
AT5G64900,AT1G73080,GRN_activates,5,25188390,PEP1,
AT2G38470,AT1G08430,GRN_represses,5,34502184,WRKY33,ALMT1
AT4G36930,AT1G70940,GRN_activates,5,30555499,,PIN3
AT5G28770,AT2G46790,GRN_activates,5,31052578,BZIP63,
AT2G28550,AT5G04275,GRN_activates,5,24966167,RAP2.7,
AT2G17950,AT1G19050,GRN_represses,5,20802224,,ARR7
AT1G04400,AT4G34530,GRN_activates,5,29860272,,BHLH63
AT5G49450,AT3G47340,GRN_activates,5,26452049,,ASN1
AT5G64900,AT1G17750,GRN_activates,5,30907222,PEP1,
AT1G04400,AT2G46830,GRN_activates,5,35551190,,CCA1
AT2G32950,AT2G36270,GRN_activates,5,35199338,,ABI5
AT4G10180,AT1G29920,GRN_represses,5,22908040,,LHCB1.1
AT5G67060,AT1G73590,GRN_activates,5,37834339,,PIN1
AT3G53920,ATCG00700,GRN_regulates,5,20040062,,PSBN
AT1G60940,AT5G13080,GRN_regulates,5,37621885,,WRKY75
AT3G58780,AT5G67110,GRN_activates,5,28331573,,ALC
AT1G56650,AT5G42800,GRN_activates,5,32552683,MYB75,DFRA
AT5G64770,AT5G63580,GRN_activates,5,35229426,RGF9,FLS2
AT4G25480,AT4G25470,GRN_represses,5,28051152,,DREB1C
AT2G30950,AT4G33630,GRN_regulates,5,36420020,VAR2,
AT1G78080,AT1G04220,GRN_activates,5,32719695,,KCS2
AT3G44460,AT2G29980,GRN_regulates,5,35388372,,FAD3
AT3G44460,AT4G34520,GRN_activates,5,35388372,,FAE1
AT5G59820,AT4G25480,GRN_represses,5,33250782,ZAT12,
AT5G62470,AT2G40220,GRN_regulates,5,31997111,MYB96,
AT4G38130,AT1G14750,GRN_activates,5,30526484,HDA19,
AT3G20770,AT4G22920,GRN_activates,5,37239857,,SGR1
AT2G22540,AT5G51810,GRN_represses,5,32157303,,GA20OX2
AT3G52430,AT1G64280,GRN_activates,5,19144005,PAD4,
AT2G42200,AT1G69120,GRN_activates,5,31905863,SPL9,AP1
AT2G45660,AT2G33810,GRN_regulates,5,31905863,SOC1,SPL3
AT1G73730,AT5G48850,GRN_represses,5,27730214,,SDI1
AT2G17950,AT1G21970,GRN_activates,5,33113787,,NFYB9
AT4G26440,AT2G32460,GRN_represses,5,29616054,,MYB101
AT5G10510,AT1G51190,GRN_activates,5,35224628,AIL6,
AT3G44680,AT4G23810,GRN_represses,5,32687569,HDA9,WRKY53
AT4G38960,AT3G09600,GRN_represses,5,34164694,,RVE8
AT4G09960,AT2G47670,GRN_activates,5,36432874,STK,
AT1G19350,AT5G36880,GRN_represses,5,29324765,,ACS
AT1G75080,AT5G36880,GRN_represses,5,29324765,,ACS
AT2G27350,AT2G41225,GRN_represses,5,36650214,,
AT5G63860,AT3G59060,GRN_represses,5,32392219,,PIF5
AT3G54610,AT2G17950,GRN_represses,5,33922251,HAG1,
AT5G61850,AT3G61250,GRN_activates,5,34290727,,AtMYB17
AT3G59060,AT2G18790,GRN_represses,5,26732823,PIF5,
AT3G26790,AT4G27160,GRN_activates,5,28702045,,AT2S3
AT2G47015,AT2G02850,GRN_regulates,5,23226412,,ARPN
AT5G10510,AT3G54340,GRN_activates,5,34013313,AIL6,AP3
AT2G38470,AT2G40540,GRN_regulates,5,32983201,WRKY33,
AT5G64900,AT3G23900,GRN_activates,5,32690890,PEP1,
AT2G42940,AT5G40730,GRN_activates,5,36672181,,AGP24
AT2G42940,AT3G01700,GRN_activates,5,36672181,,AGP11
AT2G42940,AT3G57690,GRN_activates,5,36672181,,AGP23
AT2G42940,AT3G20865,GRN_activates,5,36672181,,AGP40
AT4G18710,AT2G36270,GRN_activates,5,35154235,,ABI5
AT1G72180,AT2G38310,GRN_activates,5,31232446,CEPR2,
AT5G15170,AT2G38470,GRN_represses,5,32706429,,WRKY33
AT1G19850,AT1G26945,GRN_activates,5,29114256,ARF5,PRE6
AT5G66400,AT1G68820,GRN_activates,5,30658512,RAB18,
AT1G20450,AT1G68820,GRN_activates,5,30658512,ERD10,
AT5G15960,AT1G68820,GRN_activates,5,30658512,KIN1,
AT5G11260,AT2G21650,GRN_activates,5,30566447,,RL2
AT1G18570,AT4G39950,GRN_activates,5,32082343,MYB51,CYP79B2
AT5G03720,AT5G05410,GRN_activates,5,33171626,,DREB2A
AT1G35460,AT2G46830,GRN_represses,5,28915789,,CCA1
AT5G50440,AT2G14610,GRN_activates,5,21549312,,PR1
AT2G36270,AT1G42990,GRN_activates,5,37563456,ABI5,
AT3G51550,AT2G22770,GRN_represses,5,35435236,,NAI1
AT5G17800,AT1G61800,GRN_regulates,5,29487277,MYB56,GPT2
AT2G47015,AT5G20230,GRN_represses,5,35022242,,BCB
AT5G55910,AT1G73590,GRN_activates,5,24948515,,PIN1
AT1G55600,AT5G28640,GRN_represses,5,27857719,,GIF1
AT3G44680,AT5G61380,GRN_represses,5,33916408,HDA9,
AT5G43810,AT4G37930,GRN_activates,5,33232670,AGO10,SHM1
AT1G09570,AT1G36060,GRN_represses,5,35351902,,ERF055
AT2G04550,AT1G73590,GRN_activates,5,31505781,,PIN1
AT3G15380,AT1G73590,GRN_regulates,5,29283991,,PIN1
AT1G19350,AT2G47270,GRN_represses,5,32609718,,UPB1
AT4G36920,AT2G45660,GRN_represses,5,25187180,,SOC1
AT1G24520,AT1G25580,GRN_activates,5,36578335,BCP1,
AT2G36270,AT4G13250,GRN_activates,5,34579353,ABI5,NYC1
AT2G34880,AT3G56400,GRN_represses,5,36226276,,WRKY70
AT5G66070,AT5G57800,GRN_activates,5,34764971,,CER3
AT3G01480,AT3G50820,GRN_represses,5,26483802,CYP38,PSBO2
AT2G46680,AT3G61890,GRN_represses,5,24884528,ATHB-7,ATHB-12
AT3G45780,AT5G64330,GRN_activates,5,34675214,,RPT3
AT5G20850,AT3G46940,GRN_activates,5,21541310,,DUT1
AT3G47600,AT5G37300,GRN_activates,5,37936930,,WSD1
AT3G56400,AT1G73805,GRN_regulates,5,29076543,WRKY70,SARD1
AT5G12870,AT4G22680,GRN_activates,4,31245671,MYB46,MYB85
AT3G08500,AT1G16490,GRN_regulates,4,31245671,MYB83,
AT3G08500,AT1G79180,GRN_regulates,4,31245671,MYB83,
AT5G56110,AT4G18780,GRN_activates,4,28720072,,CESA8
AT4G26570,AT1G01140,GRN_regulates,4,29767755,,CIPK9
AT1G50700,AT5G37500,GRN_activates,4,32117382,,GORK
AT4G30960,AT4G22200,GRN_regulates,4,28541442,,AKT2
AT4G27410,AT5G51070,GRN_activates,4,36710321,RD26,CLPD
AT5G52660,AT5G24470,GRN_activates,4,24592314,,APRR5
AT3G09600,AT4G25480,GRN_activates,4,37036986,RVE8,
AT5G02840,AT2G20880,GRN_activates,4,37017001,,ERF053
AT5G02840,AT4G28140,GRN_activates,4,37017001,,ERF054
AT3G54500,AT5G61380,GRN_activates,4,30577529,,
AT2G46790,AT3G54500,GRN_represses,4,33138078,,
AT2G46790,AT5G24470,GRN_represses,4,33138078,,APRR5
AT5G24470,AT3G59060,GRN_represses,4,33138078,APRR5,PIF5
AT4G23810,AT4G31800,GRN_regulates,4,32038695,WRKY53,
AT2G30250,AT2G38470,GRN_activates,4,32038695,WRKY25,WRKY33
AT1G76500,AT5G18010,GRN_represses,4,35965321,AHL29,
AT1G76500,AT1G04180,GRN_represses,4,35965321,AHL29,
AT3G25795,AT4G29080,GRN_regulates,4,21533841,,IAA27
AT3G25795,AT1G56650,GRN_activates,4,21533841,,MYB75
AT3G54320,AT3G05020,GRN_activates,4,34168663,,ACP1
AT2G26490,AT3G51300,GRN_represses,4,29968705,JGB,ARAC11
AT5G39860,AT2G43060,GRN_represses,4,33276448,PRE1,IBH1
AT4G23810,AT5G45890,GRN_activates,4,30120651,WRKY53,SAG12
AT3G54230,AT3G24650,GRN_regulates,4,25268622,SUA,ABI3
AT5G63580,AT3G45640,GRN_activates,4,30518761,FLS2,
AT1G66600,AT1G45249,GRN_activates,4,20487379,,ABF2
AT1G66600,AT1G20440,GRN_activates,4,20487379,,COR47
AT5G44610,AT1G45249,GRN_regulates,4,29568301,PCAP2,ABF2
AT3G51300,AT5G16490,GRN_activates,4,15824136,ARAC11,
AT3G48430,AT4G22920,GRN_activates,4,30969965,,SGR1
AT4G26150,AT2G45660,GRN_represses,4,25755661,,SOC1
AT1G21970,AT1G48910,GRN_activates,4,30271420,NFYB9,
AT2G36530,AT1G27730,GRN_represses,4,25479236,,ZAT10
AT4G37930,AT3G23630,GRN_activates,4,24482368,SHM1,
AT4G37930,AT1G70510,GRN_activates,4,24776954,SHM1,
AT4G37930,AT2G17950,GRN_activates,4,24776954,SHM1,
AT3G62610,AT3G51240,GRN_activates,4,25911741,,F3H
AT5G02030,AT2G45190,GRN_represses,4,23133401,,YAB1
AT3G24650,AT2G40220,GRN_activates,4,35432414,ABI3,
AT3G62610,AT5G08640,GRN_activates,4,24672406,,FLS1
AT5G02030,AT5G47500,GRN_represses,4,23148846,,PME68
AT3G24280,AT5G52310,GRN_activates,4,35255820,,RD29A
AT3G24280,AT4G10310,GRN_activates,4,35255820,,HKT1
AT4G21670,AT5G52310,GRN_activates,4,24303021,,RD29A
AT1G33240,AT1G27740,GRN_represses,4,35713645,AT-GTL1,
AT5G14740,AT1G33240,GRN_represses,4,35713645,,AT-GTL1
AT1G72930,AT3G48090,GRN_activates,4,32708160,TIR,
AT1G25250,AT1G73590,GRN_activates,4,32498388,AtIDD16,PIN1
AT2G46020,AT2G36270,GRN_represses,4,34327319,,ABI5
AT1G51950,AT5G20730,GRN_represses,4,32082353,,NPH4
AT1G62830,AT2G46830,GRN_represses,4,30124938,,CCA1
AT5G05410,AT5G52310,GRN_activates,4,20519338,DREB2A,RD29A
AT4G36920,AT5G13790,GRN_activates,4,35203367,,AGL15
AT2G46130,AT1G27730,GRN_regulates,4,29079824,,ZAT10
AT5G46760,AT3G15500,GRN_regulates,4,23382734,,NAC055
AT2G42430,AT5G20730,GRN_regulates,4,36285401,,NPH4
AT5G37020,AT4G27260,GRN_activates,4,31505771,ARF8,
AT5G64900,AT1G74710,GRN_activates,4,33142885,PEP1,
AT1G32640,AT5G24770,GRN_activates,4,22645537,MYC2,VSP2
AT2G35000,AT1G61340,GRN_regulates,4,35056016,,
AT2G19430,AT2G36270,GRN_activates,4,37476171,,ABI5
AT5G35410,AT2G38170,GRN_activates,4,20054031,,CAX1
AT5G57620,AT1G44970,GRN_activates,4,33986765,MYB36,PER9
AT2G07040,AT3G51300,GRN_activates,4,32131749,PRK2,ARAC11
AT1G69320,AT3G48100,GRN_represses,4,26821718,,ARR5
AT1G69320,AT5G62920,GRN_represses,4,26821718,,ARR6
AT3G26744,AT4G25470,GRN_activates,4,26522658,,DREB1C
AT2G46830,AT4G25480,GRN_activates,4,26522658,CCA1,
AT3G06490,AT1G02220,GRN_activates,4,35205352,,NAC003
AT5G16560,AT1G73590,GRN_represses,4,32294082,,PIN1
AT5G43810,AT5G62000,GRN_represses,4,26358077,AGO10,
AT2G25000,AT4G23130,GRN_represses,4,27406784,WRKY60,
AT4G23810,AT4G23130,GRN_activates,4,36428987,WRKY53,
AT1G10470,AT2G36270,GRN_represses,4,34065034,,ABI5
AT5G67420,AT1G08090,GRN_represses,4,36902075,LBD37,
AT3G27810,AT5G08640,GRN_activates,4,33831169,,FLS1
AT5G24520,AT2G45660,GRN_represses,4,31998554,,SOC1
AT5G67300,AT5G66400,GRN_represses,4,24828206,,RAB18
AT1G71930,AT5G12870,GRN_activates,4,35154217,,MYB46
AT1G06920,AT1G62990,GRN_represses,4,35154217,,KNAT7
AT2G16770,AT1G56430,GRN_activates,4,36348172,,NAS4
AT4G35040,AT1G56430,GRN_activates,4,32133499,,NAS4
AT2G46800,AT4G04460,GRN_activates,4,32172729,,APA3
AT1G69690,AT3G12280,GRN_activates,4,31748815,TCP15,
AT3G14440,AT5G03280,GRN_activates,4,19513806,NCED3,
AT1G12610,AT1G50960,GRN_activates,4,31848381,DREB1F,
AT4G35580,AT2G14610,GRN_represses,4,22826500,,PR1
AT4G18470,AT2G14610,GRN_represses,4,22826500,,PR1
AT1G56160,AT1G56430,GRN_activates,4,30713541,,NAS4
AT2G46830,AT1G68050,GRN_represses,4,25600997,CCA1,ADO3
AT2G46830,AT2G43010,GRN_activates,4,25600997,CCA1,
AT2G46830,AT3G59060,GRN_activates,4,25600997,CCA1,PIF5
AT5G60910,AT5G61850,GRN_activates,4,36077286,AGL8,
AT1G75080,AT5G05690,GRN_represses,4,35909730,,CYP90A1
AT1G19850,AT1G19050,GRN_represses,4,35909730,ARF5,ARR7
AT1G19850,AT1G74890,GRN_represses,4,35909730,ARF5,
AT5G60910,AT1G69120,GRN_represses,4,26697035,AGL8,AP1
AT1G64280,AT1G75040,GRN_activates,4,28801565,,PR5
AT3G46620,AT2G14610,GRN_activates,4,36498851,,PR1
AT5G59550,AT2G14610,GRN_activates,4,36498851,,PR1
AT5G17690,AT3G54340,GRN_represses,4,32365248,,AP3
AT2G22540,AT4G09960,GRN_represses,4,32824274,,STK
AT3G24650,AT1G28300,GRN_regulates,4,32824274,ABI3,
AT1G64280,AT1G28480,GRN_activates,4,26696694,,GRXC9
AT5G06950,AT3G09270,GRN_activates,4,33188435,,GSTU8
AT5G06950,AT1G17180,GRN_activates,4,33188435,,GSTU25
AT1G27360,AT1G01040,GRN_regulates,4,23997203,SPL11,
AT5G27420,AT5G28040,GRN_regulates,4,29264953,ATL31,
AT2G45350,ATCG01050,GRN_represses,4,38069311,,NDHD
AT3G09922,AT2G34208,GRN_represses,4,30498193,IPS1,
AT2G40080,AT3G59060,GRN_represses,4,37811362,,PIF5
AT5G13790,AT3G62100,GRN_activates,4,35419012,AGL15,
AT4G28500,AT5G56110,GRN_activates,4,24009617,NAC073,
AT1G32770,AT3G08500,GRN_activates,4,24009617,NAC012,MYB83
AT5G24520,AT3G51240,GRN_activates,4,33815441,,F3H
AT3G11820,AT5G46240,GRN_regulates,4,28510978,,KAT1
AT3G11260,AT4G34160,GRN_represses,4,33747009,,CYCD3-1
AT1G36060,AT1G03790,GRN_activates,4,36617439,ERF055,SOM
AT5G62470,AT1G01120,GRN_activates,4,29506042,MYB96,KCS1
AT5G62470,AT1G67730,GRN_activates,4,29506042,MYB96,
AT5G62470,AT5G57800,GRN_activates,4,29506042,MYB96,CER3
AT1G77300,AT5G57800,GRN_regulates,4,29506042,EFS,CER3
AT5G57800,AT3G54610,GRN_activates,4,29506042,CER3,HAG1
AT5G62470,AT5G13640,GRN_activates,4,31443427,MYB96,
AT1G71030,AT4G22880,GRN_represses,4,29104579,ATMYBL2,LDOX
AT3G59060,AT5G36880,GRN_activates,4,30477118,PIF5,ACS
AT1G63650,AT4G09820,GRN_activates,4,24354533,,TT8
AT1G32230,AT5G05410,GRN_regulates,4,29568302,,DREB2A
AT1G04400,AT2G28550,GRN_activates,4,34884732,,RAP2.7
AT1G04400,AT5G60120,GRN_activates,4,34884732,,TOE2
AT1G66700,AT1G66725,GRN_activates,4,31375063,PXMT1,
AT5G23260,AT2G42830,GRN_represses,4,27776173,,SHP2
AT4G08500,AT4G23810,GRN_activates,4,22268143,,WRKY53
AT4G01250,AT4G23810,GRN_activates,4,34194459,,WRKY53
AT5G28770,AT5G26570,GRN_regulates,4,34053087,BZIP63,
AT5G28770,AT2G40840,GRN_regulates,4,34053087,BZIP63,
AT4G33430,AT1G02900,GRN_regulates,4,34608971,,RALF1
AT5G09410,AT4G25470,GRN_activates,4,35960653,,DREB1C
AT5G64220,AT4G25490,GRN_activates,4,35960653,,DREB1B
AT4G00220,AT4G37930,GRN_activates,4,35163246,,SHM1
AT3G59060,AT4G22920,GRN_regulates,4,32508856,PIF5,SGR1
AT1G71030,AT5G13930,GRN_activates,4,34201713,ATMYBL2,CHS
AT4G32880,AT5G19530,GRN_activates,4,26879262,,ACL5
AT2G30520,AT5G64330,GRN_regulates,4,30941890,RPT2,RPT3
AT3G26090,AT4G01080,GRN_activates,4,26528314,,TBL26
AT2G13370,AT4G16890,GRN_activates,4,31854111,,SNC1
AT1G71020,AT1G32640,GRN_represses,4,33802953,,MYC2
AT3G20770,AT1G32640,GRN_represses,4,33802953,,MYC2
AT1G32640,AT2G43790,GRN_regulates,4,36818282,MYC2,
AT2G46340,AT1G29930,GRN_represses,4,23646119,,LHCB1.3
AT1G32640,AT5G13170,GRN_activates,4,33391323,MYC2,SWEET15
AT1G32640,AT3G23240,GRN_represses,4,32170290,MYC2,
AT2G38470,AT1G06160,GRN_activates,4,29513733,WRKY33,ERF094
AT1G67230,AT2G14610,GRN_represses,4,31998332,,PR1
AT1G80840,AT1G19250,GRN_represses,4,23516362,WRKY40,
AT4G31800,AT2G30770,GRN_represses,4,23516362,,CYP71A13
AT1G80840,AT2G30770,GRN_represses,4,23516362,WRKY40,CYP71A13
AT5G22500,AT2G29970,GRN_activates,4,32327664,FAR1,
AT3G54320,AT2G23170,GRN_activates,4,35628114,,GH3.3
AT1G77110,AT1G73590,GRN_regulates,4,26560462,,PIN1
AT1G05290,AT1G28480,GRN_regulates,4,30705745,,GRXC9
AT2G38470,AT5G17330,GRN_activates,4,32458527,WRKY33,GAD1
AT3G45640,AT4G12470,GRN_regulates,4,26771603,,AZI1
AT1G55600,AT2G19500,GRN_activates,4,33897728,,CKX2
AT5G53660,AT5G05410,GRN_represses,4,30372454,,DREB2A
AT1G30680,AT1G08830,GRN_represses,4,30372454,,CSD1
AT1G64280,AT5G22570,GRN_activates,4,28253318,,WRKY38
AT2G42620,AT5G57710,GRN_represses,4,31465451,,SMAX1
AT4G20400,AT2G45660,GRN_represses,4,30899015,,SOC1
AT1G78020,AT3G01090,GRN_represses,4,33805388,FLZ6,
AT2G46410,AT4G01060,GRN_regulates,4,22489163,,ETC3
AT3G24650,AT3G54320,GRN_activates,4,35318532,ABI3,
AT3G26744,AT3G24650,GRN_represses,4,35318532,,ABI3
AT3G60460,AT4G37490,GRN_activates,4,25057814,,CYCB1-1
AT5G27420,AT1G27730,GRN_represses,4,34618142,ATL31,ZAT10
AT5G16000,AT1G14320,GRN_activates,4,19112492,,RPL10A
AT4G02980,AT4G32280,GRN_activates,4,25392478,,IAA29
AT2G45190,AT2G37630,GRN_activates,4,23025792,YAB1,
AT1G21580,AT5G10480,GRN_represses,4,26828932,,PAS2
AT1G06230,AT2G06050,GRN_represses,4,37626962,GTE4,OPR3
AT5G60120,AT5G04275,GRN_activates,4,24966167,TOE2,
AT2G17950,AT5G62920,GRN_represses,4,20802224,,ARR6
AT3G62420,AT3G47340,GRN_activates,4,26452049,,ASN1
AT3G22170,AT3G59060,GRN_represses,4,34777451,,PIF5
AT3G54560,AT2G46020,GRN_activates,4,30742338,H2AV,
AT3G54560,AT5G10140,GRN_activates,4,30742338,H2AV,
AT5G48380,AT2G31880,GRN_represses,4,38255003,,SOBIR1
AT3G44290,AT2G36270,GRN_represses,4,34059197,,ABI5
AT1G49720,AT5G47550,GRN_activates,4,34440762,,CYS5
AT4G38430,AT3G51300,GRN_activates,4,27192441,,ARAC11
AT5G62530,AT3G30775,GRN_activates,4,24410747,,POX1
AT1G21970,AT5G10140,GRN_activates,4,34295349,NFYB9,
AT1G09530,AT4G14130,GRN_activates,4,24420574,,XTH15
AT1G19850,AT4G12970,GRN_represses,4,34598673,ARF5,
AT1G09340,AT2G34208,GRN_represses,4,31355252,CRB,
AT4G25490,AT2G43010,GRN_activates,4,36681861,DREB1B,
AT5G07310,AT1G19850,GRN_activates,4,37450945,,ARF5
AT2G18660,AT4G35090,GRN_regulates,4,33184368,EGC2,
AT5G13180,AT5G08790,GRN_represses,4,37731912,NAC083,
AT1G69960,AT1G73590,GRN_activates,4,24465665,,PIN1
AT1G75080,AT2G36270,GRN_represses,4,33815475,,ABI5
AT3G18360,AT2G32460,GRN_represses,4,33603762,,MYB101
AT3G44680,AT2G29090,GRN_represses,4,32158458,HDA9,
AT5G58430,AT5G63580,GRN_regulates,4,35736313,,FLS2
AT5G13790,AT4G28490,GRN_regulates,4,27566817,AGL15,
AT3G13300,AT5G20720,GRN_activates,4,33747018,,CPN20
AT3G49170,ATCG00330,GRN_regulates,4,29973946,,RPS14
AT5G64900,AT5G57090,GRN_activates,4,36012641,PEP1,
AT3G51810,AT2G36270,GRN_represses,4,28391398,EM1,ABI5
AT2G26190,AT3G24220,GRN_represses,4,29951071,IQM4,
AT2G26190,AT1G78390,GRN_represses,4,29951071,IQM4,
AT3G44680,AT5G63320,GRN_represses,4,35283908,HDA9,
AT3G44680,AT2G31260,GRN_represses,4,35283908,HDA9,
AT2G31650,AT3G14440,GRN_activates,4,24256402,,NCED3
AT1G53000,AT1G31770,GRN_represses,4,31123308,,ABCG14
AT2G38470,AT3G14440,GRN_represses,4,38274648,WRKY33,NCED3
AT1G12110,AT1G19490,GRN_represses,4,34685959,NPF6.3,
AT1G12110,AT3G17810,GRN_represses,4,34685959,NPF6.3,
AT1G71692,AT1G69120,GRN_activates,4,37628953,,AP1
AT3G14230,AT2G38470,GRN_activates,4,35628120,RAP2-2,WRKY33
AT3G44460,AT1G12640,GRN_activates,4,35388372,,LPLAT1
AT1G56010,AT2G04160,GRN_activates,4,23171309,,AIR3
AT4G10310,AT5G24270,GRN_represses,4,30832374,HKT1,
AT2G45660,AT1G53160,GRN_represses,4,31905863,SOC1,SPL4
AT2G45660,AT3G15270,GRN_represses,4,31905863,SOC1,
AT3G20810,AT2G46830,GRN_activates,4,30833956,JMJ30,CCA1
AT4G16890,AT4G14400,GRN_regulates,4,30235212,SNC1,ACD6
AT4G06634,AT5G64750,GRN_activates,4,37108801,,ABR1
AT1G17170,AT1G78380,GRN_activates,4,36232831,GSTU24,
AT3G47500,AT1G08090,GRN_regulates,4,33329669,CDF3,
AT4G25480,AT2G42540,GRN_activates,4,20566565,,COR15A
AT1G56650,AT3G51240,GRN_activates,4,28959020,MYB75,F3H
AT5G56270,AT2G32460,GRN_represses,4,29616054,,MYB101
AT4G16430,AT5G13170,GRN_represses,4,32296455,,SWEET15
AT1G01260,AT5G13170,GRN_represses,4,32296455,,SWEET15
AT4G00870,AT5G13170,GRN_represses,4,32296455,BHLH14,SWEET15
AT2G46510,AT5G13170,GRN_represses,4,32296455,,SWEET15
AT1G65970,AT4G32830,GRN_activates,4,32235723,PRXIIC,AUR1
AT4G04910,AT1G73590,GRN_represses,4,33289329,,PIN1
AT5G10510,AT5G17430,GRN_activates,4,35224628,AIL6,
AT1G72290,AT1G47128,GRN_represses,4,27625656,WSCP,RD21A
AT1G68880,AT3G30775,GRN_activates,4,25628629,,POX1
AT2G47190,AT1G77120,GRN_activates,4,22194941,ATMYB2,ADH1
AT2G21045,AT5G10140,GRN_regulates,4,36142359,HAC1,
AT2G25170,AT1G21970,GRN_represses,4,19680533,,NFYB9
AT4G09960,AT2G32700,GRN_represses,4,36432874,STK,
AT3G54610,AT3G08040,GRN_regulates,4,31156682,HAG1,
AT3G20770,AT4G27440,GRN_activates,4,29930561,,PORB
AT2G46830,AT2G37678,GRN_represses,4,35645991,CCA1,
AT3G52250,AT4G28520,GRN_activates,4,23349639,,CRC
AT4G37490,AT1G25580,GRN_activates,4,27193996,CYCB1-1,
AT3G20770,AT4G25490,GRN_represses,4,35886984,,DREB1B
AT3G20770,AT1G19050,GRN_represses,4,35886984,,ARR7
AT3G20770,AT1G22710,GRN_represses,4,36129930,,SUC2
AT1G25580,AT1G07500,GRN_activates,4,35550632,,SMR5
AT5G42080,AT3G03990,GRN_represses,4,29532023,DRP1A,
AT2G36270,AT5G66400,GRN_activates,4,24163287,ABI5,RAB18
AT1G64280,AT5G01900,GRN_activates,4,30444888,,WRKY62
AT2G27350,AT2G36270,GRN_represses,4,36650214,,ABI5
AT4G09960,AT5G18000,GRN_activates,4,32435255,STK,VDD
AT5G60410,AT4G16890,GRN_activates,4,29357355,,SNC1
AT3G59060,AT2G32950,GRN_represses,4,30144338,PIF5,
AT1G69810,AT5G11260,GRN_represses,4,31571300,WRKY36,
AT3G54610,AT5G03720,GRN_activates,4,33922251,HAG1,
AT3G54610,AT1G03190,GRN_activates,4,33922251,HAG1,
AT2G33610,AT5G55250,GRN_regulates,4,34456957,,IAMT1
AT2G31400,AT5G30510,GRN_regulates,4,34768794,,RPS1
AT4G24540,AT5G03840,GRN_represses,4,37971083,AGL24,
AT4G36920,AT5G60910,GRN_represses,4,29422669,,AGL8
AT2G40970,AT3G51240,GRN_regulates,4,32843672,,F3H
AT2G37260,AT3G51240,GRN_regulates,4,32843672,,F3H
AT5G13930,AT5G11260,GRN_regulates,4,25248106,CHS,
AT5G08640,AT5G11260,GRN_regulates,4,25248106,FLS1,
AT2G37040,AT5G61890,GRN_represses,4,35340106,PAL1,
AT1G02340,AT2G21045,GRN_regulates,4,31428455,,HAC1
AT2G43010,AT1G52890,GRN_activates,4,33830198,,NAC019
AT1G03170,AT2G27250,GRN_activates,4,21176196,FAF2,
AT5G13080,AT2G20570,GRN_represses,4,34435636,WRKY75,GPRI1
AT4G11070,AT2G45660,GRN_activates,4,37176133,,SOC1
AT5G07350,AT5G07200,GRN_activates,4,25205572,,GA20OX3
AT4G24680,AT4G16890,GRN_activates,4,36362237,,SNC1
AT1G79840,AT4G09820,GRN_represses,4,27465838,,TT8
AT3G44750,AT1G30040,GRN_represses,4,33744928,HDT1,GA2OX2
AT5G67320,AT3G44680,GRN_regulates,4,31608079,,HDA9
AT1G02580,ATCG00160,GRN_represses,4,36890886,,RPS2
AT5G14170,AT3G63110,GRN_represses,4,26457678,,IPT3
AT5G37020,AT1G26945,GRN_activates,4,29114256,ARF8,PRE6
AT5G65050,AT2G45660,GRN_represses,4,36409063,,SOC1
AT1G75080,AT5G09530,GRN_activates,4,37631206,,PELPK1
AT5G03671,AT2G20610,GRN_represses,4,31808940,,SUR1
AT1G33760,AT1G66340,GRN_activates,4,25534944,ERF022,
AT5G13790,AT1G02400,GRN_activates,4,38235196,AGL15,GA2OX6
AT1G27730,AT5G04950,GRN_activates,4,36110357,ZAT10,NAS1
AT1G27730,AT5G56080,GRN_activates,4,36110357,ZAT10,
AT1G27730,AT4G19680,GRN_activates,4,36110357,ZAT10,
AT1G27730,AT3G58810,GRN_activates,4,36110357,ZAT10,
AT4G24510,AT1G68530,GRN_regulates,4,36115459,CER2,CUT1
AT3G60500,AT5G57800,GRN_regulates,4,27100188,,CER3
AT3G17609,AT2G21650,GRN_activates,4,30566447,,RL2
AT1G18570,AT2G22330,GRN_activates,4,32082343,MYB51,CYP79B3
AT1G18570,AT4G31970,GRN_represses,4,32082343,MYB51,
AT2G38470,AT4G31970,GRN_activates,4,32082343,WRKY33,
AT1G09000,AT5G56580,GRN_activates,4,20802223,,MKK6
AT3G25800,AT5G63110,GRN_represses,4,28496451,,HDA6
AT5G24770,AT5G63110,GRN_represses,4,28496451,VSP2,HDA6
AT1G32640,AT5G63110,GRN_represses,4,28496451,MYC2,HDA6
AT3G23240,AT5G63110,GRN_represses,4,28496451,,HDA6
AT4G34460,AT3G01310,GRN_represses,4,25635681,,
AT3G52450,AT1G07000,GRN_activates,4,35310669,PUB22,ATEXO70B2
AT4G21350,AT2G36270,GRN_regulates,4,36715300,,ABI5
AT4G26080,AT1G05100,GRN_represses,4,26059040,,MAPKKK18
AT4G37930,AT3G57130,GRN_represses,4,38034559,SHM1,
AT5G37020,AT1G30330,GRN_activates,4,27444058,ARF8,ARF6
AT1G30330,AT1G77850,GRN_represses,4,27444058,ARF6,
AT5G37020,AT1G77850,GRN_represses,4,27444058,ARF8,
AT4G09960,AT5G21150,GRN_activates,4,36379956,STK,AGO9
AT4G09960,AT3G49500,GRN_activates,4,36379956,STK,
AT1G02900,AT3G62680,GRN_activates,4,24620000,RALF1,PRP3
AT2G38470,AT1G01050,GRN_regulates,4,28207847,WRKY33,
AT4G00450,AT2G45660,GRN_activates,4,22247249,,SOC1
AT4G09820,AT3G26790,GRN_represses,4,28270825,TT8,
AT1G32060,AT3G62410,GRN_activates,4,35413120,PRK,CP12-2
AT2G43410,ATMG00290,GRN_regulates,4,33904405,,RPS4
AT3G15380,AT1G70940,GRN_regulates,4,29283991,,PIN3
AT4G26640,AT3G04720,GRN_activates,4,21193575,,HEL
AT1G30330,AT2G43010,GRN_regulates,4,24867218,ARF6,
AT5G67420,AT1G19350,GRN_represses,4,36247555,LBD37,
AT3G49940,AT1G19350,GRN_represses,4,36247555,LBD38,
AT4G37540,AT1G19350,GRN_represses,4,36247555,LBD39,
AT5G60810,AT3G24240,GRN_activates,4,34948169,,RCH2
AT4G34990,AT3G24650,GRN_activates,4,35631794,,ABI3
AT4G34990,AT2G36270,GRN_activates,4,35631794,,ABI5
AT2G26570,AT1G75100,GRN_represses,4,28698471,WEB1,
AT4G10180,AT2G46830,GRN_represses,4,21884973,,CCA1
AT1G02900,AT3G51800,GRN_activates,4,30339663,RALF1,ATG2
AT2G46830,AT3G51550,GRN_activates,4,31948398,CCA1,
AT5G11260,AT5G13930,GRN_activates,4,27543604,,CHS
AT2G34880,AT2G46400,GRN_represses,4,36226276,,WRKY46
AT2G20180,AT5G17230,GRN_represses,4,27802334,,PSY
AT3G15170,AT4G37930,GRN_activates,4,24817871,,SHM1
AT5G53950,AT4G37930,GRN_activates,4,24817871,,SHM1
AT2G27250,AT4G37930,GRN_represses,4,36340404,,SHM1
AT1G08720,AT3G52430,GRN_represses,4,31876224,,PAD4
AT5G25890,AT5G26930,GRN_activates,4,36726665,IAA28,
AT1G12480,AT5G46240,GRN_represses,4,30736441,,KAT1
AT2G32530,AT2G31220,GRN_activates,4,36232985,CSLB3,
AT3G20810,AT2G42430,GRN_activates,4,34220908,JMJ30,
AT5G11310,AT2G36270,GRN_represses,4,25005137,,ABI5
AT2G37260,AT3G59030,GRN_activates,4,28105033,,DTX41
AT2G36270,AT3G02480,GRN_represses,4,32041112,ABI5,
AT5G05190,AT3G17840,GRN_regulates,4,30408577,,RLK902
AT1G65450,AT1G12200,GRN_activates,4,33487349,,
AT4G09960,AT2G36270,GRN_activates,4,35261232,STK,ABI5
AT5G13080,AT2G01980,GRN_activates,4,37314884,WRKY75,
AT3G26790,AT4G28520,GRN_activates,4,15695463,,CRC
AT1G21970,AT2G17090,GRN_regulates,4,15695450,NFYB9,
AT5G47670,AT1G21970,GRN_represses,4,12509518,NFYB6,NFYB9
AT1G66160,AT1G59510,GRN_activates,4,16531490,PUB20,
AT3G52430,AT4G39090,GRN_activates,4,37976211,PAD4,
AT5G16290,AT3G48560,GRN_regulates,4,27452529,VAT1,
AT3G48190,AT4G37490,GRN_regulates,3,17487278,,CYCB1-1
AT1G67700,AT3G47860,GRN_regulates,3,37024091,HHL1,
AT5G10140,AT2G44950,GRN_represses,3,21799800,,HUB1
AT2G44950,AT5G10140,GRN_activates,3,33589721,HUB1,
AT2G43010,AT1G32640,GRN_represses,3,35927944,,MYC2
AT3G08500,AT4G22680,GRN_regulates,3,31245671,MYB83,MYB85
AT4G13540,AT2G46770,GRN_represses,3,30911018,,NAC043
AT3G62300,AT2G26650,GRN_regulates,3,29767755,,AKT1
AT5G55990,AT1G01140,GRN_regulates,3,29767755,,CIPK9
AT2G26650,AT4G32650,GRN_activates,3,27458473,AKT1,
AT5G47100,AT2G26650,GRN_activates,3,36555267,,AKT1
AT2G26980,AT5G64750,GRN_activates,3,29225607,CIPK3,ABR1
AT2G30360,AT2G36270,GRN_activates,3,29225607,,ABI5
AT1G23200,AT5G65590,GRN_represses,3,23453954,PME6,
AT1G43670,AT3G54050,GRN_activates,3,27905870,,CFBP1
AT5G24470,AT5G64170,GRN_represses,3,30577529,APRR5,
AT3G26640,AT2G46830,GRN_activates,3,33138078,,CCA1
AT4G31800,AT4G23810,GRN_regulates,3,32038695,,WRKY53
AT4G00990,AT2G30250,GRN_activates,3,32038695,,WRKY25
AT3G44290,AT1G65450,GRN_represses,3,24625790,,
AT1G50460,AT1G65450,GRN_activates,3,19706780,,
AT4G25370,AT5G51070,GRN_activates,3,25149061,,CLPD
AT1G78240,AT3G47340,GRN_represses,3,18167546,,ASN1
AT5G39860,AT2G18300,GRN_activates,3,33276448,PRE1,
AT1G75080,AT5G39860,GRN_activates,3,35406652,,PRE1
AT1G07350,AT4G26080,GRN_represses,3,25268622,SR45A,
AT2G39660,AT3G52430,GRN_represses,3,28261260,,PAD4
AT2G17450,AT2G39660,GRN_represses,3,32404997,ATL44,
AT2G39660,AT2G32680,GRN_represses,3,30252144,,AtRLP23
AT5G12870,AT1G52760,GRN_activates,3,27390589,MYB46,
AT4G36990,AT4G17750,GRN_activates,3,25416131,HSFB1,
AT4G33950,AT1G45249,GRN_activates,3,23468926,,ABF2
AT1G66600,AT5G52310,GRN_activates,3,20487379,,RD29A
AT5G44610,AT4G25490,GRN_represses,3,29568301,PCAP2,DREB1B
AT5G44610,AT4G25480,GRN_represses,3,29568301,PCAP2,
AT5G44610,AT3G50500,GRN_represses,3,29568301,PCAP2,
AT5G44610,AT5G66880,GRN_represses,3,29568301,PCAP2,
AT5G44610,AT5G52310,GRN_represses,3,29568301,PCAP2,RD29A
AT5G44610,AT5G15960,GRN_represses,3,29568301,PCAP2,KIN1
AT5G44610,AT5G15970,GRN_represses,3,29568301,PCAP2,KIN2
AT5G49470,AT2G36270,GRN_regulates,3,31480825,,ABI5
AT5G65410,AT2G17950,GRN_activates,3,32668199,ZHD1,
AT5G65410,AT4G37930,GRN_activates,3,32668199,ZHD1,SHM1
AT3G18960,AT2G17950,GRN_activates,3,32668199,,
AT5G13960,AT3G24650,GRN_represses,3,34427186,,ABI3
AT5G51810,AT3G48430,GRN_activates,3,35591912,GA20OX2,
AT3G48430,AT5G39610,GRN_activates,3,30969965,,NAC92
AT4G34400,AT2G45660,GRN_activates,3,30946745,,SOC1
AT2G42200,AT4G34400,GRN_activates,3,30946745,SPL9,
AT2G06925,AT3G28910,GRN_represses,3,27685353,PLA2-ALPHA,
AT1G19850,AT1G80100,GRN_activates,3,36875577,ARF5,
AT2G01180,AT5G42800,GRN_activates,3,26109181,,DFRA
AT5G26920,AT5G13930,GRN_represses,3,28253311,CBP60G,CHS
AT5G26920,AT5G42800,GRN_represses,3,28253311,CBP60G,DFRA
AT5G26920,AT5G17220,GRN_activates,3,28253311,CBP60G,GSTF12
AT5G35550,AT4G22880,GRN_activates,3,34477986,,LDOX
AT5G67420,AT3G16500,GRN_represses,3,27790239,LBD37,
AT5G67420,AT4G29080,GRN_represses,3,27790239,LBD37,IAA27
AT3G49940,AT3G16500,GRN_represses,3,27790239,LBD38,
AT3G49940,AT4G29080,GRN_represses,3,27790239,LBD38,IAA27
AT4G37540,AT3G16500,GRN_represses,3,27790239,LBD39,
AT4G37540,AT4G29080,GRN_represses,3,27790239,LBD39,IAA27
AT5G13930,AT1G77450,GRN_represses,3,27790239,CHS,
AT5G35550,AT4G09820,GRN_activates,3,27790239,,TT8
AT1G08810,AT5G42800,GRN_represses,3,18317777,,DFRA
AT2G22770,AT4G27860,GRN_activates,3,37346116,NAI1,
AT2G22770,AT5G24290,GRN_activates,3,37346116,NAI1,
AT3G54610,AT5G17430,GRN_regulates,3,35269485,HAG1,
AT3G48090,AT2G14610,GRN_activates,3,28018374,,PR1
AT4G27410,AT4G22920,GRN_activates,3,35684264,RD26,SGR1
AT1G32640,AT5G27150,GRN_regulates,3,37175914,MYC2,
AT1G32640,AT1G79610,GRN_regulates,3,37175914,MYC2,
AT1G69600,AT5G51070,GRN_activates,3,34113493,ZHD11,CLPD
AT2G35550,AT5G11360,GRN_regulates,3,24482368,,
AT2G37630,AT4G37930,GRN_represses,3,24482368,,SHM1
AT1G65620,AT4G37930,GRN_represses,3,24482368,,SHM1
AT3G14440,AT3G18520,GRN_activates,3,37631162,NCED3,HDA15
AT2G33860,AT2G45190,GRN_regulates,3,23133401,,YAB1
AT5G54230,AT1G22990,GRN_activates,3,32421756,,HIPP22
AT5G11260,AT5G17230,GRN_activates,3,35161377,,PSY
AT2G43820,AT3G62980,GRN_regulates,3,26728313,UGT74F2,
AT5G52640,AT4G24190,GRN_activates,3,36613530,HSP90-1,
AT1G68130,AT1G73590,GRN_regulates,3,32498388,,PIN1
AT1G25250,AT5G43890,GRN_activates,3,32498388,AtIDD16,
AT5G63110,AT4G08150,GRN_represses,3,36828846,HDA6,KNAT1
AT5G63110,AT1G70510,GRN_represses,3,36828846,HDA6,
AT5G63110,AT1G23800,GRN_represses,3,29777132,HDA6,ALDH2B7
AT5G63110,AT4G33070,GRN_represses,3,29777132,HDA6,PDC1
AT5G63110,AT2G46830,GRN_represses,3,30124938,HDA6,CCA1
AT5G63110,AT5G61380,GRN_represses,3,30124938,HDA6,
AT5G63110,AT2G17690,GRN_represses,3,24657166,HDA6,
AT3G59060,AT3G50660,GRN_activates,3,34884771,PIF5,
AT3G59060,AT3G30180,GRN_activates,3,34884771,PIF5,
AT1G26973,AT5G13630,GRN_represses,3,34884771,,CHLH
AT1G13260,AT1G62300,GRN_represses,3,26829043,RAV1,WRKY6
AT3G24650,AT1G62300,GRN_represses,3,26829043,ABI3,WRKY6
AT2G40220,AT1G62300,GRN_represses,3,26829043,,WRKY6
AT2G36270,AT1G62300,GRN_represses,3,26829043,ABI5,WRKY6
AT5G39610,AT5G45890,GRN_activates,3,35371171,NAC92,SAG12
AT5G46760,AT1G52890,GRN_regulates,3,23382734,,NAC019
AT4G17880,AT1G52890,GRN_regulates,3,23382734,,NAC019
AT1G32640,AT3G45140,GRN_represses,3,30046236,MYC2,LOX2
AT5G65210,AT5G26920,GRN_regulates,3,33260627,,CBP60G
AT5G65210,AT1G73805,GRN_regulates,3,33260627,,SARD1
AT4G01370,AT3G52430,GRN_represses,3,33260627,,PAD4
AT1G74950,AT1G32640,GRN_represses,3,20525008,,MYC2
AT3G03450,AT5G40350,GRN_represses,3,32033528,,MYB24
AT1G02450,AT2G14610,GRN_activates,3,26428397,,PR1
AT1G74710,AT5G63580,GRN_regulates,3,24586453,,FLS2
AT1G70520,AT2G44840,GRN_regulates,3,37176805,,ERF13
AT3G22231,AT2G35000,GRN_represses,3,35056016,PCC1,
AT1G76710,AT2G45660,GRN_activates,3,35766439,,SOC1
AT1G76260,AT2G36270,GRN_activates,3,37476171,,ABI5
AT4G34590,AT1G04240,GRN_regulates,3,28158182,BZIP11,SHY2
AT1G04240,AT1G70940,GRN_represses,3,34134976,SHY2,PIN3
AT3G42790,AT1G08430,GRN_activates,3,32188405,,ALMT1
AT2G17950,AT3G48100,GRN_represses,3,32041377,,ARR5
AT3G27010,AT1G12110,GRN_activates,3,30930926,,NPF6.3
AT1G12110,AT3G46100,GRN_regulates,3,25723764,NPF6.3,
AT1G77690,AT4G26466,GRN_activates,3,25922494,LAX3,
AT5G65700,AT2G27250,GRN_represses,3,34643181,BAM1,
AT5G61420,AT5G23020,GRN_activates,3,23580754,MYB28,MAM3
AT5G61420,AT1G16410,GRN_activates,3,23580754,MYB28,CYP79F1
AT5G61420,AT1G16400,GRN_activates,3,23580754,MYB28,CYP79F2
AT2G38470,AT3G45640,GRN_regulates,3,26379682,WRKY33,
AT4G01370,AT2G38470,GRN_regulates,3,26379682,,WRKY33
AT5G60890,AT3G56390,GRN_activates,3,26379682,MYB34,
AT1G67030,AT2G43010,GRN_represses,3,35720591,ZFP6,
AT1G34180,AT1G69490,GRN_activates,3,28640975,anac016,NAC029
AT1G66350,AT2G42300,GRN_represses,3,28591805,RGL1,
AT1G66350,AT5G05290,GRN_represses,3,24404203,RGL1,
AT2G46830,AT4G25490,GRN_activates,3,26522658,CCA1,DREB1B
AT2G46830,AT4G25470,GRN_activates,3,26522658,CCA1,DREB1C
AT5G50200,AT1G08090,GRN_regulates,3,32512879,NRT3.1,
AT5G46350,AT5G52310,GRN_activates,3,30740122,,RD29A
AT3G48100,AT2G36270,GRN_represses,3,34065034,ARR5,ABI5
AT5G62920,AT2G36270,GRN_represses,3,34065034,ARR6,ABI5
AT4G28610,AT3G09922,GRN_activates,3,21261953,,IPS1
AT4G28610,AT5G10180,GRN_represses,3,21261953,,SULTR2;1
AT4G33950,AT2G36270,GRN_activates,3,27856707,,ABI5
AT5G67420,AT1G12110,GRN_represses,3,36902075,LBD37,NPF6.3
AT1G37130,AT1G77760,GRN_activates,3,26306170,NIA2,NIA1
AT5G62320,AT5G40350,GRN_regulates,3,33831169,,MYB24
AT5G05290,AT1G61110,GRN_represses,3,30419294,,NAC025
AT2G24570,AT3G01310,GRN_regulates,3,24358874,,
AT1G28480,AT1G06160,GRN_represses,3,33617121,GRXC9,ERF094
AT3G20770,AT1G06160,GRN_activates,3,33617121,,ERF094
AT1G06160,AT1G32640,GRN_represses,3,33617121,ERF094,MYC2
AT1G52890,AT3G11480,GRN_activates,3,33617121,NAC019,BSMT1
AT3G15500,AT3G11480,GRN_activates,3,33617121,NAC055,BSMT1
AT5G46210,AT2G36270,GRN_regulates,3,31649704,,ABI5
AT1G71930,AT4G35350,GRN_activates,3,35154217,,XCP1
AT5G12870,AT5G54690,GRN_activates,3,35154217,MYB46,GAUT12
AT5G01840,AT1G62990,GRN_represses,3,35154217,,KNAT7
AT2G43010,AT5G15580,GRN_activates,3,28791042,,LNG1
AT4G31120,AT5G23060,GRN_represses,3,33424935,,CAS
AT1G62300,AT3G23430,GRN_represses,3,22952851,WRKY6,PHO1
AT2G34208,AT3G23430,GRN_regulates,3,25680792,,PHO1
AT4G28610,AT5G20150,GRN_activates,3,28887383,,SPX1
AT2G41940,AT1G10480,GRN_regulates,3,31466344,ZFP8,
AT1G27730,AT5G52310,GRN_represses,3,31466344,ZAT10,RD29A
AT1G27730,AT4G25100,GRN_activates,3,31466344,ZAT10,
AT5G04340,AT2G43790,GRN_activates,3,31466344,ZAT6,
AT1G69310,AT5G52310,GRN_activates,3,37098465,,RD29A
AT3G54340,AT5G61850,GRN_activates,3,37216511,AP3,
AT5G61850,AT2G41940,GRN_represses,3,37216511,,ZFP8
AT1G69120,AT4G17810,GRN_represses,3,37216511,AP1,
AT1G69120,AT2G41940,GRN_represses,3,37216511,AP1,ZFP8
AT3G20770,AT5G59820,GRN_activates,3,36293086,,ZAT12
AT5G60850,AT5G02470,GRN_represses,3,24823367,DOF5.4,
AT4G34530,AT5G02470,GRN_represses,3,24823367,BHLH63,
AT5G15310,AT5G02470,GRN_activates,3,24823367,ATMYB16,
AT4G18390,AT5G02470,GRN_activates,3,24823367,TCP2,
AT5G56110,AT1G32770,GRN_activates,3,24885077,,NAC012
AT5G12870,AT5G16600,GRN_activates,3,24885077,MYB46,MYB43
AT3G25795,AT1G66390,GRN_regulates,3,32560581,,MYB90
AT1G30460,AT1G12110,GRN_regulates,3,29780398,,NPF6.3
AT1G19270,AT1G69690,GRN_activates,3,31748815,,TCP15
AT5G20730,AT2G26710,GRN_represses,3,31639820,NPH4,
AT5G46760,AT5G28640,GRN_represses,3,32296056,,GIF1
AT2G03220,AT2G45660,GRN_activates,3,32658893,,SOC1
AT2G31070,AT3G45140,GRN_regulates,3,30147704,,LOX2
AT1G69120,AT4G36920,GRN_activates,3,37294732,AP1,
AT1G80840,AT3G22370,GRN_regulates,3,29497438,WRKY40,AOX1A
AT3G22370,AT1G34190,GRN_represses,3,35078237,AOX1A,
AT1G34190,AT1G34180,GRN_activates,3,33914871,,anac016
AT2G13540,AT5G52310,GRN_represses,3,22028934,,RD29A
AT1G32640,AT5G51780,GRN_represses,3,30713541,MYC2,
AT3G12820,AT1G56430,GRN_activates,3,30713541,,NAS4
AT5G60910,AT5G10140,GRN_regulates,3,25745430,AGL8,
AT3G15500,AT5G51070,GRN_activates,3,34398879,NAC055,CLPD
AT5G63440,AT2G46830,GRN_represses,3,32068156,,CCA1
AT1G21410,AT5G03415,GRN_activates,3,26287175,SKP2A,
AT3G52430,AT1G74710,GRN_activates,3,36498851,PAD4,
AT2G22370,AT1G28480,GRN_represses,3,26696694,,GRXC9
AT5G06960,AT2G29420,GRN_activates,3,34599589,TGA5,GSTU7
AT3G12250,AT2G29420,GRN_activates,3,34599589,,GSTU7
AT1G56250,AT5G28040,GRN_activates,3,29264953,VBF,
AT3G43210,AT5G55390,GRN_regulates,3,32925902,,EDM2
AT5G55390,AT4G16860,GRN_activates,3,32925902,EDM2,RPP4
AT5G54180,ATCG00550,GRN_activates,3,33494215,,PSBJ
AT3G54340,AT4G28520,GRN_regulates,3,36477345,AP3,CRC
AT5G41410,AT1G73590,GRN_regulates,3,24474812,,PIN1
AT1G27360,AT5G04275,GRN_activates,3,27541584,SPL11,
AT5G61900,AT4G16890,GRN_activates,3,21079790,,SNC1
AT4G16890,AT4G37460,GRN_activates,3,21079790,SNC1,
AT2G22540,AT5G13790,GRN_represses,3,27733858,,AGL15
AT4G24470,AT1G32640,GRN_represses,3,34865154,ZIM,MYC2
AT3G62420,AT3G30775,GRN_activates,3,32983222,,POX1
AT1G77850,AT2G23170,GRN_regulates,3,27137401,,GH3.3
AT5G12870,AT1G17950,GRN_regulates,3,24009617,MYB46,MYB52
AT1G32770,AT4G36220,GRN_activates,3,24009617,NAC012,CYP84A1
AT5G60850,AT4G33880,GRN_represses,3,36942634,DOF5.4,
AT5G25900,AT2G45660,GRN_activates,3,31779080,,SOC1
AT1G19850,AT1G46480,GRN_represses,3,34687296,ARF5,
AT5G14740,AT4G20260,GRN_activates,3,34050546,,PCAP1
AT1G79000,AT5G10140,GRN_regulates,3,33430760,HAC1,
AT3G63010,AT4G24210,GRN_regulates,3,31245748,GID1B,
AT1G21970,AT5G17430,GRN_regulates,3,34039265,NFYB9,
AT1G13980,AT5G57090,GRN_regulates,3,32733502,GN,
AT1G30270,AT1G64780,GRN_regulates,3,38000714,,AMT1-2
AT4G11880,AT1G69120,GRN_activates,3,26904066,,AP1
AT5G61850,AT2G45660,GRN_activates,3,26904066,,SOC1
AT1G36060,AT2G20180,GRN_activates,3,36617439,ERF055,
AT1G22190,AT1G03790,GRN_activates,3,36617439,,SOM
AT3G54610,AT4G13840,GRN_regulates,3,29506042,HAG1,CER26
AT5G62470,AT1G04220,GRN_activates,3,29506042,MYB96,KCS2
AT5G62470,AT1G68530,GRN_activates,3,29506042,MYB96,CUT1
AT2G36270,AT4G34000,GRN_activates,3,20105335,ABI5,
AT5G62470,AT2G19450,GRN_activates,3,31443427,MYB96,
AT3G20810,AT5G10140,GRN_regulates,3,30774641,JMJ30,
AT2G32950,AT4G29080,GRN_activates,3,29104579,,IAA27
AT3G52430,AT2G14610,GRN_activates,3,32582226,PAD4,PR1
AT4G35450,AT3G52420,GRN_regulates,3,25566294,AKR2,
AT4G37930,AT1G76420,GRN_activates,3,35984299,SHM1,
AT5G13790,AT1G21970,GRN_activates,3,33924312,AGL15,NFYB9
AT5G13790,AT3G24650,GRN_activates,3,33924312,AGL15,ABI3
AT5G13790,AT2G42830,GRN_activates,3,33924312,AGL15,SHP2
AT5G13790,AT3G54340,GRN_activates,3,33924312,AGL15,AP3
AT1G68050,AT1G75100,GRN_activates,3,36771626,ADO3,
AT3G56710,AT2G38470,GRN_activates,3,30786857,SIB1,WRKY33
AT3G01090,AT4G35770,GRN_activates,3,36725081,,STR15
AT5G63110,AT3G20770,GRN_regulates,3,28119721,HDA6,
AT3G22170,AT2G46830,GRN_activates,3,34733306,,CCA1
AT5G22500,AT2G46830,GRN_activates,3,34733306,FAR1,CCA1
AT3G59060,AT2G46830,GRN_represses,3,34733306,PIF5,CCA1
AT3G46610,ATCG00020,GRN_activates,3,33557293,,PSBA
AT3G55270,AT3G52430,GRN_activates,3,37878763,,PAD4
AT4G39410,AT3G61910,GRN_regulates,3,33810585,,NAC066
AT5G63580,AT5G26240,GRN_represses,3,24449384,FLS2,
AT4G25480,AT2G42530,GRN_activates,3,35887354,,COR15B
AT5G13790,AT2G25095,GRN_activates,3,25666346,AGL15,
AT5G13790,AT4G31877,GRN_activates,3,25666346,AGL15,
AT1G68670,AT1G12110,GRN_represses,3,34239527,,NPF6.3
AT5G64220,AT4G25470,GRN_activates,3,35960653,,DREB1C
AT4G16150,AT4G25490,GRN_activates,3,35960653,,DREB1B
AT2G22670,AT2G40220,GRN_represses,3,32153614,IAA8,
AT2G22670,AT2G36270,GRN_represses,3,32153614,IAA8,ABI5
AT3G08500,AT2G43790,GRN_regulates,3,33826618,MYB83,
AT2G14610,AT5G64570,GRN_regulates,3,36816482,PR1,BXL4
AT1G77450,AT5G13930,GRN_activates,3,34201713,,CHS
AT1G31350,AT5G57710,GRN_represses,3,35254909,,SMAX1
AT1G59610,AT2G14610,GRN_regulates,3,25521759,,PR1
AT3G45640,AT3G01310,GRN_activates,3,31199821,,
AT4G18170,AT5G13320,GRN_represses,3,36909399,WRKY28,PBS3
AT2G22300,AT4G25490,GRN_activates,3,35302643,CAMTA3,DREB1B
AT2G14610,AT3G55270,GRN_activates,3,35302643,PR1,
AT3G44680,AT4G16890,GRN_represses,3,31854111,HDA9,SNC1
AT4G28610,AT3G17790,GRN_activates,3,33859661,,PAP17
AT2G40750,AT3G56400,GRN_activates,3,36945518,WRKY54,WRKY70
AT1G32640,AT3G20770,GRN_activates,3,31245664,MYC2,
AT1G32640,AT1G14200,GRN_activates,3,33391323,MYC2,
AT2G40670,AT1G32640,GRN_activates,3,31788657,,MYC2
AT2G45680,AT3G45140,GRN_regulates,3,26310916,,LOX2
AT3G16830,AT4G16890,GRN_represses,3,33621240,,SNC1
AT4G16860,AT4G37460,GRN_activates,3,33621240,RPP4,
AT5G26170,AT1G26390,GRN_activates,3,33006643,,FOX2
AT2G43790,AT5G36880,GRN_activates,3,35088853,,ACS
AT3G45640,AT2G14610,GRN_represses,3,28062592,,PR1
AT3G03990,AT5G57710,GRN_activates,3,35529949,,SMAX1
AT4G34460,AT3G50950,GRN_activates,3,28821747,,RPP13L4
AT3G45640,AT5G22650,GRN_regulates,3,28683804,,HDT2
AT1G30330,AT1G75080,GRN_regulates,3,36598987,ARF6,
AT1G09730,AT2G38470,GRN_regulates,3,33649235,,WRKY33
AT1G51660,AT5G17330,GRN_activates,3,32458527,,GAD1
AT1G08420,AT2G43790,GRN_activates,3,35508457,BSL2,
AT1G53570,AT3G45640,GRN_activates,3,35652263,MAPKKK3,
AT3G01310,AT5G67300,GRN_activates,3,37221824,,
AT1G09530,AT3G45140,GRN_represses,3,24916071,,LOX2
AT1G09530,AT1G17420,GRN_represses,3,24916071,,LOX3
AT4G00970,AT3G45640,GRN_regulates,3,36986973,CRK41,
AT4G00970,AT2G43790,GRN_regulates,3,36986973,CRK41,
AT3G45640,AT4G00970,GRN_activates,3,36986973,,CRK41
AT2G43790,AT4G00970,GRN_activates,3,36986973,,CRK41
AT5G63580,AT5G14740,GRN_activates,3,32733520,FLS2,
AT2G17950,AT4G00180,GRN_represses,3,30552452,,YAB3
AT5G56860,AT5G04140,GRN_regulates,3,22102866,,GLU1
AT1G72150,AT4G19690,GRN_regulates,3,36493393,PATL1,
AT3G48430,AT2G45660,GRN_activates,3,30899015,,SOC1
AT4G11820,AT3G19820,GRN_activates,3,28881416,,DIM
AT5G43810,AT4G36920,GRN_represses,3,24244708,AGO10,
AT1G31880,AT5G05690,GRN_activates,3,21909364,,CYP90A1
AT5G60440,AT5G46960,GRN_regulates,3,35401607,,PMEI12
AT2G35670,AT5G46960,GRN_represses,3,35401607,,PMEI12
AT3G24650,AT4G11910,GRN_activates,3,35318532,ABI3,SGR2
AT3G60460,AT1G19890,GRN_activates,3,25057814,,MGH3
AT5G60890,AT4G34200,GRN_regulates,3,34032263,MYB34,
AT1G18570,AT4G34200,GRN_regulates,3,34032263,MYB51,
AT2G34710,AT5G05690,GRN_activates,3,37011193,,CYP90A1
AT2G38470,AT1G27730,GRN_activates,3,34618142,WRKY33,ZAT10
AT2G20180,AT3G24650,GRN_activates,3,32344614,,ABI3
AT2G46870,AT3G14440,GRN_activates,3,32235619,,NCED3
AT3G59060,AT4G37770,GRN_activates,3,24616725,PIF5,
AT3G56400,AT2G40750,GRN_activates,3,19772648,WRKY70,WRKY54
AT4G00180,AT5G16560,GRN_activates,3,23025792,YAB3,
AT5G60450,AT2G45190,GRN_regulates,3,23025792,,YAB1
AT2G28550,AT5G41315,GRN_activates,3,37047669,RAP2.7,
AT5G24930,AT2G45660,GRN_represses,3,31191575,COL4,SOC1
AT5G24930,AT2G27550,GRN_represses,3,31191575,COL4,
AT3G19040,AT5G24470,GRN_activates,3,37626962,TAF1,APRR5
AT1G18080,AT5G66400,GRN_activates,3,19584117,,RAB18
AT5G13080,AT1G78580,GRN_activates,3,34502184,WRKY75,
AT3G16857,AT1G70940,GRN_activates,3,30555499,,PIN3
AT3G22170,AT5G39610,GRN_represses,3,34777451,,NAC92
AT5G39610,AT3G20770,GRN_regulates,3,34777451,NAC92,
AT5G13080,AT3G20770,GRN_activates,3,34777451,WRKY75,
AT3G22170,AT4G18170,GRN_represses,3,34777451,,WRKY28
AT3G22370,AT4G05020,GRN_activates,3,36466234,AOX1A,
AT3G13670,AT2G46830,GRN_activates,3,35551190,,CCA1
AT2G36270,AT2G40220,GRN_represses,3,34440762,ABI5,
AT1G09530,AT2G36270,GRN_activates,3,34440762,,ABI5
AT4G34000,AT2G36270,GRN_activates,3,34440762,,ABI5
AT4G34000,AT5G47550,GRN_activates,3,34440762,,CYS5
AT4G34000,AT4G13250,GRN_activates,3,34440762,,NYC1
AT3G50410,AT4G34160,GRN_regulates,3,23755058,,CYCD3-1
AT2G33880,AT5G59340,GRN_activates,3,20067590,WOX9,
AT2G46830,AT5G42900,GRN_represses,3,37676516,CCA1,
AT2G43010,AT5G13170,GRN_activates,3,37676516,,SWEET15
AT2G20180,AT1G18100,GRN_activates,3,30061395,,MFT
AT3G47340,AT3G01090,GRN_activates,3,35306666,ASN1,
AT5G39610,AT5G03280,GRN_represses,3,24659488,NAC92,
AT1G34180,AT3G29035,GRN_activates,3,24659488,anac016,NAC59
AT3G20770,AT1G52890,GRN_activates,3,24659488,,NAC019
AT3G20770,AT3G15500,GRN_activates,3,24659488,,NAC055
AT3G20770,AT3G29035,GRN_activates,3,24659488,,NAC59
AT5G39610,AT5G13180,GRN_activates,3,24659488,NAC92,NAC083
AT1G69490,AT5G13180,GRN_activates,3,24659488,NAC029,NAC083
AT4G38960,AT2G36270,GRN_activates,3,35178298,,ABI5
AT4G21210,AT4G15530,GRN_regulates,3,27349915,RP1,PPDK
AT4G18710,AT4G27410,GRN_activates,3,25377253,,RD26
AT2G46830,AT2G21660,GRN_regulates,3,23754942,CCA1,
AT2G43010,AT4G14130,GRN_activates,3,24420574,,XTH15
AT3G59060,AT4G14130,GRN_activates,3,24420574,PIF5,XTH15
AT1G04510,AT3G54180,GRN_activates,3,37850874,,CDKB1-1
AT2G33340,AT3G54180,GRN_activates,3,37850874,,CDKB1-1
AT3G55580,AT5G20230,GRN_regulates,3,26393916,,BCB
AT5G49450,AT3G30775,GRN_activates,3,26263501,,POX1
AT3G01472,AT1G37130,GRN_represses,3,21406103,,NIA2
AT3G10930,AT5G59820,GRN_represses,3,28586470,,ZAT12
AT1G16880,AT5G35630,GRN_activates,3,30087396,ACR11,GLN2
AT1G19850,AT2G38120,GRN_regulates,3,37450945,ARF5,
AT1G19850,AT4G37930,GRN_activates,3,37450945,ARF5,SHM1
AT5G60450,AT4G37930,GRN_represses,3,37450945,,SHM1
AT5G13730,ATCG01010,GRN_regulates,3,20040062,SIGD,
AT3G48090,AT1G32640,GRN_represses,3,32925907,,MYC2
AT2G36270,AT3G24650,GRN_activates,3,25852712,ABI5,ABI3
AT1G12060,AT5G45890,GRN_represses,3,27539741,,SAG12
AT2G46240,AT3G09350,GRN_represses,3,38250364,,Fes1A
AT1G12110,AT1G08100,GRN_activates,3,32526869,NPF6.3,
AT5G60910,AT5G67110,GRN_regulates,3,25018763,AGL8,ALC
AT5G08790,AT5G39610,GRN_activates,3,37731912,,NAC92
AT5G08790,AT5G13180,GRN_activates,3,37731912,,NAC083
AT1G71930,AT5G13180,GRN_represses,3,37731912,,NAC083
AT1G56650,AT4G22880,GRN_activates,3,32552683,MYB75,LDOX
AT5G64770,AT5G20480,GRN_activates,3,35229426,RGF9,
AT2G20570,AT1G68520,GRN_activates,3,36597356,GPRI1,COL6
AT3G01650,AT1G05100,GRN_regulates,3,33805243,,MAPKKK18
AT1G19350,AT3G51860,GRN_activates,3,36938058,,CAX3
AT4G39410,AT1G59870,GRN_activates,3,32582254,,ABCG36
AT3G24650,AT3G51810,GRN_activates,3,32351536,ABI3,EM1
AT1G50420,AT3G49120,GRN_regulates,3,37670865,,PER34
AT2G45190,AT3G58780,GRN_activates,3,22943452,YAB1,
AT4G00180,AT3G58780,GRN_activates,3,22943452,YAB3,
AT5G57580,AT5G26920,GRN_activates,3,38203547,,CBP60G
AT5G56130,AT3G23430,GRN_represses,3,32282821,,PHO1
AT5G65410,AT1G49430,GRN_activates,3,35270067,ZHD1,LACS2
AT5G50260,AT5G64930,GRN_activates,3,28846731,CEP1,
AT5G11260,AT1G77760,GRN_activates,3,26259199,,NIA1
AT2G26190,AT2G36270,GRN_represses,3,29951071,IQM4,ABI5
AT1G78080,AT1G02205,GRN_activates,3,32719695,,CER1
AT1G62710,AT5G50260,GRN_activates,3,31858133,bVPE,CEP1
AT4G26555,AT4G12800,GRN_regulates,3,27137770,FKBP16-1,
AT5G22500,AT2G33810,GRN_represses,3,38261843,FAR1,SPL3
AT5G22500,AT1G53160,GRN_represses,3,38261843,FAR1,SPL4
AT5G22500,AT3G15270,GRN_represses,3,38261843,FAR1,
AT2G33810,AT3G11435,GRN_activates,3,38261843,SPL3,
AT3G44680,AT1G69310,GRN_represses,3,35283908,HDA9,
AT5G04140,AT1G12110,GRN_activates,3,20307264,GLU1,NPF6.3
AT3G51770,AT5G28360,GRN_represses,3,16091151,ETO1,
AT3G50360,AT5G52310,GRN_activates,3,34768907,,RD29A
AT2G38470,AT1G30100,GRN_represses,3,38274648,WRKY33,
AT1G71692,AT4G24540,GRN_activates,3,37628953,,AGL24
AT1G71692,AT5G60910,GRN_activates,3,37628953,,AGL8
AT1G71692,AT2G33810,GRN_activates,3,37628953,,SPL3
AT3G51780,AT5G46240,GRN_activates,3,37899486,,KAT1
AT1G32770,AT4G28500,GRN_regulates,3,34162988,NAC012,NAC073
AT1G32770,AT1G28470,GRN_activates,3,34162988,NAC012,NAC010
AT1G32770,AT1G66230,GRN_regulates,3,34162988,NAC012,
AT1G32770,AT4G12350,GRN_regulates,3,34162988,NAC012,
AT1G32770,AT5G16600,GRN_regulates,3,34162988,NAC012,MYB43
AT1G32770,AT5G56110,GRN_activates,3,34162988,NAC012,
AT4G17460,AT1G19350,GRN_represses,3,35628120,HAT1,
AT3G02730,AT5G24300,GRN_activates,3,26367870,TRXF1,
AT1G19850,AT4G23750,GRN_activates,3,30792730,ARF5,
AT3G57300,AT1G73590,GRN_activates,3,30792730,,PIN1
AT5G65410,AT3G26744,GRN_activates,3,37514340,ZHD1,
AT3G26744,AT5G65410,GRN_represses,3,37514340,,ZHD1
AT4G25480,AT5G59820,GRN_activates,3,33250782,,ZAT12
AT2G20180,AT1G30040,GRN_activates,3,29561841,,GA2OX2
AT3G20770,AT5G22270,GRN_activates,3,25330213,,
AT1G53230,AT5G60910,GRN_activates,3,36231057,,AGL8
AT3G20290,AT4G38130,GRN_activates,3,35401642,,HDA19
AT1G12110,AT4G24670,GRN_represses,3,34357701,NPF6.3,
AT3G54610,AT1G73590,GRN_activates,3,36559684,HAG1,PIN1
AT4G16420,AT1G73590,GRN_activates,3,36559684,,PIN1
AT5G24860,AT1G69120,GRN_activates,3,24626476,FPF1,AP1
AT2G42200,AT5G61850,GRN_activates,3,31905863,SPL9,
AT2G42200,AT5G60910,GRN_activates,3,31905863,SPL9,AGL8
AT1G27360,AT5G60910,GRN_activates,3,31905863,SPL11,AGL8
AT2G36270,AT1G67120,GRN_activates,3,31552080,ABI5,
AT4G24690,AT5G52640,GRN_regulates,3,32967551,,HSP90-1
AT5G20730,AT2G19990,GRN_activates,3,32032352,NPH4,
AT1G78380,AT1G17170,GRN_activates,3,36232831,,GSTU24
AT1G27130,AT1G17170,GRN_activates,3,36232831,,GSTU24
AT3G47500,AT3G08730,GRN_regulates,3,33329669,CDF3,
AT3G47500,AT1G53310,GRN_regulates,3,33329669,CDF3,PPC1
AT5G02110,AT3G12280,GRN_activates,3,26261067,CYCD7-1,
AT5G52520,AT3G27690,GRN_represses,3,23293642,,LHCB2.4
AT2G36270,AT4G32430,GRN_activates,3,27670716,ABI5,
AT5G13080,AT5G43350,GRN_activates,3,35216388,WRKY75,PHT1-1
AT3G01970,AT5G43350,GRN_activates,3,35216388,WRKY45,PHT1-1
AT4G17750,AT3G51910,GRN_activates,3,27639974,,HSFA7A
AT1G32640,AT4G24470,GRN_represses,3,36771705,MYC2,ZIM
AT5G20150,AT2G38940,GRN_represses,3,26557133,SPX1,PHT1-4
AT2G04030,AT5G66570,GRN_regulates,3,32853383,,PSBO1
AT4G26080,AT4G26200,GRN_regulates,3,32326656,,ACS7
AT5G05410,AT5G66140,GRN_activates,3,28894456,DREB2A,
AT3G48090,AT3G52430,GRN_regulates,3,37626829,,PAD4
AT3G25250,AT2G13810,GRN_activates,3,36319610,OXI1,ALD1
AT5G13630,AT1G26973,GRN_represses,3,23839095,CHLH,
AT2G40220,AT2G32460,GRN_activates,3,23196831,,MYB101
AT1G65450,AT5G66400,GRN_activates,3,18278579,,RAB18
AT5G56270,AT2G36270,GRN_represses,3,23095997,,ABI5
AT1G66600,AT2G36270,GRN_represses,3,23095997,,ABI5
AT3G44680,AT2G45170,GRN_represses,3,32687569,HDA9,
AT2G21045,AT1G33760,GRN_regulates,3,36142359,HAC1,ERF022
AT2G32700,AT4G09960,GRN_represses,3,36432874,,STK
AT2G46020,AT2G45660,GRN_represses,3,21445315,,SOC1
AT4G11880,AT2G45660,GRN_activates,3,36017258,,SOC1
AT5G62165,AT1G25560,GRN_represses,3,35790878,,TEM1
AT5G22500,AT1G69120,GRN_represses,3,33997550,FAR1,AP1
AT5G22500,AT5G60910,GRN_represses,3,33997550,FAR1,AGL8
AT5G22500,AT5G61850,GRN_represses,3,33997550,FAR1,
AT5G22500,AT3G11435,GRN_represses,3,33997550,FAR1,
AT2G46830,AT1G09570,GRN_represses,3,35645991,CCA1,
AT3G20770,AT3G48100,GRN_represses,3,35886984,,ARR5
AT3G16770,AT1G30330,GRN_represses,3,29897568,RAP2-3,ARF6
AT1G75080,AT4G37800,GRN_represses,3,29897568,,XTH7
AT3G16770,AT4G37800,GRN_activates,3,29897568,RAP2-3,XTH7
AT3G16770,AT3G20770,GRN_regulates,3,29897568,RAP2-3,
AT4G36990,AT1G64280,GRN_regulates,3,30815005,HSFB1,
AT1G04240,AT2G43010,GRN_represses,3,22479194,SHY2,
AT5G12840,AT3G24650,GRN_activates,3,23637805,,ABI3
AT5G12840,AT2G36270,GRN_activates,3,23637805,,ABI5
AT2G36270,AT5G56270,GRN_regulates,3,19622176,ABI5,
AT3G24650,AT5G56270,GRN_regulates,3,19622176,ABI3,
AT2G31650,AT1G69120,GRN_activates,3,17881378,,AP1
AT1G58290,AT4G31780,GRN_represses,3,24966866,,MGD1
AT5G11260,AT5G13630,GRN_activates,3,24966866,,CHLH
AT4G30960,AT2G26650,GRN_activates,3,36253733,,AKT1
AT5G02810,AT5G28770,GRN_represses,3,30078562,,BZIP63
AT1G28480,AT3G25800,GRN_represses,3,30720746,GRXC9,
AT1G69490,AT5G56970,GRN_activates,3,37789454,NAC029,
AT5G11260,AT1G70940,GRN_represses,3,33367230,,PIN3
AT4G33520,AT3G48730,GRN_represses,3,32061894,,GSA2
AT1G05970,AT1G58602,GRN_regulates,3,30407670,,
AT1G08430,AT1G34370,GRN_represses,3,28738784,ALMT1,
AT2G46830,AT1G26790,GRN_represses,3,30886204,CCA1,
AT5G24470,AT3G51810,GRN_activates,3,34152411,APRR5,EM1
AT5G24470,AT2G40170,GRN_activates,3,34152411,APRR5,EM6
AT3G54610,AT1G01040,GRN_represses,3,33922251,HAG1,
AT1G64760,AT2G36270,GRN_activates,3,37122016,,ABI5
AT1G21970,AT2G30424,GRN_activates,3,26579186,NFYB9,
AT1G21970,AT1G01380,GRN_activates,3,26579186,NFYB9,
AT5G60910,AT5G04275,GRN_activates,3,29422669,AGL8,
AT4G23810,AT1G17420,GRN_represses,3,35887066,WRKY53,LOX3
AT5G61270,AT4G25470,GRN_represses,3,23909712,,DREB1C
AT5G13790,AT5G55835,GRN_activates,3,32937992,AGL15,
AT3G13540,AT4G09820,GRN_regulates,3,37354456,,TT8
AT1G28300,AT1G73590,GRN_activates,3,23951228,,PIN1
AT3G61850,AT2G20180,GRN_activates,3,30367178,DAG1,
AT2G01930,AT4G09960,GRN_regulates,3,28421094,,STK
AT1G08620,AT4G23810,GRN_represses,3,31468026,,WRKY53
AT1G69170,ATMG00290,GRN_activates,3,23516366,,RPS4
AT5G47240,AT1G64280,GRN_represses,3,25436909,atnudt8,
AT1G75540,AT2G47890,GRN_activates,3,33367254,BBX21,
AT2G43010,AT5G59220,GRN_activates,3,33830198,,SAG113
AT4G02980,AT1G73590,GRN_activates,3,20887896,,PIN1
AT5G13080,AT5G44190,GRN_represses,3,34435636,WRKY75,GLK2
AT2G45660,AT4G11070,GRN_activates,3,37176133,SOC1,
AT2G45660,AT4G23810,GRN_activates,3,37176133,SOC1,WRKY53
AT5G61850,AT4G23810,GRN_activates,3,37176133,,WRKY53
AT4G23810,AT2G45660,GRN_activates,3,37176133,WRKY53,SOC1
AT4G23810,AT5G61850,GRN_activates,3,37176133,WRKY53,
AT4G39410,AT5G60910,GRN_regulates,3,37176133,,AGL8
AT1G79840,AT4G29080,GRN_represses,3,31601032,,IAA27
AT3G16857,AT4G10310,GRN_regulates,3,22824128,,HKT1
AT2G25180,AT4G10310,GRN_regulates,3,22824128,,HKT1
AT5G64900,AT1G75040,GRN_activates,3,35164659,PEP1,PR5
AT5G64900,AT5G59820,GRN_activates,3,35164659,PEP1,ZAT12
AT4G09820,AT4G22880,GRN_regulates,3,30603098,TT8,LDOX
AT5G02220,AT4G34160,GRN_represses,3,36609867,,CYCD3-1
AT1G11190,AT5G39610,GRN_regulates,3,25532107,ENDO1,NAC92
AT1G09540,AT1G62990,GRN_regulates,3,35214825,MYB61,KNAT7
AT3G09920,AT1G35580,GRN_represses,3,36099003,PIP5K9,
AT1G63700,AT5G28640,GRN_regulates,3,27920784,,GIF1
AT5G28640,AT1G63700,GRN_represses,3,27920784,GIF1,
AT1G73590,AT5G57090,GRN_activates,3,33023035,PIN1,
AT5G64900,AT4G39400,GRN_activates,3,38186590,PEP1,
AT1G01720,AT3G15500,GRN_regulates,3,35787631,,NAC055
AT1G26945,AT1G02340,GRN_represses,3,37108050,PRE6,
AT1G09570,AT2G27380,GRN_regulates,3,26983497,,EPR1
AT5G16260,AT2G45660,GRN_activates,3,22639636,,SOC1
AT1G77300,AT2G41100,GRN_represses,3,25374573,EFS,CML12
AT1G75080,AT3G22231,GRN_activates,3,37631206,,PCC1
AT1G75080,AT5G17800,GRN_activates,3,37631206,,MYB56
AT1G53190,AT4G28840,GRN_regulates,3,30169501,,
AT1G64860,AT1G29910,GRN_represses,3,24078666,SIGA,LHCB1.1
AT1G18570,AT4G31500,GRN_activates,3,32082343,MYB51,CYP83B1
AT2G38470,AT4G39950,GRN_activates,3,32082343,WRKY33,CYP79B2
AT1G18370,AT5G56580,GRN_activates,3,20802223,KIN7A,MKK6
AT4G17750,AT5G05410,GRN_activates,3,33171626,,DREB2A
AT4G24020,AT1G77760,GRN_activates,3,29033968,,NIA1
AT2G46830,AT5G57380,GRN_regulates,3,35768490,CCA1,
AT4G20360,AT2G30950,GRN_represses,3,30915096,TUFA,VAR2
AT3G25610,AT4G31780,GRN_activates,3,32760418,ALA10,MGD1
AT2G36270,AT1G09080,GRN_activates,3,37563456,ABI5,
AT3G10040,AT4G33070,GRN_represses,3,25226037,,PDC1
AT1G77120,AT3G10040,GRN_represses,3,25226037,ADH1,
AT1G09530,AT5G20230,GRN_regulates,3,35022242,,BCB
AT3G59060,AT2G47015,GRN_represses,3,35022242,PIF5,
AT5G55910,AT1G70940,GRN_activates,3,24948515,,PIN3
AT1G73590,AT5G55910,GRN_activates,3,24948515,PIN1,
AT1G73590,AT2G34650,GRN_activates,3,24948515,PIN1,
AT1G70940,AT5G55910,GRN_regulates,3,24948515,PIN3,
AT5G07840,AT5G52310,GRN_represses,3,37514328,,RD29A
AT4G21350,AT3G24650,GRN_activates,3,36715300,,ABI3
AT3G56400,AT1G32230,GRN_represses,3,24550736,WRKY70,
AT4G37930,AT2G41370,GRN_represses,3,38034559,SHM1,
AT2G42200,AT3G57130,GRN_represses,3,36629519,SPL9,
AT5G50670,AT3G57130,GRN_represses,3,36629519,SPL13A,
AT3G24650,AT3G20810,GRN_activates,3,33324437,ABI3,JMJ30
AT3G20810,AT1G75080,GRN_activates,3,33324437,JMJ30,
AT1G02900,AT1G54970,GRN_activates,3,24620000,RALF1,
AT1G02900,AT5G57560,GRN_activates,3,24620000,RALF1,XTH22
AT1G02900,AT5G19800,GRN_activates,3,24620000,RALF1,
AT3G49500,AT2G33800,GRN_represses,3,24453975,,RPS5
AT1G77300,AT5G44870,GRN_regulates,3,20949080,EFS,LAZ5
AT4G04890,AT3G51375,GRN_activates,3,32139673,PDF2,
AT4G00450,AT5G60910,GRN_activates,3,22247249,,AGL8
AT2G45660,AT5G50790,GRN_activates,3,32013867,SOC1,SWEET10
AT5G43810,AT5G63715,GRN_represses,3,21496644,AGO10,
AT4G09820,AT1G21970,GRN_represses,3,28270825,TT8,NFYB9
AT4G09820,AT1G28300,GRN_represses,3,28270825,TT8,
AT2G01570,AT1G30330,GRN_represses,3,33322385,,ARF6
AT4G36730,AT3G52430,GRN_activates,3,35379074,,PAD4
AT5G40350,AT1G72710,GRN_activates,3,32106561,MYB24,
AT3G15210,AT5G63580,GRN_activates,3,24104185,,FLS2
AT4G27330,AT3G55560,GRN_represses,3,35642455,,AHL15
AT3G55560,AT4G27330,GRN_represses,3,35642455,AHL15,
AT3G53310,AT2G45660,GRN_activates,3,37171544,,SOC1
AT3G59060,AT3G14370,GRN_activates,3,24204373,PIF5,
AT3G15500,AT2G39800,GRN_activates,3,31921239,NAC055,
AT1G19350,AT1G12110,GRN_activates,3,36247555,,NPF6.3
AT4G35600,AT5G40820,GRN_represses,3,25274733,CONNEXIN 32,
AT4G18710,AT2G47270,GRN_activates,3,32609718,,UPB1
AT1G77800,AT2G47270,GRN_represses,3,32609718,,UPB1
AT4G33430,AT1G75710,GRN_represses,3,34615886,,
AT1G75710,AT4G34160,GRN_represses,3,34615886,,CYCD3-1
AT1G75710,AT2G44740,GRN_represses,3,34615886,,
AT1G64620,AT1G75710,GRN_activates,3,34615886,,
AT1G75710,AT1G64620,GRN_represses,3,34615886,,
AT1G27360,AT4G36920,GRN_activates,3,35596144,SPL11,
AT2G01430,AT4G17460,GRN_represses,3,24006420,,HAT1
AT2G33860,AT4G28520,GRN_activates,3,34828269,,CRC
AT3G61970,AT4G28520,GRN_activates,3,34828269,,CRC
AT1G71930,AT4G18780,GRN_regulates,3,33267872,,CESA8
AT1G79680,AT5G39610,GRN_represses,3,34063046,WAKL10,NAC92
AT5G14340,AT5G43350,GRN_represses,3,34778748,,PHT1-1
AT2G16060,AT1G34190,GRN_represses,3,36232478,AHB1,
AT4G34000,AT5G51070,GRN_activates,3,34203360,,CLPD
AT4G34000,AT2G45660,GRN_activates,3,34203360,,SOC1
AT5G66400,AT1G15480,GRN_represses,3,32397956,RAB18,
AT3G51800,AT1G02900,GRN_represses,3,30339663,ATG2,RALF1
AT3G51800,AT1G76650,GRN_represses,3,30339663,ATG2,
AT3G51550,AT3G51800,GRN_regulates,3,30339663,,ATG2
AT3G29030,AT1G02900,GRN_represses,3,29028796,EXPA5,RALF1
AT5G67070,AT4G33430,GRN_represses,3,29028796,RALFL34,
AT1G02900,AT5G14740,GRN_activates,3,29028796,RALF1,
AT2G36270,AT5G13800,GRN_activates,3,34579353,ABI5,PPH
AT3G20770,AT5G02760,GRN_activates,3,34603364,,
AT5G11260,AT2G24790,GRN_regulates,3,35111179,,COL3
AT5G63860,AT5G05690,GRN_activates,3,37676395,,CYP90A1
AT1G06040,AT3G24650,GRN_represses,3,37446954,,ABI3
AT1G06040,AT2G36270,GRN_represses,3,37446954,,ABI5
AT3G52430,AT3G48090,GRN_represses,3,28475615,PAD4,
AT2G01570,AT3G54340,GRN_represses,3,24632777,,AP3
AT5G61270,AT4G32280,GRN_activates,3,31705802,,IAA29
AT3G28910,AT1G35720,GRN_represses,3,34828320,,ANN1
AT5G46950,AT2G35670,GRN_activates,3,29441087,,
AT2G31880,AT5G48380,GRN_represses,3,35806456,SOBIR1,
AT2G45660,AT4G36920,GRN_represses,3,30295903,SOC1,
AT2G39840,AT1G73590,GRN_regulates,3,36186070,,PIN1
AT1G32640,AT3G56390,GRN_represses,3,28640868,MYC2,
AT5G49330,AT5G42800,GRN_regulates,3,35873979,,DFRA
AT1G51140,AT5G13330,GRN_represses,3,37108512,,ERF113
AT3G52430,AT1G08720,GRN_represses,3,31876224,PAD4,
AT2G36270,AT5G60410,GRN_regulates,3,26376625,ABI5,
AT5G64900,AT4G11280,GRN_activates,3,34764230,PEP1,
AT5G64900,AT1G18570,GRN_activates,3,34764230,PEP1,MYB51
AT4G10180,AT2G36270,GRN_represses,3,35046987,,ABI5
AT3G51850,AT5G37500,GRN_represses,3,30736441,,GORK
AT2G36270,AT2G42540,GRN_regulates,3,35216467,ABI5,COR15A
AT5G56270,AT2G33880,GRN_activates,3,34142712,,WOX9
AT5G61670,AT5G17230,GRN_regulates,3,29729208,,PSY
AT2G22540,AT1G68840,GRN_activates,3,35222453,,RAV2
AT4G39100,AT2G45660,GRN_represses,3,34071961,,SOC1
AT1G77850,AT1G30330,GRN_regulates,3,25324849,,ARF6
AT1G77850,AT5G37020,GRN_regulates,3,25324849,,ARF8
AT5G22500,AT2G42870,GRN_activates,3,36304753,FAR1,
AT5G22500,AT5G43940,GRN_activates,3,36304753,FAR1,
AT5G64330,AT3G45780,GRN_represses,3,34675214,RPT3,
AT5G11310,AT3G24650,GRN_regulates,3,25005137,,ABI3
AT2G45660,AT5G13800,GRN_represses,3,37789484,SOC1,PPH
AT4G38130,AT2G36270,GRN_activates,3,31681394,HDA19,ABI5
AT4G17460,AT3G14440,GRN_represses,3,30558150,HAT1,NCED3
AT1G34370,AT1G12110,GRN_activates,3,35163057,,NPF6.3
AT4G38130,AT5G22570,GRN_represses,3,34991465,HDA19,WRKY38
AT4G38130,AT5G01900,GRN_represses,3,34991465,HDA19,WRKY62
AT4G38130,AT2G14610,GRN_regulates,3,34991465,HDA19,PR1
AT2G21070,AT2G45660,GRN_represses,3,34989479,,SOC1
AT4G35310,AT3G26830,GRN_activates,3,38266087,,CYP71B15
AT5G62470,AT5G37300,GRN_regulates,3,37936930,MYB96,WSD1
AT1G12110,AT1G77763,GRN_regulates,3,33362808,NPF6.3,
AT1G02860,AT5G39610,GRN_regulates,3,36017256,,NAC92
AT4G37940,AT2G36270,GRN_activates,3,36092418,,ABI5
AT4G14410,AT1G65450,GRN_activates,3,30639920,,
AT5G40770,AT1G44900,GRN_represses,3,30674698,,MCM2
AT5G63110,AT4G35020,GRN_represses,3,38214469,HDA6,
AT4G28610,AT2G02990,GRN_activates,3,15894620,,RNS1
AT5G59220,AT2G33620,GRN_regulates,3,30670655,SAG113,
AT1G68150,AT3G48520,GRN_represses,3,33619745,,CYP94B3
AT5G10980,AT5G10140,GRN_activates,3,34618105,HTR8,
AT5G01820,AT2G38470,GRN_regulates,3,33616649,,WRKY33
AT3G28910,AT3G22370,GRN_activates,3,31951058,,AOX1A
AT4G20380,AT2G20570,GRN_represses,3,34951648,,GPRI1
AT4G24560,AT4G37930,GRN_regulates,3,23857362,,SHM1
AT4G24190,AT4G16860,GRN_represses,3,24611624,,RPP4
AT4G15900,AT5G16600,GRN_activates,3,36922399,,MYB43
AT3G23240,AT5G20730,GRN_represses,3,37224012,,NPH4
AT2G45660,AT5G16260,GRN_activates,3,19376936,SOC1,
AT1G10170,AT5G05410,GRN_activates,3,38141041,,DREB2A
AT2G36270,AT1G03790,GRN_activates,3,24326588,ABI5,SOM
AT3G59380,AT2G26650,GRN_represses,3,25355908,,AKT1
AT5G40820,AT4G37490,GRN_regulates,2,17487278,,CYCB1-1
AT5G63870,AT1G09570,GRN_represses,2,18628957,PP7,
AT2G20875,AT5G62230,GRN_activates,2,26320950,,ERL1
AT1G80080,AT5G62230,GRN_represses,2,26320950,,ERL1
AT1G67700,AT1G56500,GRN_activates,2,37024091,HHL1,
AT4G28500,AT4G29230,GRN_regulates,2,25535195,NAC073,
AT4G29230,AT4G28500,GRN_regulates,2,25535195,,NAC073
AT2G18060,AT1G32770,GRN_activates,2,25148240,,NAC012
AT4G36160,AT1G32770,GRN_activates,2,25148240,,NAC012
AT5G66300,AT1G32770,GRN_activates,2,25148240,,NAC012
AT1G12260,AT1G32770,GRN_activates,2,25148240,,NAC012
AT1G62700,AT1G32770,GRN_activates,2,25148240,,NAC012
AT1G32770,AT2G40220,GRN_represses,2,29973639,NAC012,
AT1G32640,AT2G46770,GRN_activates,2,35927944,MYC2,NAC043
AT5G56110,AT4G36220,GRN_activates,2,28720072,,CYP84A1
AT2G46770,AT4G13540,GRN_represses,2,30911018,NAC043,
AT1G65450,AT3G09720,GRN_activates,2,24176057,,
AT1G65450,AT1G52340,GRN_activates,2,24176057,,
AT1G65450,AT4G29130,GRN_activates,2,24176057,,
AT2G26650,AT3G62300,GRN_activates,2,27458473,AKT1,
AT5G55990,AT4G17615,GRN_activates,2,36690625,,CBL1
AT5G24270,AT4G22200,GRN_regulates,2,30239807,,AKT2
AT1G04240,AT5G19040,GRN_activates,2,30239807,SHY2,
AT5G47100,AT2G26980,GRN_activates,2,20808518,,CIPK3
AT1G76590,AT5G24270,GRN_represses,2,36768932,,
AT5G14740,AT4G17615,GRN_activates,2,32117382,,CBL1
AT4G04720,AT5G37500,GRN_activates,2,32117382,,GORK
AT1G35670,AT2G25600,GRN_regulates,2,32117382,,AKT6
AT2G31500,AT2G25600,GRN_regulates,2,32117382,CPK24,AKT6
AT4G16350,AT2G26980,GRN_regulates,2,29225607,,CIPK3
AT4G27410,AT2G33380,GRN_activates,2,36710321,RD26,PXG3
AT1G32640,AT5G24780,GRN_regulates,2,24416038,MYC2,VSP1
AT5G66240,AT4G15180,GRN_regulates,2,31113491,,
AT5G20830,AT3G54050,GRN_activates,2,27905870,,CFBP1
AT3G54050,AT1G43670,GRN_activates,2,27905870,CFBP1,
AT1G17280,AT1G22710,GRN_regulates,2,36232444,,SUC2
AT5G41340,AT3G54050,GRN_regulates,2,36232444,,CFBP1
AT3G54500,AT2G40080,GRN_activates,2,24592314,,
AT5G64170,AT1G68050,GRN_activates,2,24592314,,ADO3
AT3G54500,AT1G68050,GRN_activates,2,24592314,,ADO3
AT5G42900,AT3G09600,GRN_activates,2,37017001,,RVE8
AT4G33980,AT3G09600,GRN_activates,2,37017001,,RVE8
AT5G24470,AT3G54500,GRN_represses,2,33138078,APRR5,
AT5G24470,AT3G12320,GRN_represses,2,33138078,APRR5,
AT5G24470,AT5G06980,GRN_represses,2,33138078,APRR5,
AT2G46790,AT3G59060,GRN_represses,2,33138078,,PIF5
AT5G24470,AT5G39660,GRN_regulates,2,33138078,APRR5,
AT5G24470,AT3G47500,GRN_regulates,2,33138078,APRR5,CDF3
AT5G24470,AT5G17300,GRN_regulates,2,33138078,APRR5,
AT5G24470,AT1G18330,GRN_regulates,2,33138078,APRR5,
AT5G39610,AT2G30250,GRN_represses,2,32038695,NAC92,WRKY25
AT2G30250,AT4G31800,GRN_regulates,2,32038695,WRKY25,
AT2G30250,AT5G07100,GRN_regulates,2,32038695,WRKY25,WRKY26
AT5G07100,AT2G38470,GRN_regulates,2,32038695,WRKY26,WRKY33
AT5G63580,AT2G28830,GRN_regulates,2,24237140,FLS2,
AT5G63580,AT3G46510,GRN_regulates,2,24237140,FLS2,
AT1G69570,AT5G24800,GRN_regulates,2,35218590,,BZIP9
AT1G69570,AT3G48740,GRN_regulates,2,35218590,,SWEET11
AT1G69570,AT5G23660,GRN_regulates,2,35218590,,SWEET12
AT1G65450,AT5G19930,GRN_activates,2,29321786,,
AT1G65450,AT3G23210,GRN_activates,2,29321786,,
AT3G23210,AT1G65450,GRN_regulates,2,29321786,,
AT1G65450,AT3G44290,GRN_activates,2,24625790,,
AT5G39050,AT1G65450,GRN_activates,2,33600798,PMAT1,
AT1G65450,AT4G39400,GRN_activates,2,24719453,,
AT1G02145,AT5G05690,GRN_represses,2,35628619,,CYP90A1
AT1G80380,AT1G65450,GRN_represses,2,19706780,,
AT5G57050,AT4G29080,GRN_regulates,2,21533841,,IAA27
AT3G54320,AT2G47240,GRN_represses,2,34168663,,LACS1
AT1G79700,AT5G52920,GRN_represses,2,33129252,,
AT1G78240,AT1G56650,GRN_activates,2,18167546,,MYB75
AT4G17980,AT4G30290,GRN_activates,2,34730809,,XTH19
AT1G47710,AT4G16515,GRN_represses,2,27315833,,RGF6
AT2G46830,AT1G29920,GRN_regulates,2,19060255,CCA1,LHCB1.1
AT4G30180,AT2G40610,GRN_represses,2,35406652,,EXPA8
AT4G30180,AT1G20190,GRN_represses,2,35406652,,EXPA11
AT4G30180,AT3G23050,GRN_represses,2,35406652,,IAA7
AT4G30180,AT1G04250,GRN_represses,2,35406652,,IAA17
AT3G25710,AT1G19850,GRN_regulates,2,25268707,,ARF5
AT5G63580,AT2G43790,GRN_activates,2,30518761,FLS2,
AT3G26090,AT5G63580,GRN_regulates,2,29545645,,FLS2
AT4G04490,AT2G39660,GRN_activates,2,29163585,CRK36,
AT5G64900,AT2G39660,GRN_activates,2,32605179,PEP1,
AT3G08500,AT1G52760,GRN_activates,2,27390589,MYB83,
AT5G63860,AT5G08640,GRN_activates,2,35811570,,FLS1
AT2G36270,AT1G66600,GRN_regulates,2,20487379,ABI5,
AT5G44610,AT4G33950,GRN_activates,2,29568301,PCAP2,
AT5G44610,AT1G49720,GRN_activates,2,29568301,PCAP2,
AT5G44610,AT4G34000,GRN_activates,2,29568301,PCAP2,
AT5G44610,AT3G19290,GRN_activates,2,29568301,PCAP2,
AT4G35900,AT1G69120,GRN_activates,2,34122468,,AP1
AT1G45249,AT5G52310,GRN_activates,2,31147630,ABF2,RD29A
AT1G04450,AT5G16490,GRN_activates,2,15824136,RIC3,
AT1G65470,AT5G65360,GRN_regulates,2,36260743,,HTR2
AT1G19490,AT5G51810,GRN_represses,2,33672598,,GA20OX2
AT5G65410,AT3G18960,GRN_activates,2,32668199,ZHD1,
AT3G18960,AT4G37930,GRN_activates,2,32668199,,SHM1
AT3G48430,AT5G51810,GRN_activates,2,35591912,,GA20OX2
AT3G48430,AT4G11910,GRN_activates,2,30969965,,SGR2
AT3G48430,AT4G15530,GRN_activates,2,30969965,,PPDK
AT3G48430,AT3G52430,GRN_activates,2,30969965,,PAD4
AT3G48430,AT1G55020,GRN_activates,2,30969965,,LOX1
AT3G48430,AT1G73590,GRN_regulates,2,36672228,,PIN1
AT3G48430,AT1G70940,GRN_regulates,2,36672228,,PIN3
AT1G70940,AT3G48430,GRN_regulates,2,36672228,PIN3,
AT1G69530,AT3G48430,GRN_regulates,2,36672228,ATEXPA1,
AT2G45660,AT5G60910,GRN_activates,2,30946745,SOC1,AGL8
AT2G45660,AT5G56860,GRN_represses,2,25755661,SOC1,
AT5G16540,AT1G69120,GRN_activates,2,26528302,ZFN3,AP1
AT5G16540,AT4G36920,GRN_activates,2,26528302,ZFN3,
AT3G12820,AT5G42800,GRN_activates,2,27635336,,DFRA
AT3G13540,AT1G17170,GRN_regulates,2,27635336,,GSTU24
AT5G14740,AT5G26920,GRN_activates,2,28253311,,CBP60G
AT5G26920,AT2G47190,GRN_regulates,2,28253311,CBP60G,ATMYB2
AT5G42800,AT4G22880,GRN_regulates,2,21849042,DFRA,LDOX
AT5G42800,AT5G35550,GRN_regulates,2,26448466,DFRA,
AT4G22880,AT5G35550,GRN_regulates,2,26448466,LDOX,
AT3G27785,AT3G12203,GRN_activates,2,26029237,,SCPL17
AT3G54610,AT1G21970,GRN_regulates,2,35269485,HAG1,NFYB9
AT3G54610,AT1G28300,GRN_regulates,2,35269485,HAG1,
AT1G20375,AT3G24650,GRN_activates,2,24330668,,ABI3
AT1G20375,AT2G36270,GRN_activates,2,24330668,,ABI5
AT3G01970,AT5G45890,GRN_activates,2,34371583,WRKY45,SAG12
AT4G17750,AT5G54160,GRN_activates,2,32184794,,OMT1
AT1G70510,AT4G37930,GRN_regulates,2,24776954,,SHM1
AT3G54420,AT3G56400,GRN_regulates,2,36167502,,WRKY70
AT2G37630,AT2G45190,GRN_represses,2,23133401,,YAB1
AT2G45190,AT2G17950,GRN_represses,2,23133401,YAB1,
AT5G47500,AT5G02030,GRN_represses,2,23148846,PME68,
AT1G19850,AT5G10510,GRN_activates,2,26459062,ARF5,AIL6
AT2G45660,AT1G22310,GRN_represses,2,32156087,SOC1,
AT5G25610,AT1G32640,GRN_activates,2,28125637,RD22,MYC2
AT1G77120,AT2G47190,GRN_activates,2,28125637,ADH1,ATMYB2
AT3G28910,AT3G43720,GRN_activates,2,36996230,,LTPG2
AT1G27740,AT1G33240,GRN_activates,2,35713645,,AT-GTL1
AT5G03740,AT5G57050,GRN_regulates,2,22368268,HDT3,
AT3G20310,AT4G38130,GRN_represses,2,22368268,,HDA19
AT1G24190,AT4G38130,GRN_represses,2,22368268,,HDA19
AT2G35160,AT4G08150,GRN_represses,2,36828846,,KNAT1
AT2G22740,AT4G08150,GRN_represses,2,36828846,,KNAT1
AT2G19520,AT5G63110,GRN_regulates,2,27200029,,HDA6
AT5G22880,AT5G10140,GRN_activates,2,29161428,H2B,
AT1G23800,AT4G33070,GRN_activates,2,29777132,ALDH2B7,PDC1
AT2G47770,AT4G37290,GRN_regulates,2,29777132,TSPO,
AT1G62830,AT3G56710,GRN_regulates,2,30124938,,SIB1
AT5G63110,AT1G14760,GRN_represses,2,23271976,HDA6,
AT5G63110,AT5G49160,GRN_activates,2,21552333,HDA6,
AT1G32640,AT5G04190,GRN_regulates,2,35622862,MYC2,
AT1G13260,AT1G55600,GRN_regulates,2,30518173,RAV1,
AT1G13260,AT3G19700,GRN_regulates,2,30518173,RAV1,
AT2G36270,AT4G25350,GRN_represses,2,30518173,ABI5,
AT2G36270,AT1G13260,GRN_regulates,2,30518173,ABI5,RAV1
AT5G39610,AT4G30270,GRN_activates,2,35371171,NAC92,XTH24
AT3G10520,AT4G39950,GRN_activates,2,28199692,AHB2,CYP79B2
AT3G10520,AT1G08980,GRN_activates,2,28199692,AHB2,
AT1G73730,AT1G18570,GRN_represses,2,25426131,,MYB51
AT5G61420,AT5G07700,GRN_activates,2,25426131,MYB28,
AT3G26830,AT1G01040,GRN_activates,2,23528052,CYP71B15,
AT3G45140,AT1G01040,GRN_activates,2,23528052,LOX2,
AT3G45140,AT3G03300,GRN_activates,2,23528052,LOX2,
AT3G04720,AT3G03300,GRN_activates,2,23528052,HEL,
AT2G39940,AT4G34410,GRN_regulates,2,23382734,,ERF109
AT4G17880,AT3G15500,GRN_regulates,2,23382734,,NAC055
AT1G74710,AT1G73805,GRN_represses,2,33260627,,SARD1
AT1G19180,AT1G70700,GRN_activates,2,29966336,,JAZ9
AT1G17380,AT1G70700,GRN_activates,2,29966336,TIFY11A,JAZ9
AT2G34600,AT1G70700,GRN_activates,2,29966336,TIFY 5B,JAZ9
AT2G30250,AT2G14610,GRN_represses,2,17214894,WRKY25,PR1
AT2G39940,AT5G24780,GRN_activates,2,32093127,,VSP1
AT3G25800,AT1G06160,GRN_activates,2,33613599,,ERF094
AT1G70700,AT3G25800,GRN_activates,2,30194307,JAZ9,
AT2G34600,AT3G49620,GRN_activates,2,27241491,TIFY 5B,DIN11
AT1G32640,AT3G03760,GRN_activates,2,26896849,MYC2,
AT2G34600,AT2G39030,GRN_activates,2,26896849,TIFY 5B,NATA1
AT1G30330,AT2G23170,GRN_regulates,2,31505771,ARF6,GH3.3
AT1G30330,AT4G27260,GRN_regulates,2,31505771,ARF6,
AT1G30330,AT5G54510,GRN_regulates,2,31505771,ARF6,GH3.6
AT5G37020,AT2G23170,GRN_regulates,2,31505771,ARF8,GH3.3
AT5G37020,AT5G54510,GRN_regulates,2,31505771,ARF8,GH3.6
AT4G25250,AT2G45220,GRN_represses,2,33029918,,PME17
AT1G48020,AT2G45220,GRN_represses,2,33029918,PMEI1,PME17
AT3G23240,AT3G12500,GRN_activates,2,35876605,,CHI-B
AT5G64900,AT3G48090,GRN_activates,2,33142885,PEP1,
AT3G21630,AT1G35720,GRN_activates,2,33142885,,ANN1
AT1G75040,AT4G35160,GRN_represses,2,34234798,PR5,ASMT
AT1G32640,AT1G74950,GRN_activates,2,21321051,MYC2,
AT4G30480,AT5G54250,GRN_represses,2,28152090,,CNGC4
AT1G30135,AT5G13080,GRN_represses,2,33165597,TIFY5A,WRKY75
AT1G18570,AT1G74080,GRN_regulates,2,31611892,MYB51,
AT2G14610,AT4G00830,GRN_activates,2,24914891,PR1,
AT5G61420,AT4G00830,GRN_regulates,2,24914891,MYB28,
AT1G32640,AT4G00830,GRN_represses,2,24914891,MYC2,
AT5G60890,AT4G00830,GRN_regulates,2,24914891,MYB34,
AT1G61340,AT2G35000,GRN_regulates,2,35056016,,
AT3G25800,AT1G56430,GRN_regulates,2,28835670,,NAS4
AT3G25800,AT5G24770,GRN_activates,2,28835670,,VSP2
AT2G33460,AT1G20090,GRN_represses,2,17957256,RIC1,
AT2G35980,AT5G59880,GRN_represses,2,36293146,NHL10,
AT5G57620,AT2G36100,GRN_activates,2,33986765,MYB36,CASP1
AT5G57620,AT2G28670,GRN_regulates,2,33986765,MYB36,
AT5G49760,AT5G14740,GRN_regulates,2,33986765,,
AT3G51300,AT4G24580,GRN_represses,2,19108776,ARAC11,
AT5G57620,AT3G18480,GRN_activates,2,30602700,MYB36,
AT2G18550,AT3G18550,GRN_regulates,2,36945724,ATHB-21,
AT5G44610,AT1G20090,GRN_activates,2,36114666,PCAP2,
AT3G29100,AT3G62680,GRN_activates,2,24737717,,PRP3
AT1G02900,AT1G27740,GRN_activates,2,35312071,RALF1,
AT1G12110,AT3G25790,GRN_regulates,2,25723764,NPF6.3,
AT1G75820,AT5G65700,GRN_represses,2,34643181,,BAM1
AT4G34410,AT5G07310,GRN_regulates,2,31585333,ERF109,
AT1G04240,AT1G23080,GRN_represses,2,33918090,SHY2,
AT1G68880,AT2G45660,GRN_activates,2,28513600,,SOC1
AT1G68880,AT1G69120,GRN_activates,2,28513600,,AP1
AT1G52560,AT4G24740,GRN_activates,2,38273946,,AFC2
AT4G10250,AT4G24740,GRN_activates,2,38273946,,AFC2
AT3G56710,AT4G24740,GRN_activates,2,38273946,SIB1,AFC2
AT3G57260,AT4G24740,GRN_activates,2,38273946,BGL2,AFC2
AT2G29350,AT4G24740,GRN_activates,2,38273946,SAG13,AFC2
AT4G02380,AT4G24740,GRN_activates,2,38273946,,AFC2
AT5G14930,AT4G24740,GRN_activates,2,38273946,,AFC2
AT1G21410,AT4G11650,GRN_activates,2,34360680,SKP2A,OSM34
AT1G25250,AT1G70560,GRN_regulates,2,24453227,AtIDD16,
AT5G54470,AT5G60890,GRN_activates,2,36807054,,MYB34
AT5G54470,AT1G18570,GRN_activates,2,36807054,,MYB51
AT5G61420,AT4G13770,GRN_activates,2,23580754,MYB28,CYP83A1
AT5G07690,AT1G16410,GRN_activates,2,23580754,MYB29,CYP79F1
AT5G07690,AT4G13770,GRN_activates,2,23580754,MYB29,CYP83A1
AT5G07700,AT5G23020,GRN_activates,2,23580754,,MAM3
AT5G07700,AT1G16410,GRN_activates,2,23580754,,CYP79F1
AT5G07700,AT4G13770,GRN_activates,2,23580754,,CYP83A1
AT1G75080,AT5G60890,GRN_activates,2,23580754,,MYB34
AT1G75080,AT1G18570,GRN_activates,2,23580754,,MYB51
AT2G36270,AT4G31500,GRN_regulates,2,27549907,ABI5,CYP83B1
AT1G18570,AT3G56390,GRN_regulates,2,26379682,MYB51,
AT1G18570,AT2G30770,GRN_activates,2,26379682,MYB51,CYP71A13
AT1G74080,AT2G30770,GRN_activates,2,26379682,,CYP71A13
AT2G18790,AT1G67030,GRN_represses,2,35720591,,ZFP6
AT2G43010,AT1G67030,GRN_activates,2,35720591,,ZFP6
AT1G09570,AT1G67030,GRN_represses,2,35720591,,ZFP6
AT1G09570,AT1G64860,GRN_activates,2,35720591,,SIGA
AT1G19660,AT1G19640,GRN_represses,2,32384799,BBD2,JMT
AT5G05410,AT2G26150,GRN_regulates,2,28640975,DREB2A,
AT1G66350,AT3G57800,GRN_regulates,2,28591805,RGL1,BHLH60
AT2G30280,AT4G25470,GRN_activates,2,26522658,,DREB1C
AT2G30280,AT5G52310,GRN_represses,2,26522658,,RD29A
AT5G45900,AT2G24820,GRN_represses,2,29937503,ATG7,
AT3G60140,AT2G24820,GRN_represses,2,29937503,BGLU30,
AT3G49620,AT2G24820,GRN_represses,2,29937503,DIN11,
AT5G45890,AT2G24820,GRN_represses,2,29937503,SAG12,
AT2G29350,AT2G24820,GRN_represses,2,29937503,SAG13,
AT2G35980,AT2G24820,GRN_represses,2,29937503,NHL10,
AT2G24820,AT5G20230,GRN_represses,2,35205352,,BCB
AT4G22070,AT1G02220,GRN_regulates,2,35205352,,NAC003
AT2G40740,AT1G02220,GRN_regulates,2,35205352,,NAC003
AT5G15130,AT1G02220,GRN_regulates,2,35205352,,NAC003
AT5G13080,AT1G02220,GRN_regulates,2,35205352,WRKY75,NAC003
AT5G43650,AT1G02220,GRN_regulates,2,35205352,,NAC003
AT1G02900,AT4G30190,GRN_regulates,2,35878023,RALF1,
AT4G37930,AT2G16910,GRN_activates,2,27398935,SHM1,
AT5G43810,AT4G32540,GRN_activates,2,26358077,AGO10,
AT2G43000,AT1G66350,GRN_activates,2,33793923,,RGL1
AT4G25490,AT2G42530,GRN_activates,2,33793923,DREB1B,COR15B
AT4G23130,AT4G23810,GRN_represses,2,36428987,,WRKY53
AT5G07200,AT5G61780,GRN_represses,2,34065034,GA20OX3,
AT3G63375,AT5G37020,GRN_regulates,2,34065034,,ARF8
AT2G40220,AT5G62920,GRN_represses,2,34065034,,ARR6
AT2G40220,AT1G19050,GRN_represses,2,34065034,,ARR7
AT1G64530,AT2G33810,GRN_regulates,2,31438763,,SPL3
AT1G77760,AT1G37130,GRN_regulates,2,31438763,NIA1,NIA2
AT1G64530,AT1G77760,GRN_activates,2,35163124,,NIA1
AT1G08090,AT1G77760,GRN_represses,2,35009131,,NIA1
AT5G60410,AT1G77760,GRN_regulates,2,21772271,,NIA1
AT5G60410,AT1G37130,GRN_regulates,2,21772271,,NIA2
AT3G22880,AT1G77300,GRN_represses,2,19915673,,EFS
AT1G77300,AT5G62320,GRN_represses,2,19915673,EFS,
AT1G77300,AT1G61110,GRN_represses,2,19915673,EFS,NAC025
AT5G40350,AT5G08640,GRN_activates,2,33831169,MYB24,FLS1
AT1G30330,AT3G27810,GRN_activates,2,22346763,ARF6,
AT5G37020,AT5G40350,GRN_activates,2,22346763,ARF8,MYB24
AT3G20840,AT2G26980,GRN_represses,2,37441172,,CIPK3
AT3G20840,AT4G20260,GRN_represses,2,37441172,,PCAP1
AT3G20840,AT5G63850,GRN_represses,2,37441172,,AAP4
AT3G20840,AT2G25000,GRN_represses,2,37441172,,WRKY60
AT2G32950,AT1G69530,GRN_represses,2,35166830,,ATEXPA1
AT2G32950,AT2G40610,GRN_represses,2,35166830,,EXPA8
AT1G08970,AT2G36270,GRN_activates,2,27624486,NFYC9,ABI5
AT1G61110,AT5G05290,GRN_activates,2,30419294,NAC025,
AT1G25560,AT3G27920,GRN_regulates,2,31998554,TEM1,
AT1G68840,AT3G27920,GRN_regulates,2,31998554,RAV2,
AT5G25160,AT5G15960,GRN_activates,2,27977750,,KIN1
AT5G25160,AT5G25610,GRN_activates,2,27977750,,RD22
AT1G32640,AT4G39030,GRN_activates,2,33617121,MYC2,
AT4G27410,AT3G11480,GRN_activates,2,33617121,RD26,BSMT1
AT1G71930,AT5G04200,GRN_activates,2,35154217,,AMC9
AT1G71930,AT5G54690,GRN_activates,2,35154217,,GAUT12
AT5G12870,AT4G26220,GRN_activates,2,35154217,MYB46,
AT2G43010,AT3G02170,GRN_activates,2,28791042,,LNG2
AT4G35040,AT1G60960,GRN_regulates,2,36348172,,IRT3
AT5G11260,AT5G43350,GRN_activates,2,37360842,,PHT1-1
AT2G44745,AT4G23100,GRN_regulates,2,35958220,WRKY12,
AT5G56130,AT1G08430,GRN_regulates,2,34322147,,ALMT1
AT1G27730,AT3G09640,GRN_activates,2,31466344,ZAT10,
AT5G04340,AT5G27380,GRN_activates,2,31466344,ZAT6,
AT5G04340,AT1G03980,GRN_activates,2,31466344,ZAT6,
AT3G53600,AT1G20440,GRN_regulates,2,31466344,,COR47
AT3G53600,AT2G34600,GRN_regulates,2,31466344,,TIFY 5B
AT2G43790,AT5G04340,GRN_activates,2,27047508,,ZAT6
AT4G17810,AT1G69120,GRN_regulates,2,37216511,,AP1
AT2G41940,AT5G61850,GRN_regulates,2,37216511,ZFP8,
AT2G41940,AT1G69120,GRN_regulates,2,37216511,ZFP8,AP1
AT2G26650,AT1G73590,GRN_regulates,2,35008809,AKT1,PIN1
AT5G16023,AT4G00710,GRN_represses,2,37898648,,BSK3
AT3G59060,AT5G59010,GRN_activates,2,37898648,PIF5,
AT5G24780,AT5G03280,GRN_activates,2,19513806,VSP1,
AT3G45140,AT5G03280,GRN_activates,2,19513806,LOX2,
AT1G72260,AT5G03280,GRN_activates,2,19513806,THI2.1,
AT5G62470,AT4G35020,GRN_regulates,2,30979883,MYB96,
AT5G62470,AT3G48040,GRN_regulates,2,30979883,MYB96,
AT5G62470,AT5G62880,GRN_regulates,2,30979883,MYB96,
AT2G36270,AT2G46020,GRN_represses,2,30979883,ABI5,
AT2G29350,AT5G28030,GRN_represses,2,30532763,SAG13,
AT5G13170,AT5G28030,GRN_represses,2,30532763,SWEET15,
AT5G39860,AT2G43010,GRN_regulates,2,31078552,PRE1,
AT2G46830,AT3G50660,GRN_activates,2,31639820,CCA1,
AT5G20730,AT4G03210,GRN_regulates,2,31626627,NPH4,XTH9
AT5G60850,AT3G54180,GRN_represses,2,27297966,DOF5.4,CDKB1-1
AT1G69690,AT1G15570,GRN_activates,2,27297966,TCP15,CYCA2-3
AT5G60850,AT4G37490,GRN_represses,2,27297966,DOF5.4,CYCB1-1
AT4G15510,AT2G43010,GRN_regulates,2,35510737,PPD1,
AT4G15510,AT2G03220,GRN_activates,2,32658893,PPD1,
AT4G15510,AT4G16845,GRN_activates,2,32658893,PPD1,
AT1G31440,AT3G55980,GRN_regulates,2,34592134,,SZF1
AT4G34660,AT3G55980,GRN_regulates,2,34592134,,SZF1
AT5G24470,AT2G25900,GRN_represses,2,30892623,APRR5,
AT2G25900,AT1G65450,GRN_represses,2,30892623,,
AT5G02810,AT3G22370,GRN_activates,2,36463409,,AOX1A
AT1G34190,AT1G05680,GRN_regulates,2,36055768,,UGT74E2
AT1G34190,AT3G50930,GRN_activates,2,36055768,,HSR4
AT1G34190,AT2G47520,GRN_activates,2,35708648,,ERF071
AT1G34190,AT5G18270,GRN_activates,2,37372941,,ANAC087
AT1G34180,AT1G34190,GRN_activates,2,33914871,anac016,
AT4G11660,AT3G51910,GRN_represses,2,24874772,,HSFA7A
AT1G14350,AT3G54180,GRN_represses,2,24123248,,CDKB1-1
AT2G14610,AT4G35580,GRN_represses,2,22826500,PR1,
AT4G20380,AT3G52430,GRN_represses,2,33924244,,PAD4
AT5G42540,AT1G31280,GRN_regulates,2,37146074,XRN2,
AT5G60910,AT2G22540,GRN_represses,2,25745430,AGL8,
AT2G19810,AT1G72260,GRN_activates,2,37620815,,THI2.1
AT2G19810,AT5G24770,GRN_activates,2,37620815,,VSP2
AT1G20980,AT4G29080,GRN_activates,2,37147799,,IAA27
AT4G31800,AT5G52310,GRN_activates,2,34398879,,RD29A
AT1G32640,AT5G51070,GRN_regulates,2,34398879,MYC2,CLPD
AT4G18710,AT5G20730,GRN_activates,2,35909730,,NPH4
AT1G69120,AT5G60910,GRN_represses,2,26697035,AP1,AGL8
AT1G21410,AT1G47870,GRN_activates,2,26287175,SKP2A,
AT3G20770,AT1G25560,GRN_activates,2,26287175,,TEM1
AT1G32640,AT1G51190,GRN_represses,2,26287175,MYC2,
AT5G25900,AT5G51810,GRN_represses,2,37160969,,GA20OX2
AT5G25900,AT5G07200,GRN_represses,2,37160969,,GA20OX3
AT5G25900,AT1G30040,GRN_activates,2,37160969,,GA2OX2
AT2G14610,AT3G52430,GRN_regulates,2,36498851,PR1,PAD4
AT2G14610,AT1G74710,GRN_regulates,2,36498851,PR1,
AT5G54470,AT5G59820,GRN_represses,2,37674317,,ZAT12
AT2G30470,AT5G13790,GRN_represses,2,32201955,,AGL15
AT3G63270,AT3G54340,GRN_activates,2,32463832,,AP3
AT4G24540,AT4G09960,GRN_represses,2,32824274,AGL24,STK
AT4G33950,AT5G24030,GRN_activates,2,31068146,,SLAH3
AT5G14740,AT5G24030,GRN_activates,2,31179540,,SLAH3
AT3G23980,AT4G37490,GRN_regulates,2,28955347,,CYCB1-1
AT2G22370,AT1G45145,GRN_represses,2,26696694,,TRX5
AT3G23240,AT1G32640,GRN_regulates,2,23653629,,MYC2
AT1G28480,AT1G03850,GRN_represses,2,27624344,GRXC9,
AT2G14610,AT5G26170,GRN_regulates,2,30057584,PR1,
AT5G06950,AT2G14610,GRN_represses,2,30057584,,PR1
AT5G10030,AT5G26920,GRN_regulates,2,36232932,,CBP60G
AT5G10030,AT1G73805,GRN_regulates,2,36232932,,SARD1
AT5G06960,AT3G09270,GRN_activates,2,33188435,TGA5,GSTU8
AT3G12250,AT3G09270,GRN_activates,2,33188435,,GSTU8
AT5G06960,AT1G17180,GRN_activates,2,33188435,TGA5,GSTU25
AT3G12250,AT1G17180,GRN_activates,2,33188435,,GSTU25
AT2G33810,AT1G09700,GRN_activates,2,22268150,SPL3,
AT2G33810,AT5G26147,GRN_represses,2,22268150,SPL3,
AT5G28040,AT5G27420,GRN_activates,2,29264953,,ATL31
AT3G13540,AT2G23580,GRN_represses,2,34723145,,MES4
AT3G44300,AT5G65070,GRN_represses,2,35665187,NIT2,
AT3G44320,AT5G65070,GRN_represses,2,35665187,NIT3,
AT3G07610,AT2G14610,GRN_activates,2,31956325,,PR1
AT3G07610,AT5G55390,GRN_regulates,2,32925902,,EDM2
AT5G55390,AT3G43210,GRN_regulates,2,32925902,EDM2,
AT1G12610,AT5G52310,GRN_activates,2,27137403,DREB1F,RD29A
AT1G28470,AT1G32770,GRN_regulates,2,37816143,NAC010,NAC012
AT5G25610,AT3G55990,GRN_activates,2,28792629,RD22,ESK1
AT3G14440,AT3G55990,GRN_activates,2,28792629,NCED3,ESK1
AT5G59320,AT3G55990,GRN_activates,2,28792629,LTP3,ESK1
AT4G36920,AT2G33810,GRN_represses,2,27541584,,SPL3
AT3G27690,AT1G68830,GRN_regulates,2,37612770,LHCB2.4,
AT4G37460,AT2G14610,GRN_activates,2,21079790,,PR1
AT2G14610,AT4G37460,GRN_activates,2,21079790,PR1,
AT4G37460,AT4G16860,GRN_represses,2,21079790,,RPP4
AT2G34640,AT3G15540,GRN_activates,2,36063057,,IAA19
AT2G34640,AT4G32280,GRN_activates,2,36063057,,IAA29
AT1G35720,AT1G80840,GRN_regulates,2,33419052,ANN1,WRKY40
AT1G35720,AT4G11280,GRN_regulates,2,33419052,ANN1,
AT1G77850,AT4G37390,GRN_regulates,2,27137401,,YDK1
AT3G12120,AT2G18950,GRN_represses,2,24600460,,HPT1
AT3G59100,AT2G18950,GRN_activates,2,24600460,,HPT1
AT2G47400,AT1G32060,GRN_activates,2,28430985,CP12-1,PRK
AT2G35410,ATCG00280,GRN_regulates,2,32192026,,PSBC
AT2G45420,AT5G20730,GRN_regulates,2,30704405,,NPH4
AT2G45420,AT1G77690,GRN_activates,2,30704405,,LAX3
AT5G12870,AT1G73410,GRN_regulates,2,24009617,MYB46,
AT1G32770,AT4G34990,GRN_activates,2,24009617,NAC012,
AT5G12870,AT4G38620,GRN_activates,2,24009617,MYB46,
AT4G34990,AT1G32770,GRN_represses,2,24009617,,NAC012
AT4G17750,AT5G59820,GRN_regulates,2,34973146,,ZAT12
AT3G23240,AT1G64970,GRN_regulates,2,23299430,,VTE4
AT4G05020,AT3G22370,GRN_activates,2,31234590,,AOX1A
AT3G54110,AT3G22370,GRN_activates,2,31234590,,AOX1A
AT1G09570,AT4G17340,GRN_regulates,2,27135499,,TIP2-2
AT1G04240,AT2G42430,GRN_activates,2,22527388,SHY2,
AT5G51300,AT1G68840,GRN_represses,2,33335535,,RAV2
AT1G19850,AT1G27740,GRN_activates,2,30154812,ARF5,
AT2G36270,AT5G54230,GRN_represses,2,36176683,ABI5,
AT3G09640,AT2G05620,GRN_regulates,2,31354779,,PGR5
AT1G74670,AT2G36270,GRN_regulates,2,33963401,GASA6,ABI5
AT1G79280,AT5G10140,GRN_regulates,2,24765097,NUA,
AT3G05590,AT3G08730,GRN_regulates,2,36616305,RPL18B,
AT2G45660,AT5G62165,GRN_regulates,2,27154816,SOC1,
AT3G45780,AT1G70940,GRN_regulates,2,35628112,,PIN3
AT1G68840,AT5G64390,GRN_represses,2,30728422,RAV2,
AT2G45650,AT5G65080,GRN_represses,2,30728422,AGL6,
AT4G11880,AT1G73590,GRN_regulates,2,32252382,,PIN1
AT4G11880,AT2G01420,GRN_regulates,2,32252382,,PIN4
AT1G32640,AT2G25490,GRN_activates,2,37467431,MYC2,
AT3G30720,AT5G49160,GRN_activates,2,29466369,QQS,
AT3G30720,AT5G66750,GRN_activates,2,29466369,QQS,
AT3G30720,AT4G11130,GRN_activates,2,29466369,QQS,
AT2G01430,AT3G61470,GRN_represses,2,28358040,,LHCA2
AT2G01430,AT2G34430,GRN_represses,2,28358040,,LHB1B1
AT2G01430,AT2G34420,GRN_represses,2,28358040,,LHB1B2
AT2G01430,AT5G66570,GRN_represses,2,28358040,,PSBO1
AT5G24120,ATCG00680,GRN_regulates,2,28358040,,PSBB
AT5G24120,ATCG00690,GRN_regulates,2,28358040,,PSBT
AT1G15550,AT2G45660,GRN_activates,2,23175671,,SOC1
AT2G21060,AT1G69120,GRN_activates,2,21282328,,AP1
AT3G28910,AT4G24510,GRN_regulates,2,29506042,,CER2
AT3G28910,AT5G57800,GRN_regulates,2,29506042,,CER3
AT2G44950,AT1G02205,GRN_activates,2,29506042,HUB1,CER1
AT1G55250,AT1G02205,GRN_activates,2,29506042,HUB2,CER1
AT3G54610,AT1G02190,GRN_regulates,2,29506042,HAG1,
AT2G47190,AT2G39800,GRN_regulates,2,28369480,ATMYB2,
AT5G23060,AT1G68830,GRN_regulates,2,31417591,CAS,
AT5G23060,AT5G01920,GRN_regulates,2,31417591,CAS,
AT2G28190,AT2G30950,GRN_activates,2,20400527,,VAR2
AT5G23820,AT2G14610,GRN_activates,2,23314818,ML3,PR1
AT5G13630,AT1G80840,GRN_represses,2,23783410,CHLH,WRKY40
AT5G61380,AT5G24470,GRN_represses,2,25033214,,APRR5
AT5G11260,AT5G42800,GRN_activates,2,29104579,,DFRA
AT1G14920,AT5G39860,GRN_represses,2,21904598,,PRE1
AT4G37580,AT2G38470,GRN_regulates,2,37101003,,WRKY33
AT4G37580,AT2G36270,GRN_regulates,2,37101003,,ABI5
AT2G25170,AT3G15540,GRN_activates,2,30477118,,IAA19
AT2G25170,AT4G32280,GRN_activates,2,30477118,,IAA29
AT2G46830,AT5G36880,GRN_represses,2,30477118,CCA1,ACS
AT5G59320,AT5G59310,GRN_regulates,2,27135222,LTP3,LTP4
AT4G12470,AT3G45640,GRN_regulates,2,27135222,AZI1,
AT5G04275,AT5G60910,GRN_activates,2,31921264,,AGL8
AT4G04695,AT4G19030,GRN_regulates,2,28296918,,NIP1-1
AT4G29720,AT2G16060,GRN_represses,2,36771539,,AHB1
AT5G14180,AT3G45140,GRN_regulates,2,35396792,,LOX2
AT5G14180,AT1G32640,GRN_regulates,2,35396792,,MYC2
AT3G24650,AT3G11050,GRN_regulates,2,35599858,ABI3,FER2
AT3G24650,AT2G40300,GRN_regulates,2,35599858,ABI3,
AT2G42830,AT5G23260,GRN_regulates,2,27776173,SHP2,
AT3G58780,AT5G60910,GRN_represses,2,27776173,,AGL8
AT2G42830,AT5G60910,GRN_represses,2,27776173,SHP2,AGL8
AT3G01090,AT1G10070,GRN_regulates,2,36725081,,BCAT2
AT3G01090,AT1G26770,GRN_represses,2,36725081,,ATEXPA10
AT3G14370,AT1G73590,GRN_activates,2,34901702,,PIN1
AT4G34410,AT1G80840,GRN_represses,2,34194459,ERF109,WRKY40
AT1G02220,AT5G61480,GRN_regulates,2,34655214,NAC003,
AT1G64280,AT2G40170,GRN_represses,2,35336696,,EM6
AT1G64280,AT5G66400,GRN_represses,2,35336696,,RAB18
AT1G64280,AT4G27410,GRN_represses,2,35336696,,RD26
AT5G52310,AT2G39810,GRN_activates,2,25619693,RD29A,
AT2G42540,AT2G39810,GRN_activates,2,25619693,COR15A,
AT2G27040,AT5G14620,GRN_regulates,2,25316414,AGO4,
AT5G05690,AT5G66470,GRN_represses,2,33764637,CYP90A1,
AT4G39260,AT1G21250,GRN_activates,2,36897948,,WAK1
AT4G00885,AT5G43810,GRN_represses,2,23233858,,AGO10
AT5G61420,AT4G27330,GRN_regulates,2,34618024,MYB28,
AT1G16720,ATCG00020,GRN_activates,2,33557293,,PSBA
AT5G54250,AT2G39660,GRN_activates,2,35075689,CNGC4,
AT2G13810,AT1G74710,GRN_activates,2,36523630,ALD1,
AT5G18560,AT1G01120,GRN_activates,2,34691131,,KCS1
AT5G48930,AT5G13930,GRN_represses,2,33777524,,CHS
AT5G66640,AT3G44680,GRN_activates,2,29774040,,HDA9
AT5G67320,AT5G52310,GRN_regulates,2,29774040,,RD29A
AT2G40840,AT5G28770,GRN_activates,2,34053087,,BZIP63
AT5G28770,AT1G10760,GRN_regulates,2,34053087,BZIP63,
AT3G24420,AT4G37470,GRN_activates,2,28970845,,
AT2G42620,AT3G24420,GRN_regulates,2,28970845,,
AT1G31812,AT1G12640,GRN_activates,2,31844833,,LPLAT1
AT5G61850,AT1G19050,GRN_represses,2,27869146,,ARR7
AT4G25490,AT5G15960,GRN_activates,2,35887354,DREB1B,KIN1
AT4G25470,AT2G42540,GRN_activates,2,35887354,DREB1C,COR15A
AT5G13790,AT3G61250,GRN_regulates,2,25666346,AGL15,AtMYB17
AT4G16110,AT2G14610,GRN_activates,2,37223806,,PR1
AT1G32640,AT4G23100,GRN_activates,2,32038683,MYC2,
AT1G30680,AT1G53160,GRN_regulates,2,24280590,,SPL4
AT5G09410,AT3G45970,GRN_activates,2,35960653,,EXLA1
AT5G09410,AT2G35290,GRN_activates,2,35960653,,
AT5G09410,AT3G14440,GRN_activates,2,35960653,,NCED3
AT4G16150,AT4G25470,GRN_activates,2,35960653,,DREB1C
AT4G23810,AT3G56400,GRN_activates,2,32110879,WRKY53,WRKY70
AT3G56400,AT4G23810,GRN_activates,2,32110879,WRKY70,WRKY53
AT1G64280,AT4G23810,GRN_activates,2,32110879,,WRKY53
AT2G32950,AT2G45660,GRN_represses,2,36499365,,SOC1
AT2G22670,AT3G51810,GRN_represses,2,32153614,IAA8,EM1
AT2G22670,AT2G40170,GRN_represses,2,32153614,IAA8,EM6
AT3G48090,AT1G72930,GRN_activates,2,31426325,,TIR
AT5G12870,AT2G43790,GRN_regulates,2,33826618,MYB46,
AT3G26640,AT5G24470,GRN_activates,2,30870980,,APRR5
AT2G46830,AT3G22170,GRN_represses,2,30870980,CCA1,
AT2G46830,AT5G22500,GRN_represses,2,30870980,CCA1,FAR1
AT2G46830,AT5G11260,GRN_represses,2,30870980,CCA1,
AT2G21240,AT2G46830,GRN_represses,2,35693178,,CCA1
AT2G01930,AT2G46830,GRN_regulates,2,35693178,,CCA1
AT1G69960,AT3G22370,GRN_regulates,2,26950157,,AOX1A
AT1G69960,AT1G32350,GRN_regulates,2,26950157,,AOX3
AT5G17430,AT3G24650,GRN_activates,2,31191582,,ABI3
AT4G00220,AT1G73590,GRN_regulates,2,35163246,,PIN1
AT4G37290,AT1G14370,GRN_activates,2,38078092,,PBL2
AT4G37290,AT1G79680,GRN_activates,2,38078092,,WAKL10
AT3G17790,AT5G34850,GRN_activates,2,33101335,PAP17,
AT5G34850,AT3G17790,GRN_activates,2,33101335,,PAP17
AT5G24210,AT2G36490,GRN_represses,2,28894455,,
AT1G14790,AT5G57800,GRN_represses,2,28346494,,CER3
AT2G26300,AT3G59220,GRN_regulates,2,24705271,,PRN1
AT2G44150,AT5G57380,GRN_represses,2,37196184,ASHH3,
AT4G34160,AT3G12280,GRN_activates,2,26340681,CYCD3-1,
AT4G08920,AT2G30520,GRN_activates,2,30941890,,RPT2
AT1G04400,AT2G30520,GRN_activates,2,30941890,,RPT2
AT4G29130,AT4G01080,GRN_regulates,2,26528314,,TBL26
AT4G29130,AT1G29920,GRN_represses,2,26528314,,LHCB1.1
AT3G49500,AT3G14440,GRN_regulates,2,33925339,,NCED3
AT5G23570,AT3G14440,GRN_regulates,2,33925339,,NCED3
AT4G16660,AT4G15560,GRN_activates,2,26815787,,DXS
AT1G75040,AT3G55270,GRN_activates,2,35302643,PR5,
AT3G26830,AT3G55270,GRN_activates,2,35302643,CYP71B15,
AT4G22755,AT4G16890,GRN_activates,2,31854111,SMO1-3,SNC1
AT3G44680,AT5G46470,GRN_regulates,2,31854111,HDA9,
AT4G16890,AT5G67320,GRN_represses,2,31854111,SNC1,
AT2G06050,AT2G39940,GRN_activates,2,33802953,OPR3,
AT3G50310,AT1G29930,GRN_represses,2,36818282,MAPKKK20,LHCB1.3
AT3G50310,AT1G17610,GRN_represses,2,36818282,MAPKKK20,
AT3G50310,AT5G11260,GRN_represses,2,36818282,MAPKKK20,
AT3G50310,AT2G46340,GRN_represses,2,36818282,MAPKKK20,
AT3G50310,AT4G36730,GRN_represses,2,36818282,MAPKKK20,
AT3G50310,AT3G43810,GRN_represses,2,36818282,MAPKKK20,
AT3G50310,AT5G10140,GRN_represses,2,36818282,MAPKKK20,
AT1G32640,AT5G46760,GRN_activates,2,32220954,MYC2,
AT1G32640,AT2G32950,GRN_represses,2,32220954,MYC2,
AT1G32640,AT1G74930,GRN_activates,2,32170290,MYC2,ERF018
AT1G32640,AT5G13220,GRN_activates,2,32170290,MYC2,JAZ10
AT1G32640,AT2G46510,GRN_activates,2,32170290,MYC2,
AT2G03070,AT1G06160,GRN_activates,2,29513733,,ERF094
AT2G38470,AT3G25800,GRN_activates,2,29513733,WRKY33,
AT1G74930,AT5G42650,GRN_activates,2,33289292,ERF018,CYP74A
AT1G74930,AT3G25760,GRN_activates,2,33289292,ERF018,AOC1
AT1G74930,AT3G25780,GRN_activates,2,33289292,ERF018,AOC3
AT1G74930,AT2G06050,GRN_activates,2,33289292,ERF018,OPR3
AT1G32640,AT2G39800,GRN_represses,2,34745163,MYC2,
AT1G32640,AT3G17860,GRN_activates,2,36546827,MYC2,
AT1G32640,AT1G17420,GRN_activates,2,36546827,MYC2,LOX3
AT1G32640,AT2G17090,GRN_regulates,2,34618078,MYC2,
AT1G69690,AT4G16890,GRN_regulates,2,29250092,TCP15,SNC1
AT4G30480,AT4G16890,GRN_activates,2,33621240,,SNC1
AT1G76500,AT2G26710,GRN_represses,2,27984677,AHL29,
AT1G76500,AT1G17060,GRN_represses,2,27984677,AHL29,
AT1G05750,ATCG00360,GRN_activates,2,29879897,,YCF3
AT1G05750,ATCG00740,GRN_activates,2,33972654,,RPOA
AT1G73360,AT3G29030,GRN_activates,2,24821957,,EXPA5
AT4G31800,AT3G26830,GRN_represses,2,23516362,,CYP71B15
AT1G80840,AT3G26830,GRN_represses,2,23516362,WRKY40,CYP71B15
AT1G80840,AT1G30135,GRN_activates,2,23516362,WRKY40,TIFY5A
AT2G14610,AT2G30020,GRN_represses,2,28062592,PR1,
AT1G75040,AT2G30020,GRN_represses,2,28062592,PR5,
AT3G26830,AT2G30020,GRN_regulates,2,28062592,CYP71B15,
AT3G52430,AT2G30020,GRN_regulates,2,28062592,PAD4,
AT5G22570,AT2G30020,GRN_regulates,2,28062592,WRKY38,
AT1G75040,AT3G45640,GRN_activates,2,28062592,PR5,
AT2G14610,AT3G45640,GRN_activates,2,28062592,PR1,
AT4G35020,AT1G73590,GRN_represses,2,36840099,,PIN1
AT5G57710,AT4G37470,GRN_regulates,2,26754282,SMAX1,
AT1G07200,AT2G42200,GRN_represses,2,32327664,,SPL9
AT2G40130,AT2G42200,GRN_represses,2,32327664,,SPL9
AT3G08500,AT5G44030,GRN_activates,2,25533953,MYB83,CESA4
AT1G32770,AT5G44030,GRN_activates,2,25533953,NAC012,CESA4
AT3G63350,AT2G17040,GRN_activates,2,31145794,,anac036
AT3G63350,AT5G22380,GRN_activates,2,31145794,,NAC090
AT3G63350,AT5G22570,GRN_activates,2,31145794,,WRKY38
AT3G63350,AT5G57520,GRN_activates,2,31145794,,ZFP2
AT3G22886,AT1G30330,GRN_represses,2,37511608,,ARF6
AT2G43790,AT1G21270,GRN_represses,2,24980080,,WAK2
AT4G33620,AT2G38470,GRN_regulates,2,33649235,,WRKY33
AT4G01370,AT2G42540,GRN_activates,2,34199294,,COR15A
AT5G20730,AT5G02470,GRN_regulates,2,37126711,NPH4,
AT3G21220,AT5G17330,GRN_activates,2,32458527,,GAD1
AT2G38470,AT2G02010,GRN_activates,2,32458527,WRKY33,
AT4G26760,AT4G01370,GRN_regulates,2,24923680,MAP65-2,
AT2G14610,AT2G33070,GRN_activates,2,37571011,PR1,
AT3G57260,AT2G33070,GRN_activates,2,37571011,BGL2,
AT1G08420,AT1G63700,GRN_activates,2,35508457,BSL2,
AT1G53570,AT2G43790,GRN_activates,2,35652263,MAPKKK3,
AT1G09530,AT1G72520,GRN_represses,2,24916071,,LOX4
AT4G01370,AT5G56580,GRN_regulates,2,21203456,,MKK6
AT3G45640,AT5G36880,GRN_activates,2,22761583,,ACS
AT5G05410,AT1G15580,GRN_activates,2,36161329,DREB2A,
AT5G05410,AT1G52830,GRN_activates,2,36161329,DREB2A,IAA6
AT5G05410,AT3G15540,GRN_activates,2,36161329,DREB2A,IAA19
AT3G45640,AT5G65700,GRN_activates,2,30552452,,BAM1
AT2G43790,AT5G65700,GRN_activates,2,30552452,,BAM1
AT5G13790,AT5G10140,GRN_activates,2,24228871,AGL15,
AT5G13790,AT1G13260,GRN_represses,2,24228871,AGL15,RAV1
AT5G13790,AT1G68840,GRN_activates,2,24228871,AGL15,RAV2
AT3G61250,AT5G61850,GRN_activates,2,24228871,AtMYB17,
AT3G54610,AT2G05940,GRN_activates,2,31401648,HAG1,
AT5G03545,AT3G54610,GRN_regulates,2,31401648,AT4,HAG1
AT2G34208,AT2G33770,GRN_represses,2,30372454,,UBC24
AT4G26150,AT5G04140,GRN_regulates,2,22102866,,GLU1
AT1G73870,AT2G46970,GRN_activates,2,28495963,COL7,
AT1G08510,AT3G05020,GRN_regulates,2,27342315,,ACP1
AT5G39610,AT1G02860,GRN_regulates,2,33941183,NAC92,
AT4G08920,AT4G36990,GRN_regulates,2,37703177,,HSFB1
AT5G43410,AT5G44420,GRN_activates,2,32813232,,PDF1.2A
AT5G43410,AT3G04720,GRN_activates,2,32813232,,HEL
AT1G72150,AT1G01580,GRN_regulates,2,36493393,PATL1,
AT1G77080,AT5G46910,GRN_represses,2,30899015,,
AT4G34390,AT3G57260,GRN_activates,2,23536550,,BGL2
AT4G13930,AT2G14610,GRN_activates,2,35872350,,PR1
AT5G05410,AT1G32230,GRN_activates,2,31831797,DREB2A,
AT3G02730,AT1G69830,GRN_activates,2,31417599,TRXF1,
AT2G46830,AT3G27010,GRN_represses,2,27734958,CCA1,
AT2G46830,AT1G72010,GRN_represses,2,27734958,CCA1,
AT4G01120,AT1G19850,GRN_regulates,2,35318532,,ARF5
AT1G19850,AT4G37650,GRN_activates,2,35318532,ARF5,
AT1G19850,AT3G54220,GRN_activates,2,35318532,ARF5,
AT2G47770,AT4G26080,GRN_represses,2,26635847,TSPO,
AT4G23810,AT3G21630,GRN_represses,2,34682304,WRKY53,
AT4G18980,AT5G45890,GRN_activates,2,29378065,AtS40-3,SAG12
AT1G16880,AT5G04140,GRN_regulates,2,27411448,ACR11,GLU1
AT2G45480,AT1G80840,GRN_activates,2,29985961,,WRKY40
AT2G45480,AT2G40750,GRN_activates,2,29985961,,WRKY54
AT5G39610,AT3G62980,GRN_represses,2,26640476,NAC92,
AT2G02080,AT3G44260,GRN_regulates,2,30677094,,CAF1-9
AT2G02080,AT2G43820,GRN_activates,2,30677094,,UGT74F2
AT2G22300,AT1G11870,GRN_represses,2,26973658,CAMTA3,
AT2G22300,AT5G10870,GRN_represses,2,26973658,CAMTA3,
AT2G22300,AT3G26744,GRN_represses,2,26973658,CAMTA3,
AT2G22300,AT4G34390,GRN_represses,2,26973658,CAMTA3,
AT5G05410,AT3G15730,GRN_regulates,2,23964284,DREB2A,
AT2G46440,AT5G14740,GRN_regulates,2,21414958,CNGC11,
AT4G09820,AT3G51240,GRN_activates,2,37927409,TT8,F3H
AT4G09820,AT3G13540,GRN_represses,2,37927409,TT8,
AT4G09820,AT5G13930,GRN_regulates,2,37927409,TT8,CHS
AT2G42200,AT5G51780,GRN_represses,2,37797061,SPL9,
AT2G42200,AT5G42800,GRN_represses,2,37797061,SPL9,DFRA
AT3G09600,AT2G20880,GRN_regulates,2,35003158,RVE8,ERF053
AT3G09600,AT4G28140,GRN_regulates,2,35003158,RVE8,ERF054
AT4G00180,AT5G60450,GRN_regulates,2,23025792,YAB3,
AT4G00180,AT2G37630,GRN_regulates,2,23025792,YAB3,
AT4G00180,AT2G45190,GRN_regulates,2,23025792,YAB3,YAB1
AT5G60120,AT3G27920,GRN_regulates,2,37047669,TOE2,
AT3G44750,AT1G78390,GRN_regulates,2,37372378,HDT1,
AT1G07000,AT3G52450,GRN_regulates,2,29329405,ATEXO70B2,PUB22
AT2G46830,AT3G19040,GRN_regulates,2,37626962,CCA1,TAF1
AT5G66400,AT1G18080,GRN_activates,2,19584117,RAB18,
AT1G75540,AT3G24650,GRN_represses,2,24586210,BBX21,ABI3
AT2G02450,AT2G42540,GRN_activates,2,17653269,,COR15A
AT2G02450,AT5G15960,GRN_activates,2,17653269,,KIN1
AT2G42540,AT2G02450,GRN_regulates,2,17653269,COR15A,
AT4G04920,AT5G15960,GRN_activates,2,17653269,,KIN1
AT3G54340,AT1G69120,GRN_activates,2,16789830,AP3,AP1
AT1G43670,AT1G29920,GRN_represses,2,21253566,,LHCB1.1
AT2G35260,AT4G22920,GRN_represses,2,32198392,,SGR1
AT1G75380,AT4G23600,GRN_activates,2,23393583,BBD1,CORI3
AT4G01060,AT5G10140,GRN_activates,2,35112651,ETC3,
AT5G07690,AT1G16400,GRN_activates,2,31492889,MYB29,CYP79F2
AT1G66600,AT5G61420,GRN_represses,2,31492889,,MYB28
AT1G66600,AT5G07690,GRN_represses,2,31492889,,MYB29
AT1G68880,AT3G47340,GRN_regulates,2,26452049,,ASN1
AT2G47015,AT1G67480,GRN_represses,2,32600430,,
AT3G11435,AT2G28550,GRN_regulates,2,32600430,,RAP2.7
AT5G39610,AT2G20570,GRN_represses,2,34777451,NAC92,GPRI1
AT3G20770,AT5G13080,GRN_activates,2,34777451,,WRKY75
AT5G64900,AT5G64890,GRN_activates,2,30907222,PEP1,
AT5G64900,AT5G64905,GRN_activates,2,30907222,PEP1,
AT1G52400,AT5G53210,GRN_represses,2,31233537,BGLU18,
AT3G54560,AT3G33520,GRN_regulates,2,30742338,H2AV,
AT1G68050,AT5G61380,GRN_regulates,2,24130508,ADO3,
AT5G48560,AT1G04400,GRN_activates,2,24130508,BHLH78,
AT3G57750,AT3G50950,GRN_activates,2,36212348,,RPP13L4
AT1G14370,AT3G50950,GRN_activates,2,36212348,PBL2,RPP13L4
AT1G13740,AT1G03790,GRN_represses,2,34440762,,SOM
AT1G15470,AT2G36270,GRN_activates,2,34440762,,ABI5
AT1G25540,AT2G36270,GRN_represses,2,34440762,,ABI5
AT5G06100,AT2G36270,GRN_activates,2,34440762,,ABI5
AT2G28610,AT4G00180,GRN_represses,2,20067590,,YAB3
AT2G46830,AT4G33980,GRN_regulates,2,37676516,CCA1,
AT1G03790,AT1G18100,GRN_activates,2,30061395,SOM,MFT
AT3G30775,AT5G62530,GRN_activates,2,24410747,POX1,
AT5G02030,AT2G42830,GRN_represses,2,29085379,,SHP2
AT5G39610,AT1G69490,GRN_activates,2,24659488,NAC92,NAC029
AT5G03280,AT1G69490,GRN_represses,2,24659488,,NAC029
AT3G20770,AT3G04070,GRN_activates,2,24659488,,NAC047
AT5G39610,AT5G18270,GRN_activates,2,24659488,NAC92,ANAC087
AT5G39610,AT5G63790,GRN_activates,2,24659488,NAC92,
AT5G39610,AT2G33480,GRN_activates,2,24659488,NAC92,NAC041
AT5G39610,AT5G07680,GRN_activates,2,24659488,NAC92,
AT1G69490,AT2G33480,GRN_activates,2,24659488,NAC029,NAC041
AT1G69490,AT5G07680,GRN_activates,2,24659488,NAC029,
AT4G14350,ATCG00160,GRN_regulates,2,30418084,,RPS2
AT4G38130,AT2G34140,GRN_regulates,2,34295349,HDA19,
AT1G07500,AT1G25580,GRN_represses,2,34079040,SMR5,
AT5G03840,AT5G60910,GRN_represses,2,26019254,,AGL8
AT5G60910,AT3G63440,GRN_activates,2,37570908,AGL8,
AT3G52430,AT5G60410,GRN_activates,2,26149542,PAD4,
AT2G20180,AT4G14130,GRN_activates,2,24420574,,XTH15
AT1G01060,AT5G24470,GRN_represses,2,33675668,,APRR5
AT2G46830,AT2G25930,GRN_represses,2,33675668,CCA1,
AT4G28190,AT3G54340,GRN_activates,2,33719312,,AP3
AT5G39860,AT1G75080,GRN_regulates,2,22820377,PRE1,
AT1G26945,AT2G43010,GRN_regulates,2,22820377,PRE6,
AT5G28770,AT3G47340,GRN_regulates,2,26263501,BZIP63,ASN1
AT5G28770,AT3G30775,GRN_regulates,2,26263501,BZIP63,POX1
AT4G34590,AT3G30775,GRN_activates,2,26263501,BZIP11,POX1
AT3G01472,AT2G15620,GRN_represses,2,21406103,,NIR1
AT5G38420,AT2G41900,GRN_represses,2,36388557,RBCS-2B,
AT4G23810,AT5G05300,GRN_represses,2,35845701,WRKY53,
AT2G34140,AT5G05300,GRN_represses,2,35845701,,
AT4G25490,AT3G59060,GRN_activates,2,36681861,DREB1B,PIF5
AT4G37930,AT4G25420,GRN_represses,2,37834339,SHM1,
AT1G19850,AT1G74500,GRN_regulates,2,37450945,ARF5,
AT1G19850,AT1G75080,GRN_activates,2,37450945,ARF5,
AT1G19850,AT2G43010,GRN_activates,2,37450945,ARF5,
AT1G19850,AT2G34710,GRN_regulates,2,37450945,ARF5,
AT1G19850,AT2G45190,GRN_activates,2,37450945,ARF5,YAB1
AT1G64620,AT1G19850,GRN_represses,2,37450945,,ARF5
AT1G66725,AT3G44860,GRN_represses,2,28401908,,FAMT
AT3G44860,AT1G66725,GRN_activates,2,28401908,FAMT,
AT3G56710,AT1G64860,GRN_represses,2,20040062,SIB1,SIGA
AT1G64860,ATCG00340,GRN_regulates,2,20040062,SIGA,PSAB
AT1G08540,ATCG00350,GRN_regulates,2,20040062,,PSAA
AT1G08540,ATCG00340,GRN_regulates,2,20040062,,PSAB
AT3G08500,AT1G32770,GRN_activates,2,36352868,MYB83,NAC012
AT1G62830,AT3G24650,GRN_represses,2,25852712,,ABI3
AT3G13682,AT3G24650,GRN_represses,2,25852712,,ABI3
AT2G13790,AT3G17700,GRN_regulates,2,31679931,SERK4,
AT2G39660,AT5G54250,GRN_activates,2,31679931,,CNGC4
AT1G12060,AT4G30270,GRN_regulates,2,27539741,,XTH24
AT2G38470,AT4G11650,GRN_regulates,2,37621885,WRKY33,OSM34
AT1G80840,AT2G38470,GRN_regulates,2,37621885,WRKY40,WRKY33
AT5G52310,AT4G34050,GRN_represses,2,33919418,RD29A,CCoAOMT1
AT5G51070,AT4G34050,GRN_represses,2,33919418,CLPD,CCoAOMT1
AT5G57620,AT2G47270,GRN_regulates,2,27891649,MYB36,UPB1
AT1G12820,AT5G60850,GRN_regulates,2,32526869,,DOF5.4
AT2G45190,AT2G23430,GRN_activates,2,26528298,YAB1,
AT5G18280,AT4G34760,GRN_activates,2,35357495,,SAUR50
AT5G08790,AT3G29035,GRN_activates,2,37731912,,NAC59
AT1G56650,AT2G37040,GRN_activates,2,32552683,MYB75,PAL1
AT3G57050,AT4G22200,GRN_regulates,2,33562460,,AKT2
AT2G18790,AT2G36270,GRN_regulates,2,31325959,,ABI5
AT5G62920,AT2G18790,GRN_regulates,2,31325959,ARR6,
AT5G41790,AT2G18790,GRN_regulates,2,31325959,CIP1,
AT2G20570,AT1G25440,GRN_activates,2,36597356,GPRI1,COL16
AT2G20570,AT1G73870,GRN_activates,2,36597356,GPRI1,COL7
AT1G68520,AT2G20570,GRN_regulates,2,36597356,COL6,GPRI1
AT1G19350,AT4G10310,GRN_activates,2,36938058,,HKT1
AT5G01820,AT4G25470,GRN_activates,2,30563125,,DREB1C
AT3G21500,AT5G57710,GRN_activates,2,32355217,DXPS1,SMAX1
AT1G03055,AT5G57710,GRN_activates,2,32355217,,SMAX1
AT2G33070,AT5G57710,GRN_activates,2,32355217,,SMAX1
AT2G44340,AT2G36270,GRN_represses,2,33603762,,ABI5
AT3G60090,AT2G36270,GRN_represses,2,33603762,,ABI5
AT5G65110,AT2G46830,GRN_activates,2,25264899,,CCA1
AT4G18290,AT2G46830,GRN_regulates,2,25264899,,CCA1
AT3G52250,AT3G44680,GRN_activates,2,32158458,,HDA9
AT4G19230,AT3G44680,GRN_activates,2,32158458,,HDA9
AT2G29090,AT3G44680,GRN_activates,2,32158458,,HDA9
AT3G24650,AT2G40170,GRN_activates,2,32351536,ABI3,EM6
AT5G46800,AT1G55920,GRN_activates,2,30559749,,SAT1
AT1G53910,AT3G02550,GRN_activates,2,35507656,,LBD41
AT1G53910,AT5G15120,GRN_activates,2,35507656,,PCO1
AT1G53910,AT1G77120,GRN_activates,2,35507656,,ADH1
AT4G36920,AT3G11630,GRN_regulates,2,29018463,,BAS1
AT1G32230,AT3G11630,GRN_represses,2,29018463,,BAS1
AT4G12560,AT3G11630,GRN_activates,2,29018463,,BAS1
AT3G11630,AT4G12560,GRN_represses,2,29018463,BAS1,
AT5G57560,AT2G17870,GRN_activates,2,24251108,XTH22,
AT2G22370,AT2G14610,GRN_activates,2,32194589,,PR1
AT5G57580,AT3G52430,GRN_activates,2,38203547,,PAD4
AT5G65690,AT1G53310,GRN_activates,2,30804970,,PPC1
AT1G16610,AT5G08640,GRN_regulates,2,37374167,,FLS1
AT5G11260,AT1G37130,GRN_activates,2,26259199,,NIA2
AT5G45830,AT2G36270,GRN_activates,2,28391398,,ABI5
AT2G26190,AT1G17550,GRN_represses,2,29951071,IQM4,
AT2G26190,AT1G80840,GRN_represses,2,29951071,IQM4,WRKY40
AT1G80840,AT3G19290,GRN_regulates,2,29951071,WRKY40,
AT5G13630,AT2G36270,GRN_represses,2,29951071,CHLH,ABI5
AT5G50260,AT1G62710,GRN_represses,2,31858133,CEP1,bVPE
AT4G39090,AT1G62710,GRN_represses,2,31858133,,bVPE
AT4G15900,AT1G30620,GRN_represses,2,26341899,,MUR4
AT2G03070,AT1G30620,GRN_represses,2,26341899,,MUR4
AT1G25540,AT1G30620,GRN_represses,2,26341899,,MUR4
AT1G53160,AT3G11435,GRN_activates,2,38261843,SPL4,
AT1G35720,AT5G14740,GRN_activates,2,35767615,ANN1,
AT5G67320,AT5G45890,GRN_activates,2,35283908,,SAG12
AT5G67320,AT5G13170,GRN_activates,2,35283908,,SWEET15
AT1G29930,AT5G67320,GRN_activates,2,35283908,LHCB1.3,
AT2G01980,AT4G10310,GRN_regulates,2,36559553,,HKT1
AT5G04140,AT1G69870,GRN_activates,2,20307264,GLU1,NPF2.13
AT5G04150,AT5G04140,GRN_represses,2,20307264,,GLU1
AT3G56980,AT5G04140,GRN_represses,2,20307264,,GLU1
AT5G13930,AT5G04140,GRN_activates,2,20307264,CHS,GLU1
AT2G30750,AT5G04140,GRN_regulates,2,20307264,CYP71A12,GLU1
AT4G31940,AT5G04140,GRN_regulates,2,20307264,,GLU1
AT5G57220,AT5G04140,GRN_regulates,2,20307264,CYP81F2,GLU1
AT5G66400,AT2G20030,GRN_regulates,2,35806295,RAB18,
AT4G36990,AT5G47120,GRN_represses,2,30367612,HSFB1,
AT1G54050,AT5G47120,GRN_represses,2,30367612,HSP17.4B,
AT5G12030,AT5G47120,GRN_represses,2,30367612,HSP17.7,
AT5G52640,AT5G47120,GRN_represses,2,30367612,HSP90-1,
AT5G36880,AT3G51770,GRN_activates,2,16091151,ACS,ETO1
AT4G31800,AT5G24530,GRN_regulates,2,37307565,,DMR6
AT3G50360,AT2G47190,GRN_activates,2,34768907,,ATMYB2
AT3G50360,AT5G66400,GRN_activates,2,34768907,,RAB18
AT3G50360,AT1G20450,GRN_activates,2,34768907,,ERD10
AT3G50360,AT1G20440,GRN_activates,2,34768907,,COR47
AT2G42540,AT4G25480,GRN_regulates,2,27439459,COR15A,
AT5G14740,AT2G26650,GRN_activates,2,36114461,,AKT1
AT5G04140,AT1G19490,GRN_regulates,2,34685959,GLU1,
AT1G19490,AT1G12110,GRN_regulates,2,34685959,,NPF6.3
AT4G21680,AT1G12110,GRN_activates,2,34685959,NPF7.2,NPF6.3
AT5G42400,AT5G57800,GRN_regulates,2,36901718,,CER3
AT1G71692,AT1G53160,GRN_represses,2,37628953,,SPL4
AT3G06590,AT4G25470,GRN_activates,2,31783407,,DREB1C
AT1G32770,AT1G17950,GRN_regulates,2,34162988,NAC012,MYB52
AT1G32770,AT1G73410,GRN_regulates,2,34162988,NAC012,
AT1G32770,AT1G16490,GRN_regulates,2,34162988,NAC012,
AT1G32770,AT1G79180,GRN_regulates,2,34162988,NAC012,
AT1G32770,AT4G33450,GRN_regulates,2,34162988,NAC012,ATMYB69
AT1G32770,AT4G22680,GRN_regulates,2,34162988,NAC012,MYB85
AT3G44460,AT5G47670,GRN_activates,2,35388372,,NFYB6
AT3G44460,AT1G56170,GRN_activates,2,35388372,,NFYC2
AT2G34710,AT1G30040,GRN_activates,2,33176130,,GA2OX2
AT1G48860,AT2G39730,GRN_activates,2,38248456,,RCA
AT1G48860,AT3G55800,GRN_activates,2,38248456,,SBPASE
AT4G34410,AT3G53320,GRN_represses,2,31316533,ERF109,
AT1G52890,AT5G16820,GRN_activates,2,30510557,NAC019,
AT1G52890,AT3G22830,GRN_activates,2,30510557,NAC019,
AT1G52890,AT3G51910,GRN_activates,2,30510557,NAC019,HSFA7A
AT1G52890,AT3G24520,GRN_activates,2,30510557,NAC019,
AT5G42050,AT1G73590,GRN_regulates,2,30792730,,PIN1
AT1G73590,AT3G57300,GRN_activates,2,30792730,PIN1,
AT2G46020,AT1G73590,GRN_regulates,2,30792730,,PIN1
AT5G54770,AT1G50700,GRN_represses,2,29958430,THI1,
AT5G14740,AT5G17330,GRN_activates,2,24074460,,GAD1
AT2G43790,AT3G23250,GRN_activates,2,33250782,,MYB15
AT3G63010,AT3G45970,GRN_activates,2,28628628,GID1B,EXLA1
AT3G63010,AT5G15230,GRN_represses,2,28628628,GID1B,GASA4
AT1G22190,AT3G11630,GRN_activates,2,28835225,,BAS1
AT5G44610,AT2G14610,GRN_activates,2,29868051,PCAP2,PR1
AT5G67110,AT3G06590,GRN_regulates,2,34386030,ALC,
AT1G30135,AT2G14610,GRN_activates,2,34868098,TIFY5A,PR1
AT4G36920,AT5G20250,GRN_regulates,2,22754341,,DIN10
AT4G36920,AT5G49360,GRN_regulates,2,22754341,,BXL1
AT4G36920,AT3G47340,GRN_regulates,2,22754341,,ASN1
AT3G47640,AT5G49730,GRN_represses,2,22483849,,FRO6
AT2G34710,AT4G37930,GRN_regulates,2,33009513,,SHM1
AT2G33380,AT2G17975,GRN_regulates,2,28611809,PXG3,
AT4G20370,AT2G45660,GRN_activates,2,24845624,,SOC1
AT5G58230,AT2G45660,GRN_activates,2,24639681,,SOC1
AT3G14890,AT2G36490,GRN_activates,2,25569774,ZDP,
AT1G75040,AT5G04560,GRN_represses,2,33236824,PR5,
AT4G33430,AT2G31880,GRN_regulates,2,30407725,,SOBIR1
AT1G12110,AT1G77690,GRN_represses,2,34357701,NPF6.3,LAX3
AT4G25490,AT5G13630,GRN_activates,2,26366569,DREB1B,CHLH
AT3G59400,AT5G13630,GRN_regulates,2,26366569,GUN4,CHLH
AT3G17040,ATCG00680,GRN_regulates,2,31732725,HCF107,PSBB
AT4G21440,AT5G36880,GRN_activates,2,29880735,,ACS
AT3G48100,AT5G03280,GRN_activates,2,33643340,ARR5,
AT2G33860,AT3G63110,GRN_represses,2,34668105,,IPT3
AT4G10310,AT4G13420,GRN_activates,2,30832374,HKT1,
AT4G10310,AT5G27150,GRN_activates,2,30832374,HKT1,
AT3G57260,AT3G48160,GRN_activates,2,32483126,BGL2,
AT1G75040,AT3G48160,GRN_activates,2,32483126,PR5,
AT3G51860,AT2G38170,GRN_regulates,2,28645169,CAX3,CAX1
AT1G73590,AT3G54610,GRN_represses,2,36559684,PIN1,HAG1
AT5G24860,AT5G61850,GRN_activates,2,24626476,FPF1,
AT5G43270,AT1G69120,GRN_activates,2,31905863,,AP1
AT1G27370,AT1G69120,GRN_activates,2,31905863,,AP1
AT1G27360,AT1G69120,GRN_activates,2,31905863,SPL11,AP1
AT5G43270,AT5G60910,GRN_activates,2,31905863,,AGL8
AT1G27370,AT5G60910,GRN_activates,2,31905863,,AGL8
AT3G15210,AT1G19670,GRN_regulates,2,29045490,,CLH1
AT2G46830,AT3G20810,GRN_represses,2,30833956,CCA1,JMJ30
AT3G01970,AT5G13080,GRN_represses,2,35893035,WRKY45,WRKY75
AT4G31500,AT3G56390,GRN_regulates,2,24618597,CYP83B1,
AT1G62340,AT5G01075,GRN_activates,2,35412898,,
AT2G31880,AT4G33430,GRN_regulates,2,35529948,SOBIR1,
AT2G29490,AT1G78380,GRN_activates,2,36232831,GSTU1,
AT2G29490,AT1G17170,GRN_regulates,2,36232831,GSTU1,GSTU24
AT1G12110,AT4G24020,GRN_represses,2,29367694,NPF6.3,
AT1G28300,AT5G67110,GRN_regulates,2,24363987,,ALC
AT1G28300,AT4G34520,GRN_activates,2,24363987,,FAE1
AT5G61420,AT5G48850,GRN_activates,2,27730214,MYB28,SDI1
AT5G61420,AT1G04770,GRN_activates,2,27730214,MYB28,
AT1G04770,AT5G61420,GRN_represses,2,27730214,,MYB28
AT5G14620,AT2G27040,GRN_regulates,2,27291711,,AGO4
AT3G51810,AT2G17975,GRN_activates,2,28174577,EM1,
AT2G40170,AT2G17975,GRN_activates,2,28174577,EM6,
AT2G17975,AT3G24650,GRN_represses,2,28174577,,ABI3
AT2G17975,AT2G36270,GRN_represses,2,28174577,,ABI5
AT3G24650,AT5G52310,GRN_activates,2,28174577,ABI3,RD29A
AT3G01090,AT1G56650,GRN_represses,2,34165877,,MYB75
AT3G01090,AT3G44750,GRN_represses,2,34165877,,HDT1
AT3G01090,AT2G20610,GRN_represses,2,34165877,,SUR1
AT2G46830,AT5G18170,GRN_activates,2,20025756,CCA1,
AT4G10310,AT1G22710,GRN_regulates,2,37267352,HKT1,SUC2
AT5G52520,AT5G54270,GRN_represses,2,23293642,,LHCB3
AT5G52520,AT1G61520,GRN_represses,2,23293642,,LHCA3
AT5G52520,AT3G47470,GRN_represses,2,23293642,,LHCA4
AT5G07680,AT1G80840,GRN_regulates,2,29426284,,WRKY40
AT4G28610,AT2G38940,GRN_regulates,2,35216388,,PHT1-4
AT1G32640,AT4G27410,GRN_regulates,2,32296455,MYC2,RD26
AT4G36900,AT5G45890,GRN_regulates,2,32296455,,SAG12
AT4G36900,AT4G30270,GRN_regulates,2,32296455,,XTH24
AT5G13060,AT1G70540,GRN_represses,2,33643370,,EDA24
AT5G42800,AT4G09820,GRN_represses,2,29261137,DFRA,TT8
AT4G22880,AT4G09820,GRN_represses,2,29261137,LDOX,TT8
AT3G51240,AT5G24520,GRN_represses,2,29261137,F3H,
AT4G11990,AT4G32830,GRN_activates,2,32235723,,AUR1
AT4G22860,AT4G32830,GRN_activates,2,32235723,,AUR1
AT1G77300,AT2G39180,GRN_regulates,2,32218796,EFS,
AT3G56400,AT1G77300,GRN_activates,2,32218796,WRKY70,EFS
AT3G48090,AT1G77300,GRN_represses,2,32218796,,EFS
AT3G52430,AT1G77300,GRN_represses,2,32218796,PAD4,EFS
AT1G77300,AT1G64280,GRN_activates,2,32218796,EFS,
AT2G19860,AT1G22710,GRN_represses,2,30619433,,SUC2
AT5G24780,AT1G06580,GRN_activates,2,29177423,VSP1,
AT1G64280,AT3G52430,GRN_regulates,2,37650642,,PAD4
AT5G04340,AT5G43350,GRN_regulates,2,26557133,ZAT6,PHT1-1
AT4G28610,AT2G45130,GRN_activates,2,26557133,,SPX3
AT2G45130,AT5G20150,GRN_regulates,2,26557133,SPX3,SPX1
AT1G02340,AT4G22920,GRN_represses,2,36233359,,SGR1
AT5G28840,AT2G38080,GRN_regulates,2,23799937,,IRX12
AT1G19250,AT3G11340,GRN_represses,2,33955489,,UGT76B1
AT1G71890,AT5G17890,GRN_represses,2,26451844,SUC5,
AT1G04240,AT5G57090,GRN_represses,2,35574108,SHY2,
AT1G69260,AT2G36270,GRN_activates,2,33841486,,ABI5
AT5G57050,AT4G26200,GRN_regulates,2,32326656,,ACS7
AT1G72770,AT4G26200,GRN_regulates,2,32326656,,ACS7
AT2G29980,AT2G19450,GRN_activates,2,22233193,FAD3,
AT4G34520,AT2G19450,GRN_represses,2,22233193,FAE1,
AT1G52740,AT2G30580,GRN_regulates,2,31249301,HTA9,
AT3G25250,AT5G52810,GRN_activates,2,36319610,OXI1,
AT3G25250,AT1G19250,GRN_activates,2,36319610,OXI1,
AT3G50310,AT2G43790,GRN_regulates,2,28848569,MAPKKK20,
AT2G36270,AT4G32320,GRN_represses,2,25482750,ABI5,
AT3G24650,AT1G73687,GRN_regulates,2,23196831,ABI3,
AT2G36270,AT1G73687,GRN_regulates,2,23196831,ABI5,
AT5G52300,AT2G40220,GRN_represses,2,23196831,LTI65,
AT3G44680,AT2G40220,GRN_regulates,2,32528497,HDA9,
AT4G26080,AT2G36270,GRN_represses,2,25795738,,ABI5
AT1G65450,AT3G24650,GRN_activates,2,18278579,,ABI3
AT1G65450,AT2G36270,GRN_activates,2,18278579,,ABI5
AT1G65450,AT3G51810,GRN_activates,2,18278579,,EM1
AT1G65450,AT2G40170,GRN_activates,2,18278579,,EM6
AT2G40220,AT2G25000,GRN_regulates,2,23095997,,WRKY60
AT2G36270,AT4G31800,GRN_regulates,2,23095997,ABI5,
AT1G69310,AT3G44680,GRN_regulates,2,32687569,,HDA9
AT4G23810,AT3G44680,GRN_represses,2,32687569,WRKY53,HDA9
AT2G40220,AT1G18100,GRN_represses,2,31828800,,MFT
AT5G06950,AT1G75040,GRN_regulates,2,24739302,,PR5
AT2G46790,AT5G37260,GRN_regulates,2,34164694,,RVE2
AT3G26520,AT5G61480,GRN_regulates,2,29527219,TIP1-2,
AT3G26520,AT1G05010,GRN_regulates,2,29527219,TIP1-2,ACO4
AT2G32700,AT5G63800,GRN_activates,2,24564815,,BGAL6
AT5G67300,AT5G45890,GRN_regulates,2,24286353,,SAG12
AT5G67300,AT5G13170,GRN_regulates,2,24286353,,SWEET15
AT5G67300,AT4G30270,GRN_regulates,2,24286353,,XTH24
AT5G67300,AT5G52310,GRN_represses,2,24286353,,RD29A
AT1G20700,AT5G60200,GRN_activates,2,35087541,,DOF5.3
AT4G35350,AT4G17980,GRN_activates,2,33742091,XCP1,
AT3G01680,AT4G17980,GRN_represses,2,33742091,SEOB,
AT5G10140,AT1G69120,GRN_represses,2,27672037,,AP1
AT2G41680,AT1G32060,GRN_regulates,2,32772439,,PRK
AT2G42200,AT2G30424,GRN_activates,2,24959169,SPL9,
AT2G45660,AT2G46020,GRN_activates,2,21445315,SOC1,
AT4G28500,AT5G44030,GRN_activates,2,22133261,NAC073,CESA4
AT4G28500,AT5G60490,GRN_activates,2,22133261,NAC073,FLA12
AT2G45660,AT4G11880,GRN_represses,2,36017258,SOC1,
AT2G45660,AT5G02030,GRN_regulates,2,36017258,SOC1,
AT5G62165,AT2G45660,GRN_activates,2,35790878,,SOC1
AT4G22950,AT2G45660,GRN_activates,2,35790878,,SOC1
AT4G09960,AT3G58780,GRN_regulates,2,25521508,STK,
AT4G09960,AT2G42830,GRN_regulates,2,25521508,STK,SHP2
AT4G38160,ATCG00740,GRN_activates,2,33391315,pde191,RPOA
AT3G22170,AT1G03310,GRN_activates,2,29930561,,ISA2
AT3G22170,AT2G22240,GRN_activates,2,29930561,,IPS2
AT5G22500,AT2G22240,GRN_activates,2,29930561,FAR1,IPS2
AT4G33950,AT5G22920,GRN_regulates,2,33846350,,RZPF34
AT3G09360,AT3G09350,GRN_represses,2,32210987,,Fes1A
AT5G55300,AT2G27040,GRN_activates,2,24992598,,AGO4
AT2G25170,AT5G52310,GRN_activates,2,28569170,,RD29A
AT3G16770,AT1G75080,GRN_regulates,2,29897568,RAP2-3,
AT1G30330,AT1G73830,GRN_regulates,2,29897568,ARF6,BEE3
AT3G16770,AT1G73830,GRN_regulates,2,29897568,RAP2-3,BEE3
AT3G20770,AT3G16770,GRN_activates,2,29897568,,RAP2-3
AT5G39610,AT5G13800,GRN_regulates,2,26218222,NAC92,PPH
AT4G22920,AT5G39610,GRN_represses,2,26218222,SGR1,NAC92
AT3G20770,AT4G25470,GRN_regulates,2,31507622,,DREB1C
AT4G37580,AT5G13630,GRN_represses,2,27486469,,CHLH
AT2G20180,AT4G27440,GRN_activates,2,27486469,,PORB
AT3G62420,AT1G10070,GRN_activates,2,31257431,,BCAT2
AT5G25610,AT5G18650,GRN_regulates,2,27615387,RD22,
AT2G36270,AT4G37930,GRN_activates,2,32206789,ABI5,SHM1
AT4G37930,AT2G36270,GRN_regulates,2,32206789,SHM1,ABI5
AT3G20810,AT4G10250,GRN_activates,2,34108473,JMJ30,
AT3G20810,AT1G53540,GRN_activates,2,34108473,JMJ30,
AT3G18550,AT3G14440,GRN_activates,2,33404550,,NCED3
AT4G23713,AT2G32460,GRN_regulates,2,31766424,,MYB101
AT2G34710,AT1G52400,GRN_activates,2,34927551,,BGLU18
AT4G18390,AT2G46830,GRN_activates,2,35327958,TCP2,CCA1
AT4G28840,AT2G18550,GRN_represses,2,31719830,,ATHB-21
AT5G04240,AT5G46910,GRN_regulates,2,33643367,,
AT5G46910,AT3G03850,GRN_activates,2,33643367,,
AT5G40350,AT5G46910,GRN_represses,2,33643367,MYB24,
AT2G34600,AT5G40350,GRN_regulates,2,33643367,TIFY 5B,MYB24
AT2G02450,AT4G09960,GRN_represses,2,32927860,,STK
ATCG00160,AT2G05940,GRN_activates,2,30300945,RPS2,
AT5G12840,AT3G51810,GRN_activates,2,23637805,,EM1
AT2G36270,AT5G52310,GRN_regulates,2,24163287,ABI5,RD29A
AT2G39250,AT5G04275,GRN_regulates,2,23717657,SNZ,
AT2G39250,AT2G36270,GRN_represses,2,23717657,SNZ,ABI5
AT5G07100,AT5G09410,GRN_regulates,2,23547968,WRKY26,
AT2G42610,AT2G41225,GRN_represses,2,36650214,LSH10,
AT2G42610,AT2G17950,GRN_represses,2,36650214,LSH10,
AT2G42610,AT2G36270,GRN_represses,2,36650214,LSH10,ABI5
AT2G42610,AT2G44080,GRN_represses,2,36650214,LSH10,
AT5G13630,AT4G31780,GRN_represses,2,24966866,CHLH,MGD1
AT5G13630,AT3G11670,GRN_represses,2,24966866,CHLH,
AT3G23250,AT2G30490,GRN_activates,2,33042196,MYB15,
AT3G23250,AT5G48930,GRN_activates,2,33042196,MYB15,
AT1G21700,AT3G23250,GRN_activates,2,31979421,,MYB15
AT1G21700,AT1G27730,GRN_activates,2,31979421,,ZAT10
AT1G21700,AT5G59820,GRN_activates,2,31979421,,ZAT12
AT5G28770,AT1G19220,GRN_activates,2,36253733,BZIP63,
AT3G01090,AT3G23000,GRN_represses,2,32308664,,CIPK7
AT1G45249,AT1G65690,GRN_regulates,2,26849212,ABF2,NHL6
AT3G19290,AT1G65690,GRN_regulates,2,26849212,,NHL6
AT4G34000,AT1G65690,GRN_regulates,2,26849212,,NHL6
AT1G27370,AT3G52430,GRN_activates,2,36947557,,PAD4
AT3G56940,AT1G07993,GRN_regulates,2,34113361,CRD1,
AT3G56940,AT1G09513,GRN_regulates,2,34113361,CRD1,
AT3G56940,AT5G15845,GRN_regulates,2,34113361,CRD1,
AT3G56940,AT2G08665,GRN_regulates,2,34113361,CRD1,
AT3G56940,AT1G05207,GRN_regulates,2,34113361,CRD1,
AT3G56940,AT3G08795,GRN_regulates,2,34113361,CRD1,
AT3G56940,AT5G02095,GRN_regulates,2,34113361,CRD1,
AT3G56940,AT2G23672,GRN_regulates,2,34113361,CRD1,
AT4G09820,AT3G29350,GRN_activates,2,34815339,TT8,
AT4G09820,AT3G16857,GRN_activates,2,34815339,TT8,
AT2G41510,AT5G05860,GRN_activates,2,27602043,,UGT76C2
AT2G19500,AT5G05860,GRN_represses,2,27602043,CKX2,UGT76C2
AT5G21482,AT1G22400,GRN_represses,2,27602043,CKX7,UGT85A1
AT5G21482,AT5G05860,GRN_activates,2,27602043,CKX7,UGT76C2
AT2G42200,AT2G28550,GRN_represses,2,37147280,SPL9,RAP2.7
AT4G13420,AT3G63110,GRN_regulates,2,23112848,,IPT3
AT2G35210,AT5G40820,GRN_activates,2,24335281,AGD10,
AT1G25330,AT1G73830,GRN_regulates,2,32435255,,BEE3
AT4G09960,AT1G25330,GRN_regulates,2,32435255,STK,
AT1G30330,AT1G25330,GRN_regulates,2,32435255,ARF6,
AT5G37020,AT1G25330,GRN_regulates,2,32435255,ARF8,
AT5G10330,AT1G26770,GRN_activates,2,24395199,,ATEXPA10
AT2G43010,AT4G16890,GRN_represses,2,29357355,,SNC1
AT4G16890,AT5G61900,GRN_represses,2,29357355,SNC1,
AT2G45050,AT3G26520,GRN_regulates,2,21145502,,TIP1-2
AT2G45050,AT1G52830,GRN_regulates,2,21145502,,IAA6
AT2G46970,AT3G59060,GRN_represses,2,32392219,,PIF5
AT4G14130,AT2G43010,GRN_represses,2,32392219,XTH15,
AT4G33520,AT4G27440,GRN_activates,2,32061894,,PORB
AT3G23090,AT2G32950,GRN_represses,2,29087315,,
AT1G09570,AT3G59060,GRN_activates,2,30144338,,PIF5
AT5G63860,AT1G69810,GRN_represses,2,31571300,,WRKY36
AT1G27740,AT5G64100,GRN_regulates,2,35288564,,PER69
AT1G17170,AT5G66140,GRN_activates,2,29722824,GSTU24,
AT2G46790,AT2G18550,GRN_regulates,2,30886204,,ATHB-21
AT2G18550,AT2G46830,GRN_regulates,2,30886204,ATHB-21,CCA1
AT2G18550,AT2G46790,GRN_regulates,2,30886204,ATHB-21,
AT2G46790,AT3G51810,GRN_activates,2,34152411,,EM1
AT2G46790,AT2G40170,GRN_activates,2,34152411,,EM6
AT2G46790,AT5G66400,GRN_activates,2,34152411,,RAB18
AT4G26440,AT3G23830,GRN_activates,2,22784627,,RBG4
AT2G27350,AT5G51810,GRN_represses,2,27999174,,GA20OX2
AT1G16530,AT3G48100,GRN_regulates,2,34129827,,ARR5
AT3G54560,AT2G25095,GRN_activates,2,34746701,H2AV,
AT3G54560,AT4G31877,GRN_activates,2,34746701,H2AV,
AT2G41860,AT1G23900,GRN_represses,2,35873977,CPK14,
AT2G17890,AT1G23900,GRN_represses,2,35873977,CPK16,
AT5G12180,AT1G23900,GRN_represses,2,35873977,CPK17,
AT2G46830,AT1G32900,GRN_regulates,2,32607464,CCA1,GBSS1
AT3G54610,AT4G27330,GRN_activates,2,33922251,HAG1,
AT3G54610,AT1G04240,GRN_regulates,2,33922251,HAG1,SHY2
AT3G54610,AT3G15380,GRN_regulates,2,33922251,HAG1,
AT3G54610,AT1G48100,GRN_regulates,2,33922251,HAG1,
AT3G54610,AT1G73410,GRN_regulates,2,33922251,HAG1,
AT5G51110,AT3G13460,GRN_represses,2,37122016,ATP1,
AT5G20720,AT3G13460,GRN_represses,2,37122016,CPN20,
AT2G36270,AT3G13460,GRN_activates,2,37122016,ABI5,
AT3G22990,AT5G55250,GRN_regulates,2,34456957,,IAMT1
AT5G20730,AT2G34650,GRN_represses,2,26942722,NPH4,
AT3G22370,AT2G26140,GRN_activates,2,34608962,AOX1A,
AT5G51440,AT2G26140,GRN_activates,2,34608962,HSP23.5,
ATMG00070,AT2G26140,GRN_regulates,2,34608962,NAD9,
AT3G24500,AT5G05410,GRN_regulates,2,33510759,,DREB2A
AT1G53170,AT2G14610,GRN_activates,2,30261844,,PR1
AT4G14050,ATMG00080,GRN_regulates,2,26470017,,RPL16
AT5G51110,AT2G36270,GRN_regulates,2,34535070,ATP1,ABI5
AT1G21970,AT2G46410,GRN_activates,2,26579186,NFYB9,
AT1G66810,AT2G38470,GRN_activates,2,37789438,,WRKY33
AT4G25490,AT5G10140,GRN_regulates,2,37377797,DREB1B,
AT2G45660,AT3G26744,GRN_represses,2,37377797,SOC1,
AT3G61250,AT1G69120,GRN_activates,2,34290727,AtMYB17,AP1
AT5G03840,AT2G45660,GRN_represses,2,37971083,,SOC1
AT4G16110,AT3G49110,GRN_activates,2,33540571,,PER33
AT4G16110,AT3G49120,GRN_activates,2,33540571,,PER34
AT5G60910,AT2G17950,GRN_regulates,2,29422669,AGL8,
AT5G60910,AT2G39250,GRN_represses,2,29422669,AGL8,SNZ
AT5G60910,AT2G28550,GRN_represses,2,29422669,AGL8,RAP2.7
AT4G14465,AT5G60910,GRN_represses,2,33308168,,AGL8
AT4G14465,AT2G33810,GRN_represses,2,33308168,,SPL3
AT5G60910,AT1G14920,GRN_activates,2,28586421,AGL8,
AT5G60910,AT2G46970,GRN_activates,2,28586421,AGL8,
AT5G13790,AT3G62980,GRN_represses,2,32899394,AGL15,
AT5G13790,AT1G30330,GRN_represses,2,32899394,AGL15,ARF6
AT5G13790,AT5G37020,GRN_represses,2,32899394,AGL15,ARF8
AT4G23810,AT1G72520,GRN_represses,2,35887066,WRKY53,LOX4
AT5G64930,AT4G37490,GRN_activates,2,24945150,,CYCB1-1
AT5G64930,AT5G06150,GRN_activates,2,24945150,,CYCB1-2
AT3G24650,AT4G02940,GRN_activates,2,34386031,ABI3,
AT2G36270,AT4G02940,GRN_activates,2,34386031,ABI5,
AT2G38470,AT1G19180,GRN_regulates,2,26076231,WRKY33,
AT2G29090,AT3G18520,GRN_regulates,2,33995439,,HDA15
AT5G11260,AT3G18520,GRN_activates,2,33995439,,HDA15
AT2G33380,AT1G72320,GRN_regulates,2,29490615,PXG3,
AT5G13180,AT5G52310,GRN_activates,2,27933076,NAC083,RD29A
AT1G58100,AT2G14610,GRN_activates,2,30154809,,PR1
AT1G58100,AT3G57260,GRN_activates,2,30154809,,BGL2
AT1G58100,AT1G75040,GRN_activates,2,30154809,,PR5
AT1G80100,AT1G73590,GRN_regulates,2,23457561,,PIN1
AT4G25480,AT1G20440,GRN_activates,2,30093908,,COR47
AT5G61270,AT4G25490,GRN_represses,2,23909712,,DREB1B
AT1G28300,AT2G29980,GRN_activates,2,28979275,,FAD3
ATCG00530,AT4G31040,GRN_represses,2,34938941,CEMA,
AT3G29020,AT3G51240,GRN_regulates,2,32843672,,F3H
AT1G62710,AT4G39090,GRN_activates,2,35408924,bVPE,
AT1G62710,AT4G16190,GRN_activates,2,35408924,bVPE,RD19C
AT1G04370,AT3G12500,GRN_activates,2,26635862,,CHI-B
AT2G42200,AT3G51240,GRN_represses,2,36786225,SPL9,F3H
AT3G24650,AT2G20180,GRN_regulates,2,22730287,ABI3,
AT5G17430,AT5G13790,GRN_activates,2,33958620,,AGL15
AT4G24020,AT2G15620,GRN_activates,2,35263337,,NIR1
AT5G54510,AT5G11260,GRN_activates,2,25248106,GH3.6,
AT1G01470,AT5G11260,GRN_regulates,2,25248106,LEA14,
AT1G17950,AT1G56100,GRN_activates,2,37354456,MYB52,
AT2G37260,AT4G09820,GRN_regulates,2,37354456,,TT8
AT2G46270,AT1G69260,GRN_regulates,2,28831141,GBF3,
AT2G46270,AT3G29575,GRN_regulates,2,28831141,GBF3,AFP3
AT3G29035,AT5G39610,GRN_regulates,2,21303842,NAC59,NAC92
AT5G59710,AT3G44260,GRN_activates,2,31534160,,CAF1-9
AT5G59710,AT3G30720,GRN_activates,2,31534160,,QQS
AT5G59710,AT3G22231,GRN_activates,2,31534160,,PCC1
AT1G28300,AT5G37020,GRN_activates,2,23951228,,ARF8
AT1G28300,AT1G19850,GRN_activates,2,23951228,,ARF5
AT1G28300,AT4G14560,GRN_activates,2,23951228,,IAA1
AT1G28300,AT1G04250,GRN_activates,2,23951228,,IAA17
AT5G61060,AT5G10140,GRN_activates,2,34380420,HDA05,
AT1G78830,AT3G10890,GRN_regulates,2,34181654,,
AT1G24590,AT1G69120,GRN_activates,2,27809788,,AP1
AT1G24590,AT5G10510,GRN_activates,2,27809788,,AIL6
AT1G24590,AT2G45190,GRN_activates,2,27809788,,YAB1
AT5G60910,AT5G03840,GRN_regulates,2,32154828,AGL8,
AT1G69120,AT5G56970,GRN_activates,2,32154828,AP1,
AT1G69120,AT4G03350,GRN_represses,2,21624980,AP1,
AT1G31173,AT3G61850,GRN_regulates,2,30367178,,DAG1
AT2G43010,AT2G20570,GRN_represses,2,25296857,,GPRI1
AT4G10180,AT3G24650,GRN_regulates,2,28421094,,ABI3
AT5G53210,AT5G05690,GRN_represses,2,25190717,,CYP90A1
AT4G09000,AT3G50930,GRN_regulates,2,31701146,,HSR4
AT5G38480,AT3G50930,GRN_regulates,2,31701146,,HSR4
AT4G20400,AT1G69120,GRN_represses,2,26617990,,AP1
AT5G43940,AT1G77120,GRN_activates,2,15748298,,ADH1
AT1G77120,AT5G43940,GRN_activates,2,15748298,ADH1,
AT5G13790,AT5G64310,GRN_represses,2,38075399,AGL15,AGP1
AT1G08620,AT2G45210,GRN_regulates,2,31468026,,SAUR36
AT1G02340,AT1G69120,GRN_regulates,2,31428455,,AP1
AT1G02340,AT3G54340,GRN_regulates,2,31428455,,AP3
AT5G10510,AT4G03210,GRN_regulates,2,34013313,AIL6,XTH9
AT2G22540,AT2G33880,GRN_represses,2,23759218,,WOX9
AT2G22540,AT1G73590,GRN_represses,2,23759218,,PIN1
AT2G40540,AT2G38470,GRN_represses,2,32983201,,WRKY33
AT4G32880,AT1G19850,GRN_regulates,2,30590478,,ARF5
AT1G12980,AT1G19850,GRN_regulates,2,30590478,,ARF5
AT4G01250,AT5G24780,GRN_activates,2,27107291,,VSP1
AT1G54115,AT5G28640,GRN_represses,2,32584819,,GIF1
ATCG00270,AT5G24120,GRN_activates,2,36997687,PSBD,
AT2G30470,AT3G24650,GRN_represses,2,25367506,,ABI3
AT5G13790,AT2G30470,GRN_activates,2,25367506,AGL15,
AT3G22640,AT2G30470,GRN_activates,2,25367506,PAP85,
AT1G75540,AT5G63860,GRN_activates,2,35555928,BBX21,
AT5G11260,AT1G75540,GRN_represses,2,35555928,,BBX21
AT1G78600,AT1G75540,GRN_represses,2,35555928,,BBX21
AT3G59060,AT1G52890,GRN_regulates,2,33830198,PIF5,NAC019
AT3G59060,AT5G59220,GRN_regulates,2,33830198,PIF5,SAG113
AT3G20770,AT5G13170,GRN_activates,2,33830198,,SWEET15
AT1G69310,AT5G45890,GRN_represses,2,33830198,,SAG12
AT1G03170,AT2G17950,GRN_represses,2,21176196,FAF2,
AT2G27250,AT1G03170,GRN_regulates,2,21176196,,FAF2
AT1G15360,AT1G32350,GRN_activates,2,23922943,,AOX3
AT1G13060,AT2G36270,GRN_regulates,2,36555789,,ABI5
AT3G56710,AT5G13080,GRN_represses,2,34435636,SIB1,WRKY75
AT2G41180,AT5G13080,GRN_represses,2,34435636,,WRKY75
AT2G41180,AT2G38470,GRN_activates,2,34435636,,WRKY33
AT5G20490,AT1G80680,GRN_represses,2,21914656,XI-K,
AT1G64860,ATCG00630,GRN_regulates,2,17175536,SIGA,PSAJ
AT1G64860,ATMG00800,GRN_regulates,2,17175536,SIGA,
AT2G44745,AT5G60910,GRN_regulates,2,37176133,WRKY12,AGL8
AT1G19350,AT3G19820,GRN_represses,2,29432595,,DIM
AT3G54610,AT1G79840,GRN_activates,2,31111642,HAG1,
AT1G12480,AT5G37500,GRN_activates,2,31832048,,GORK
AT4G23650,AT5G37500,GRN_represses,2,31832048,,GORK
AT1G71030,AT4G09820,GRN_represses,2,31601032,ATMYBL2,TT8
AT4G16890,AT4G16950,GRN_activates,2,18410684,SNC1,
AT2G04880,AT2G47190,GRN_regulates,2,36672181,,ATMYB2
AT4G10050,AT5G09250,GRN_represses,2,35498668,,
AT2G22630,AT1G69120,GRN_activates,2,32630379,,AP1
AT5G04275,AT2G33810,GRN_activates,2,23294862,,SPL3
AT5G64900,AT5G24770,GRN_regulates,2,35164659,PEP1,VSP2
AT5G64900,AT2G14610,GRN_activates,2,35164659,PEP1,PR1
AT1G17810,AT3G24650,GRN_regulates,2,26019256,TIP3-2,ABI3
AT1G69690,AT2G45660,GRN_activates,2,31795938,TCP15,SOC1
AT1G25560,AT5G04275,GRN_represses,2,31795938,TEM1,
AT2G03220,AT5G60910,GRN_activates,2,26317412,,AGL8
AT2G46830,AT1G01060,GRN_represses,2,26625126,CCA1,
AT5G53210,AT4G34160,GRN_activates,2,36609867,,CYCD3-1
AT1G69120,AT4G16280,GRN_represses,2,36829606,AP1,
AT1G69690,AT4G25420,GRN_regulates,2,34305986,TCP15,
AT1G69690,AT2G18300,GRN_regulates,2,34305986,TCP15,
AT1G69690,AT1G26945,GRN_regulates,2,34305986,TCP15,PRE6
AT3G13550,AT5G22880,GRN_regulates,2,31608079,,H2B
AT3G44680,AT5G67320,GRN_regulates,2,31608079,HDA9,
AT3G26744,AT2G36270,GRN_represses,2,32963085,,ABI5
AT3G26744,AT2G40170,GRN_represses,2,32963085,,EM6
AT3G26744,AT3G51810,GRN_represses,2,32963085,,EM1
AT1G06160,AT2G23380,GRN_regulates,2,36890886,ERF094,
AT3G54340,AT2G23380,GRN_represses,2,31604825,AP3,
AT5G59780,AT1G12110,GRN_regulates,2,38046603,MYB59,NPF6.3
AT1G12110,AT4G30190,GRN_activates,2,38046603,NPF6.3,
AT1G35720,AT1G70940,GRN_activates,2,35079328,ANN1,PIN3
AT5G65020,AT1G70940,GRN_activates,2,35079328,ANN2,PIN3
AT1G73730,AT3G49580,GRN_regulates,2,36099003,,LSU1
AT3G20770,AT3G49580,GRN_represses,2,36099003,,LSU1
AT2G47015,AT3G51240,GRN_regulates,2,38023835,,F3H
AT4G31820,AT1G73590,GRN_regulates,2,23560110,,PIN1
AT4G36930,AT5G42800,GRN_activates,2,36771679,,DFRA
AT4G36930,AT5G07990,GRN_activates,2,36771679,,CYP75B1
AT1G66390,AT4G22880,GRN_regulates,2,35701743,MYB90,LDOX
AT1G72180,AT2G26040,GRN_activates,2,31232446,CEPR2,
AT4G22920,AT1G48630,GRN_regulates,2,37376011,SGR1,RACK1B
AT4G19040,AT3G52430,GRN_represses,2,17612410,,PAD4
ATCG00350,AT1G67840,GRN_regulates,2,31925322,PSAA,CSK
ATCG00440,AT1G67840,GRN_regulates,2,31925322,NDHC,CSK
AT3G09940,AT4G17490,GRN_activates,2,23940555,MDAR3,
AT1G27730,AT1G17420,GRN_represses,2,28716048,ZAT10,LOX3
AT2G33460,AT5G57090,GRN_regulates,2,22683260,RIC1,
AT5G46070,AT5G26920,GRN_regulates,2,35768511,,CBP60G
AT5G46070,AT1G73805,GRN_regulates,2,35768511,,SARD1
AT3G54230,AT1G66980,GRN_regulates,2,25267732,SUA,SNC4
AT3G54230,AT3G21630,GRN_regulates,2,25267732,SUA,
AT1G30480,AT1G66980,GRN_regulates,2,25267732,,SNC4
AT5G64170,AT3G09600,GRN_activates,2,26124767,,RVE8
AT1G12110,AT2G14210,GRN_activates,2,19783843,NPF6.3,
AT2G24850,AT3G54720,GRN_regulates,2,34489518,TAT3,
AT3G16400,AT3G54720,GRN_regulates,2,34489518,NSP1,
AT1G26945,AT1G19850,GRN_regulates,2,29114256,PRE6,ARF5
AT1G26945,AT5G37020,GRN_regulates,2,29114256,PRE6,ARF8
AT1G74500,AT1G19850,GRN_regulates,2,29114256,,ARF5
AT5G39860,AT1G79460,GRN_represses,2,37108050,PRE1,
AT2G41100,AT1G77300,GRN_represses,2,25374573,CML12,EFS
AT3G15540,AT1G75080,GRN_represses,2,28244988,IAA19,
AT5G20720,AT5G13630,GRN_represses,2,34712252,CPN20,CHLH
AT1G75080,AT4G37900,GRN_activates,2,37631206,,GRDP2
AT1G07890,AT4G17410,GRN_activates,2,27676073,APX1,
AT1G07890,AT3G06930,GRN_regulates,2,27676073,APX1,
AT4G16890,AT1G64280,GRN_regulates,2,19629177,SNC1,
AT3G15030,AT4G27440,GRN_regulates,2,35605201,,PORB
AT3G15030,AT5G18660,GRN_regulates,2,35605201,,DVR
AT3G15030,AT2G45660,GRN_regulates,2,35605201,,SOC1
AT5G65700,AT2G41680,GRN_activates,2,20876336,BAM1,
AT5G63460,AT1G70790,GRN_regulates,2,37960096,,CAR9
AT1G26250,AT2G06850,GRN_regulates,2,26257758,,XTH4
AT5G44150,AT5G57800,GRN_regulates,2,31455787,,CER3
AT5G61590,AT5G13790,GRN_regulates,2,25534944,ERF107,AGL15
AT1G28300,AT1G33760,GRN_represses,2,25534944,,ERF022
AT1G33760,AT1G28300,GRN_regulates,2,25534944,ERF022,
AT1G21970,AT1G15580,GRN_regulates,2,32079138,NFYB9,
AT1G21970,AT3G15540,GRN_regulates,2,32079138,NFYB9,IAA19
AT3G26790,AT5G13790,GRN_regulates,2,32079138,,AGL15
AT5G10510,AT4G32540,GRN_activates,2,32079138,AIL6,
AT5G10510,AT5G11320,GRN_activates,2,32079138,AIL6,
AT1G28300,AT3G27660,GRN_activates,2,25790072,,OL2
AT1G71930,AT3G08500,GRN_regulates,2,35885964,,MYB83
AT3G08500,AT5G13180,GRN_activates,2,35885964,MYB83,NAC083
AT3G20770,AT4G32330,GRN_activates,2,28174592,,WDL5
AT4G34460,AT5G56750,GRN_represses,2,34571915,,NDL1
AT2G21650,AT5G11260,GRN_represses,2,30566447,RL2,
AT2G21650,AT3G17609,GRN_represses,2,30566447,RL2,
AT5G57180,AT2G20570,GRN_activates,2,35106435,,GPRI1
AT5G57180,AT2G45650,GRN_represses,2,35106435,,AGL6
AT5G57180,AT1G69120,GRN_represses,2,35106435,,AP1
AT3G08940,AT4G25100,GRN_activates,2,37728561,LHCB4.2,
AT4G10310,AT5G35410,GRN_represses,2,37676545,HKT1,
AT1G18570,AT2G20610,GRN_activates,2,32082343,MYB51,SUR1
AT2G38470,AT2G22330,GRN_activates,2,32082343,WRKY33,CYP79B3
AT2G38470,AT1G18570,GRN_activates,2,32082343,WRKY33,MYB51
AT5G61850,AT4G24540,GRN_represses,2,29354153,,AGL24
AT3G58190,AT5G20730,GRN_regulates,2,35763576,,NPH4
AT1G19350,AT4G30290,GRN_activates,2,34749656,,XTH19
AT1G19350,AT4G25810,GRN_activates,2,34749656,,XTH23
AT3G06670,AT4G09820,GRN_activates,2,28678890,,TT8
AT5G59220,AT3G06670,GRN_activates,2,28678890,SAG113,
AT3G06030,AT5G56580,GRN_activates,2,20802223,,MKK6
AT1G18370,AT3G06030,GRN_activates,2,20802223,KIN7A,
AT2G24980,AT1G64860,GRN_regulates,2,31245709,,SIGA
AT4G08400,AT1G64860,GRN_regulates,2,31245709,,SIGA
AT5G06640,AT1G64860,GRN_regulates,2,31245709,,SIGA
AT5G49080,AT1G64860,GRN_regulates,2,31245709,,SIGA
AT4G13390,AT1G64860,GRN_regulates,2,31245709,,SIGA
AT5G43750,AT1G64860,GRN_represses,2,31245709,PNSB5,SIGA
AT1G64860,AT2G43010,GRN_represses,2,31245709,SIGA,
AT4G34460,AT5G52310,GRN_regulates,2,25635681,,RD29A
AT5G52310,AT4G34460,GRN_activates,2,25635681,RD29A,
AT5G66400,AT4G34460,GRN_activates,2,25635681,RAB18,
AT1G20450,AT4G34460,GRN_activates,2,25635681,ERD10,
AT5G67030,AT4G34460,GRN_activates,2,25635681,ZEP,
AT3G49580,AT5G51100,GRN_activates,2,28207043,LSU1,
AT4G30860,AT3G11260,GRN_regulates,2,38034417,ASHR3,
AT3G44680,AT3G51800,GRN_represses,2,27873573,HDA9,ATG2
AT4G38130,AT4G19170,GRN_activates,2,24904627,HDA19,CCD4
AT5G40780,AT2G20340,GRN_regulates,2,36679084,LHT1,ELI5
AT5G11260,AT1G73590,GRN_represses,2,36714693,,PIN1
AT2G46370,AT3G59060,GRN_represses,2,29163619,,PIF5
AT5G13930,AT2G46370,GRN_represses,2,37216398,CHS,
AT3G17860,AT1G32640,GRN_represses,2,26176841,,MYC2
AT2G46370,AT1G32640,GRN_regulates,2,26176841,,MYC2
AT2G46370,AT4G34530,GRN_represses,2,26176841,,BHLH63
AT4G39110,AT2G17520,GRN_represses,2,37563456,,
AT3G51550,AT1G45249,GRN_regulates,2,35435236,,ABF2
AT5G67500,AT5G35410,GRN_regulates,2,37789617,VDAC2,
AT5G67500,AT2G01980,GRN_regulates,2,37789617,VDAC2,
AT4G23713,AT4G18390,GRN_represses,2,24137171,,TCP2
AT5G23280,AT1G15570,GRN_represses,2,24137171,,CYCA2-3
AT1G35560,AT1G15570,GRN_represses,2,24137171,,CYCA2-3
AT3G10040,AT1G77120,GRN_represses,2,25226037,,ADH1
AT4G33070,AT3G10040,GRN_represses,2,25226037,PDC1,
AT4G05105,AT2G38080,GRN_regulates,2,31528508,,IRX12
AT3G15390,AT5G63580,GRN_activates,2,28851870,,FLS2
AT2G14610,AT3G15390,GRN_regulates,2,28851870,PR1,
AT5G07840,AT2G36270,GRN_represses,2,37514328,,ABI5
AT4G03280,AT3G54170,GRN_regulates,2,37287225,PETC,
AT4G37930,AT3G54170,GRN_regulates,2,27396363,SHM1,
AT5G10140,AT5G51810,GRN_represses,2,25853185,,GA20OX2
AT5G25900,AT1G70890,GRN_activates,2,26512059,,MLP43
AT5G18270,AT5G23150,GRN_regulates,2,35283930,ANAC087,
AT3G59060,AT1G09530,GRN_activates,2,34556672,PIF5,
AT1G09530,AT4G14690,GRN_activates,2,34556672,,ELIP2
AT1G62310,AT2G46830,GRN_represses,2,33916408,,CCA1
AT4G14560,AT3G23240,GRN_regulates,2,26745809,IAA1,
AT3G23030,AT3G23240,GRN_regulates,2,26745809,IAA2,
AT1G25560,AT5G62165,GRN_represses,2,36473939,TEM1,
AT1G68840,AT5G62165,GRN_represses,2,36473939,RAV2,
AT1G32870,AT3G22370,GRN_activates,2,34724278,ANAC13,AOX1A
AT2G22300,AT4G33430,GRN_represses,2,27200054,CAMTA3,
AT2G22300,AT1G32640,GRN_regulates,2,27200054,CAMTA3,MYC2
AT4G12010,AT2G22300,GRN_represses,2,37566065,,CAMTA3
AT5G18370,AT2G22300,GRN_represses,2,37566065,,CAMTA3
AT1G27370,AT4G34410,GRN_regulates,2,34698862,,ERF109
AT4G33950,AT2G36640,GRN_activates,2,21085673,,ECP63
AT4G08150,AT3G57130,GRN_represses,2,38034559,KNAT1,
AT4G08150,AT2G41370,GRN_represses,2,38034559,KNAT1,
AT5G55250,AT2G31750,GRN_regulates,2,33441983,IAMT1,
AT1G05260,AT4G13420,GRN_activates,2,37837470,PER3,
AT1G06830,AT1G08090,GRN_activates,2,38286991,GRXS11,
AT3G56390,AT2G19110,GRN_represses,2,36035682,,HMA4
AT5G13650,AT2G30950,GRN_represses,2,21187014,,VAR2
AT2G42870,AT5G17230,GRN_activates,2,35266544,,PSY
AT4G25470,AT5G52310,GRN_activates,2,35109794,DREB1C,RD29A
AT4G25470,AT1G20440,GRN_activates,2,35109794,DREB1C,COR47
AT1G75080,AT5G40450,GRN_regulates,2,33324437,,
AT1G75080,AT4G20260,GRN_regulates,2,33324437,,PCAP1
AT1G75080,AT5G44610,GRN_regulates,2,33324437,,PCAP2
AT5G46845,AT1G73590,GRN_regulates,2,36379956,,PIN1
AT1G77850,AT1G73590,GRN_regulates,2,36379956,,PIN1
AT4G34460,AT1G75540,GRN_represses,2,29375601,,BBX21
AT1G02900,AT5G05690,GRN_activates,2,24620000,RALF1,CYP90A1
AT1G02900,AT3G50660,GRN_activates,2,24620000,RALF1,
AT2G38470,AT2G39200,GRN_regulates,2,28207847,WRKY33,MLO12
AT2G33800,AT3G49500,GRN_activates,2,24453975,RPS5,
AT5G21150,AT4G09960,GRN_represses,2,33158925,AGO9,STK
AT3G49500,AT4G09960,GRN_represses,2,33158925,,STK
AT5G52310,AT5G58130,GRN_represses,2,18815596,RD29A,
AT1G77300,AT2G34690,GRN_represses,2,20949080,EFS,
AT2G28910,AT2G38170,GRN_activates,2,33467091,,CAX1
AT4G04890,AT1G11735,GRN_activates,2,32139673,PDF2,
AT5G43810,AT2G17950,GRN_represses,2,21483759,AGO10,
AT4G36920,AT5G43810,GRN_represses,2,21483759,,AGO10
AT5G63715,AT5G43810,GRN_regulates,2,21496644,,AGO10
AT3G21890,AT4G14690,GRN_activates,2,31851942,,ELIP2
AT3G18520,AT2G18790,GRN_activates,2,36497048,HDA15,
AT1G73590,AT2G19880,GRN_regulates,2,36466268,PIN1,
AT5G60450,AT1G69120,GRN_activates,2,33931632,,AP1
AT1G04240,AT5G20730,GRN_represses,2,25566309,SHY2,NPH4
AT3G15540,AT5G20730,GRN_represses,2,25566309,IAA19,NPH4
AT3G63110,AT4G37650,GRN_activates,2,25730098,IPT3,
AT5G10510,AT5G53950,GRN_regulates,2,35734253,AIL6,
AT4G35770,AT3G54720,GRN_regulates,2,35328570,STR15,
AT3G56400,AT1G64280,GRN_activates,2,32187998,WRKY70,
AT1G45145,AT1G64280,GRN_regulates,2,23087001,TRX5,
AT1G64280,AT2G40750,GRN_activates,2,17096590,,WRKY54
AT4G16110,AT3G48100,GRN_activates,2,30742656,,ARR5
AT5G40350,AT5G44100,GRN_activates,2,32106561,MYB24,
AT1G04250,AT3G62980,GRN_represses,2,37370022,IAA17,
AT5G02220,AT5G02110,GRN_represses,2,35148836,,CYCD7-1
AT3G15170,AT1G73590,GRN_regulates,2,33234714,,PIN1
AT3G55560,AT5G43270,GRN_represses,2,35642455,AHL15,
AT5G18830,AT5G03260,GRN_regulates,2,35666865,,LAC11
AT1G16490,AT2G38080,GRN_activates,2,26379777,,IRX12
AT4G13555,AT2G38080,GRN_regulates,2,26379777,,IRX12
AT4G31610,AT2G45660,GRN_activates,2,37171544,,SOC1
AT4G31610,AT1G69120,GRN_activates,2,37171544,,AP1
AT3G01310,AT4G19230,GRN_activates,2,25093810,,
AT1G02860,AT1G69870,GRN_represses,2,34135921,,NPF2.13
AT4G37490,AT3G48190,GRN_activates,2,30657222,CYCB1-1,
AT4G37490,AT5G40820,GRN_activates,2,30657222,CYCB1-1,
AT2G01420,AT2G19880,GRN_regulates,2,27312670,PIN4,
AT1G70940,AT1G77690,GRN_activates,2,24150423,PIN3,LAX3
AT2G43120,AT1G20850,GRN_represses,2,24947605,,XCP2
AT3G23430,AT1G62300,GRN_represses,2,28338870,PHO1,WRKY6
AT5G44030,AT5G13220,GRN_represses,2,31792188,CESA4,JAZ10
AT1G75080,AT4G25490,GRN_activates,2,35897632,,DREB1B
AT1G75080,AT4G25470,GRN_activates,2,35897632,,DREB1C
AT5G67420,AT2G14210,GRN_represses,2,36247555,LBD37,
AT1G69690,AT1G29460,GRN_activates,2,26147117,TCP15,
AT4G37900,AT2G40170,GRN_regulates,2,25653657,GRDP2,EM6
AT4G37900,AT3G19290,GRN_regulates,2,25653657,GRDP2,
AT4G37900,AT5G62000,GRN_regulates,2,25653657,GRDP2,
AT1G70940,AT3G26900,GRN_represses,2,29515603,PIN3,SKL1
AT2G01420,AT3G26900,GRN_represses,2,29515603,PIN4,SKL1
AT3G47340,AT4G34590,GRN_regulates,2,18841482,ASN1,BZIP11
AT1G19350,AT4G27410,GRN_represses,2,33784975,,RD26
AT2G43790,AT1G75710,GRN_represses,2,34615886,,
AT5G57560,AT4G24190,GRN_regulates,2,36359737,XTH22,
AT3G25050,AT5G19530,GRN_activates,2,28443615,XTH3,ACL5
AT3G13890,AT5G54690,GRN_regulates,2,25120548,MYB26,GAUT12
AT5G51780,AT5G42800,GRN_activates,2,31817723,,DFRA
AT4G30480,AT4G38130,GRN_represses,2,34485289,,HDA19
AT4G28190,AT4G28520,GRN_regulates,2,34828269,,CRC
AT5G60910,AT4G28520,GRN_activates,2,34828269,AGL8,CRC
AT3G16770,AT3G25800,GRN_activates,2,24998294,RAP2-3,
AT3G16770,AT2G47730,GRN_activates,2,24998294,RAP2-3,
AT1G17745,AT3G19480,GRN_regulates,2,33779763,PGDH,
AT1G71930,AT5G44030,GRN_regulates,2,33267872,,CESA4
AT5G14170,AT3G15540,GRN_regulates,2,28619072,,IAA19
AT5G14170,AT5G07010,GRN_regulates,2,28619072,,SOT15
AT5G14170,AT4G14130,GRN_regulates,2,28619072,,XTH15
AT5G14170,AT1G18400,GRN_regulates,2,28619072,,BEE1
AT3G47500,AT1G26790,GRN_regulates,2,35958204,CDF3,
AT1G79680,AT1G19180,GRN_represses,2,34063046,WAKL10,
AT1G79680,AT2G34600,GRN_represses,2,34063046,WAKL10,TIFY 5B
AT1G79680,AT1G30135,GRN_represses,2,34063046,WAKL10,TIFY5A
AT1G79680,AT1G10550,GRN_regulates,2,34063046,WAKL10,
AT1G79680,AT3G56400,GRN_represses,2,34063046,WAKL10,WRKY70
AT1G56510,AT2G02955,GRN_regulates,2,35838065,ADR2,
AT1G14410,AT4G23810,GRN_regulates,2,37351567,,WRKY53
AT3G23030,AT3G44750,GRN_activates,2,31337083,IAA2,HDT1
AT3G15540,AT3G44750,GRN_activates,2,31337083,IAA19,HDT1
AT3G55800,AT5G38420,GRN_regulates,2,27936496,SBPASE,RBCS-2B
AT3G27010,AT1G77760,GRN_activates,2,35140727,,NIA1
AT5G47220,AT1G02920,GRN_activates,2,37298311,ERF2,GSTF7
AT3G22370,AT5G02310,GRN_represses,2,36232478,AOX1A,
AT3G16770,AT4G01026,GRN_represses,2,32052059,RAP2-3,
AT5G62000,AT1G04240,GRN_represses,2,19213814,,SHY2
AT4G32280,AT1G04240,GRN_regulates,2,19213814,IAA29,SHY2
AT2G30520,AT1G75100,GRN_regulates,2,28698471,RPT2,
AT5G61380,AT5G62470,GRN_activates,2,26725725,,MYB96
AT5G46590,AT5G52310,GRN_activates,2,34203360,,RD29A
AT1G52890,AT3G20770,GRN_regulates,2,34361053,NAC019,
AT3G15500,AT3G20770,GRN_regulates,2,34361053,NAC055,
AT1G17170,AT4G20910,GRN_represses,2,34578418,GSTU24,
AT1G47710,AT1G02170,GRN_represses,2,32377350,,
AT1G72930,AT1G07910,GRN_represses,2,36893276,TIR,
AT1G20440,AT1G15480,GRN_represses,2,32397956,COR47,
AT1G68050,AT5G39660,GRN_regulates,2,20419097,ADO3,
AT3G52250,AT1G03790,GRN_represses,2,35548305,,SOM
AT5G11530,AT3G54340,GRN_regulates,2,22457632,,AP3
AT4G28320,AT2G36270,GRN_represses,2,37510266,,ABI5
AT2G36270,AT4G28320,GRN_represses,2,37510266,ABI5,
AT1G15080,AT1G12110,GRN_represses,2,24180234,,NPF6.3
AT3G51550,AT2G46830,GRN_regulates,2,31948398,,CCA1
AT1G28270,AT5G14740,GRN_activates,2,35794475,RALFL4,
AT3G19290,AT4G13250,GRN_activates,2,34579353,,NYC1
AT1G32640,AT4G13250,GRN_activates,2,34579353,MYC2,NYC1
AT2G29760,ATCG01230,GRN_regulates,2,36227729,,RPS12B
AT3G16500,AT5G17220,GRN_activates,2,31693790,,GSTF12
AT1G65060,AT5G11260,GRN_represses,2,31850011,4CL3,
AT5G07990,AT5G11260,GRN_represses,2,31850011,CYP75B1,
AT3G51240,AT5G11260,GRN_represses,2,31850011,F3H,
AT4G29080,AT5G42800,GRN_activates,2,27586417,IAA27,DFRA
AT5G24520,AT5G07990,GRN_regulates,2,27586417,,CYP75B1
AT1G75520,AT5G11260,GRN_activates,2,35111179,SRS5,
AT5G11260,AT4G16740,GRN_activates,2,35111179,,TPS03
AT5G11260,AT2G45210,GRN_regulates,2,33686674,,SAUR36
AT5G11260,AT3G15540,GRN_regulates,2,33686674,,IAA19
AT5G11260,AT4G14130,GRN_regulates,2,33686674,,XTH15
AT5G11260,AT4G14690,GRN_activates,2,32187694,,ELIP2
AT5G15960,AT2G32950,GRN_regulates,2,32187694,KIN1,
AT2G14610,AT5G41600,GRN_activates,2,32138311,PR1,
AT5G66750,AT3G54560,GRN_activates,2,37467143,,H2AV
AT3G16857,AT1G28130,GRN_regulates,2,33946960,,GH3.17
AT1G75080,AT1G30330,GRN_regulates,2,27432188,,ARF6
AT5G01675,AT5G23060,GRN_represses,2,33985972,,CAS
AT2G22370,AT1G69120,GRN_represses,2,23326539,,AP1
AT1G68880,AT5G47550,GRN_activates,2,28756655,,CYS5
AT2G46790,AT3G47500,GRN_regulates,2,25534513,,CDF3
AT2G14610,AT2G27040,GRN_regulates,2,31274236,PR1,AGO4
AT1G32640,AT1G77120,GRN_activates,2,17764576,MYC2,ADH1
AT3G47600,AT1G02205,GRN_regulates,2,34764971,,CER1
AT5G62470,AT1G02205,GRN_regulates,2,34764971,MYB96,CER1
AT1G62990,AT2G37090,GRN_activates,2,34795688,KNAT7,IRX9
AT4G14455,AT2G14610,GRN_regulates,2,35270180,,PR1
AT4G35450,AT5G36880,GRN_activates,2,31350932,AKR2,ACS
AT2G36270,AT5G04760,GRN_regulates,2,37108512,ABI5,
AT2G36270,AT4G08980,GRN_regulates,2,37108512,ABI5,
AT2G36270,AT5G46880,GRN_regulates,2,37108512,ABI5,
AT4G37930,AT1G73590,GRN_activates,2,26623515,SHM1,PIN1
AT3G55980,AT1G12820,GRN_activates,2,33333760,SZF1,
AT5G60410,AT3G23250,GRN_represses,2,22253727,,MYB15
AT5G64900,AT4G31550,GRN_activates,2,34764230,PEP1,
AT5G64900,AT1G06580,GRN_activates,2,28973025,PEP1,
AT2G46680,AT5G05440,GRN_represses,2,24884528,ATHB-7,
AT3G61890,AT5G53160,GRN_represses,2,24884528,ATHB-12,
AT3G61890,AT4G26080,GRN_regulates,2,24884528,ATHB-12,
AT3G61890,AT5G57050,GRN_regulates,2,24884528,ATHB-12,
AT3G04060,AT5G39610,GRN_regulates,2,27021284,,NAC92
AT3G04060,AT3G29035,GRN_regulates,2,27021284,,NAC59
AT2G36270,AT4G22920,GRN_activates,2,27021284,ABI5,SGR1
AT1G45249,AT2G16700,GRN_activates,2,30476276,ABF2,
AT2G41070,AT2G16700,GRN_activates,2,30476276,EEL,
AT1G79670,AT1G21270,GRN_regulates,2,37002606,,WAK2
AT1G79670,AT5G13220,GRN_regulates,2,37002606,,JAZ10
AT5G03280,AT1G20440,GRN_represses,2,27845361,,COR47
AT5G22890,AT5G06870,GRN_represses,2,32183485,,PGIP2
AT1G02580,AT3G11940,GRN_regulates,2,19779546,,RPS5B
AT5G24520,AT1G32640,GRN_activates,2,31658678,,MYC2
AT5G12870,AT2G46770,GRN_regulates,2,37372306,MYB46,NAC043
AT5G12870,AT3G61910,GRN_regulates,2,37372306,MYB46,NAC066
AT5G12870,AT5G62380,GRN_regulates,2,37372306,MYB46,
AT5G12870,AT1G71930,GRN_regulates,2,37372306,MYB46,
AT4G25490,AT4G27560,GRN_regulates,2,36679018,DREB1B,
AT5G48650,AT1G80840,GRN_activates,2,30456348,,WRKY40
AT5G48650,AT4G12470,GRN_activates,2,30456348,,AZI1
AT1G49120,AT5G62920,GRN_regulates,2,36901811,,ARR6
AT2G11810,AT4G31780,GRN_activates,2,27114097,,MGD1
AT4G04720,AT5G24030,GRN_activates,2,30736441,,SLAH3
AT2G45660,AT4G34000,GRN_regulates,2,33353251,SOC1,
AT2G45660,AT3G19290,GRN_regulates,2,33353251,SOC1,
AT5G03840,AT2G36270,GRN_represses,2,33353251,,ABI5
AT4G34830,ATCG00490,GRN_activates,2,34037778,MRL1,RBCL
AT1G73360,AT3G24650,GRN_regulates,2,27625663,,ABI3
AT4G31850,AT5G60170,GRN_represses,2,33431870,,
AT2G31220,AT2G32530,GRN_activates,2,36232985,,CSLB3
AT3G22840,AT3G54720,GRN_regulates,2,21637772,ELIP1,
AT3G54720,AT5G66400,GRN_regulates,2,21637772,,RAB18
AT3G54720,AT3G22840,GRN_regulates,2,21637772,,ELIP1
AT5G43930,AT3G45140,GRN_represses,2,31701600,,LOX2
AT5G43930,AT1G32640,GRN_represses,2,31701600,,MYC2
AT3G19290,AT2G45660,GRN_activates,2,36555271,,SOC1
AT2G36270,AT5G15970,GRN_activates,2,35216467,ABI5,KIN2
AT2G28510,AT1G32640,GRN_activates,2,37298196,,MYC2
AT1G32640,AT3G21270,GRN_activates,2,37298196,MYC2,
AT4G08150,AT1G70510,GRN_regulates,2,35126427,KNAT1,
AT2G02990,AT1G13680,GRN_represses,2,35524456,RNS1,
AT1G50960,AT1G12610,GRN_activates,2,24475234,,DREB1F
AT5G53210,AT4G01060,GRN_activates,2,33877316,,ETC3
AT1G04550,AT1G19850,GRN_represses,2,33045058,,ARF5
AT5G47220,AT3G04720,GRN_activates,2,23226498,ERF2,HEL
AT2G43790,AT1G73590,GRN_regulates,2,30891050,,PIN1
AT1G21250,AT5G20480,GRN_activates,2,34451632,WAK1,
AT3G59060,AT4G20370,GRN_activates,2,36304753,PIF5,
AT3G22170,AT2G33810,GRN_represses,2,36304753,,SPL3
AT3G22170,AT1G53160,GRN_represses,2,36304753,,SPL4
AT3G22170,AT5G60910,GRN_represses,2,36304753,,AGL8
AT3G22170,AT1G69120,GRN_represses,2,36304753,,AP1
AT1G31880,AT1G73590,GRN_represses,2,30551673,,PIN1
AT5G61480,AT5G62230,GRN_regulates,2,30551673,,ERL1
AT1G08590,AT5G62230,GRN_regulates,2,30551673,,ERL1
AT4G28650,AT5G62230,GRN_regulates,2,30551673,,ERL1
AT3G12500,AT2G43790,GRN_activates,2,29875545,CHI-B,
AT4G02390,AT3G46940,GRN_activates,2,21541310,,DUT1
AT5G05690,AT4G39400,GRN_regulates,2,24599079,CYP90A1,
AT1G13980,AT4G39400,GRN_represses,2,28720789,GN,
AT5G57360,AT1G68050,GRN_activates,2,25740721,,ADO3
AT5G11310,AT5G13630,GRN_represses,2,25005137,,CHLH
AT5G11310,AT5G05410,GRN_activates,2,25005137,,DREB2A
AT5G11310,AT5G66400,GRN_activates,2,25005137,,RAB18
AT5G11310,AT5G52310,GRN_activates,2,25005137,,RD29A
AT4G38130,AT1G52890,GRN_activates,2,31681394,HDA19,NAC019
AT2G31400,AT5G44190,GRN_represses,2,35322876,,GLK2
AT1G62990,AT4G36890,GRN_activates,2,36305092,KNAT7,
AT1G62990,AT1G53500,GRN_regulates,2,36305092,KNAT7,
AT5G37770,AT1G08430,GRN_activates,2,35163057,,ALMT1
AT2G43010,AT1G69690,GRN_regulates,2,37048089,,TCP15
AT3G52430,AT3G26830,GRN_regulates,2,23847627,PAD4,CYP71B15
AT5G45820,AT5G11260,GRN_activates,2,23456246,CIPK20,
AT1G09570,AT5G45820,GRN_regulates,2,23456246,,CIPK20
AT1G26985,AT5G12870,GRN_represses,2,36077531,,MYB46
AT4G35310,AT2G35980,GRN_activates,2,38266087,,NHL10
AT1G65450,AT4G35310,GRN_activates,2,38266087,,
AT4G25490,AT1G20440,GRN_activates,2,31512008,DREB1B,COR47
AT4G25490,AT5G52310,GRN_activates,2,31512008,DREB1B,RD29A
AT4G14410,AT1G56430,GRN_activates,2,31512008,,NAS4
AT4G18980,AT4G23810,GRN_activates,2,29035318,AtS40-3,WRKY53
AT4G15680,AT2G45810,GRN_activates,2,36613447,GRXS4,
AT3G42670,AT4G29080,GRN_regulates,2,31924796,,IAA27
AT3G20250,AT5G25610,GRN_represses,2,24666827,APUM5,RD22
AT5G59220,AT1G69490,GRN_regulates,2,27135336,SAG113,NAC029
AT1G01720,AT2G20570,GRN_represses,2,27135336,,GPRI1
AT5G03280,AT3G29035,GRN_regulates,2,27135336,,NAC59
AT3G11260,AT5G10510,GRN_activates,2,35373503,,AIL6
AT2G46830,AT1G77760,GRN_activates,2,33362808,CCA1,NIA1
AT2G46830,AT1G37130,GRN_regulates,2,33362808,CCA1,NIA2
AT5G28640,AT4G37490,GRN_activates,2,33693822,GIF1,CYCB1-1
AT3G45640,AT5G64330,GRN_activates,2,23172892,,RPT3
AT3G44320,AT5G03671,GRN_regulates,2,29312389,NIT3,
AT1G70700,AT2G01570,GRN_represses,2,34575953,JAZ9,
AT2G36270,AT2G19450,GRN_regulates,2,32041112,ABI5,
AT2G16720,AT2G36270,GRN_represses,2,32041112,,ABI5
AT2G36270,AT1G73590,GRN_represses,2,32041112,ABI5,PIN1
AT2G44950,AT4G16890,GRN_regulates,2,24664204,HUB1,SNC1
AT5G64530,AT2G46770,GRN_regulates,2,31740956,,NAC043
AT2G26650,AT1G30270,GRN_regulates,2,17922773,AKT1,
AT1G65450,AT3G20770,GRN_represses,2,32820066,,
AT3G47810,AT4G24210,GRN_activates,2,38315261,VPS29,
AT5G61380,AT1G29920,GRN_regulates,2,12736379,,LHCB1.1
AT2G18300,AT2G43060,GRN_represses,2,23221598,,IBH1
AT1G10370,AT1G09570,GRN_regulates,2,22095046,GSTU17,
AT3G14440,AT2G38750,GRN_activates,2,20656895,NCED3,ANN4
AT2G39800,AT2G38750,GRN_activates,2,20656895,,ANN4
AT5G52300,AT5G58700,GRN_regulates,2,28102910,LTI65,
AT3G23250,AT5G58700,GRN_regulates,2,28102910,MYB15,
AT1G27730,AT5G58700,GRN_regulates,2,28102910,ZAT10,
AT1G04240,AT3G09150,GRN_represses,2,8624510,SHY2,
AT2G38470,AT5G42800,GRN_represses,2,38229439,WRKY33,DFRA
AT2G43010,AT5G42800,GRN_represses,2,26259175,,DFRA
AT3G59060,AT5G42800,GRN_represses,2,26259175,PIF5,DFRA
AT4G28610,AT3G51240,GRN_activates,2,35842503,,F3H
AT4G28610,AT4G22880,GRN_activates,2,35842503,,LDOX
AT2G01570,AT1G19530,GRN_activates,2,33660280,,
AT5G45890,AT4G02780,GRN_regulates,2,24576761,SAG12,
AT5G13170,AT4G02780,GRN_regulates,2,24576761,SWEET15,
AT5G45890,AT5G63110,GRN_represses,2,18212027,SAG12,HDA6
AT4G30270,AT5G63110,GRN_represses,2,18212027,XTH24,HDA6
AT5G10140,AT5G63110,GRN_activates,2,18212027,,HDA6
AT1G13260,AT1G19350,GRN_represses,2,36511120,RAV1,
AT3G11580,AT5G28640,GRN_represses,2,37550368,,GIF1
AT5G60770,AT1G12110,GRN_represses,2,37185665,,NPF6.3
AT1G12940,AT1G12110,GRN_represses,2,37185665,,NPF6.3
AT5G46760,AT1G32640,GRN_regulates,2,21335373,,MYC2
AT4G17880,AT1G32640,GRN_regulates,2,21335373,,MYC2
AT1G32640,AT1G73080,GRN_regulates,2,38229005,MYC2,
AT5G20170,AT3G15540,GRN_activates,2,35567489,,IAA19
AT5G20170,AT4G32280,GRN_activates,2,35567489,,IAA29
AT2G35210,AT1G59750,GRN_activates,2,16731582,AGD10,
AT1G75390,AT5G66460,GRN_activates,2,23461773,BZIP44,
AT5G28640,AT3G20840,GRN_represses,2,32989172,GIF1,
AT2G40220,AT4G37490,GRN_represses,2,36047837,,CYCB1-1
AT5G13300,AT1G13980,GRN_represses,2,31819717,,GN
AT1G12110,AT5G50200,GRN_represses,2,16998085,NPF6.3,NRT3.1
AT3G56400,AT5G06950,GRN_activates,2,35674361,WRKY70,
AT3G48100,AT3G44880,GRN_regulates,2,22464473,ARR5,
AT3G51800,AT5G47040,GRN_represses,2,24179123,ATG2,
AT5G45900,AT5G47040,GRN_represses,2,24179123,ATG7,
AT1G68660,AT5G50920,GRN_activates,2,23898032,CPLS1,
AT4G28610,AT5G59220,GRN_activates,2,38111215,,SAG113
AT4G25260,AT3G14310,GRN_represses,2,26183897,,PME3
AT4G25530,AT1G69120,GRN_represses,2,21889057,,AP1
AT3G08530,AT3G17840,GRN_regulates,2,30408577,,RLK902
AT2G05620,AT3G16250,GRN_activates,2,28364799,PGR5,PNSB3
AT5G54600,AT2G30950,GRN_represses,2,23721655,,VAR2
AT1G09570,AT1G52890,GRN_regulates,2,24794133,,NAC019
AT2G36270,AT1G34180,GRN_regulates,2,26441053,ABI5,anac016
AT2G27150,AT1G34180,GRN_regulates,2,26441053,,anac016
AT1G08090,AT1G12110,GRN_regulates,2,9951738,,NPF6.3
ATCG00160,AT3G25070,GRN_activates,2,15546361,RPS2,
AT2G42200,AT5G23960,GRN_activates,2,25355059,SPL9,
AT3G58190,AT1G21100,GRN_activates,2,38435856,,IGMT1
AT3G54900,AT3G51860,GRN_activates,2,12480930,,CAX3
AT4G28720,AT1G76500,GRN_regulates,2,27342309,,AHL29
AT5G18010,AT1G76500,GRN_regulates,2,27342309,,AHL29
AT1G02900,AT3G29030,GRN_represses,2,25482784,RALF1,EXPA5
AT3G24650,AT4G26080,GRN_represses,2,9161030,ABI3,
AT4G39110,AT3G11410,GRN_regulates,2,31436880,,
AT1G30330,AT5G46845,GRN_regulates,2,22730403,ARF6,
AT5G37020,AT5G46845,GRN_regulates,2,22730403,ARF8,
AT1G77850,AT5G54510,GRN_regulates,2,22730403,,GH3.6
AT4G34750,AT5G02760,GRN_represses,2,31851355,,
AT1G15550,AT3G61850,GRN_activates,2,19874540,,DAG1
AT2G43010,AT3G30720,GRN_represses,2,36710626,,QQS
AT2G33880,AT2G17950,GRN_activates,2,15753038,WOX9,
AT5G59980,AT2G45660,GRN_activates,2,33822231,,SOC1
AT3G57230,AT2G45660,GRN_represses,2,36721922,,SOC1
AT2G33430,AT1G02920,GRN_represses,2,23009097,,GSTF7
AT2G22430,AT1G02920,GRN_represses,2,23009097,,GSTF7
AT3G57130,AT1G69120,GRN_activates,2,20626659,,AP1
AT1G72180,AT1G12110,GRN_regulates,2,36154719,CEPR2,NPF6.3
AT1G12110,AT4G26080,GRN_regulates,2,32933749,NPF6.3,
AT1G12110,AT5G57050,GRN_regulates,2,32933749,NPF6.3,
AT1G12110,AT3G24650,GRN_regulates,2,32933749,NPF6.3,ABI3
AT1G12110,AT2G40220,GRN_regulates,2,32933749,NPF6.3,
AT1G12110,AT2G36270,GRN_regulates,2,32933749,NPF6.3,ABI5
AT1G12110,AT5G66400,GRN_regulates,2,32933749,NPF6.3,RAB18
AT1G12110,AT5G52310,GRN_regulates,2,32933749,NPF6.3,RD29A
AT2G25620,AT2G45660,GRN_activates,2,26586176,,SOC1
AT4G16950,AT4G16890,GRN_regulates,2,17890374,,SNC1
AT3G47120,AT3G59060,GRN_regulates,2,36906802,,PIF5
AT3G60250,AT2G46830,GRN_regulates,2,9724822,,CCA1
AT3G62260,AT4G10310,GRN_represses,2,32877013,,HKT1
AT3G24650,AT4G28520,GRN_activates,2,15695463,ABI3,CRC
AT1G21970,AT1G27461,GRN_activates,2,36083579,NFYB9,
AT5G08790,AT3G44300,GRN_activates,2,22965747,,NIT2
AT3G28910,AT1G56650,GRN_represses,2,37946410,,MYB75
AT3G16857,AT5G62920,GRN_regulates,2,11691951,,ARR6
AT2G27350,AT5G28640,GRN_activates,2,30964380,,GIF1
AT4G08150,AT4G00270,GRN_activates,2,12535344,KNAT1,
AT3G57670,AT5G60910,GRN_represses,2,23515580,,AGL8
AT1G75950,AT3G54340,GRN_activates,2,11526079,,AP3
AT5G53450,AT3G55370,GRN_activates,2,12887587,PAP14,
AT5G39610,AT5G37020,GRN_activates,2,30415491,NAC92,ARF8
AT5G39610,AT2G01420,GRN_activates,2,30415491,NAC92,PIN4
AT1G09540,AT1G12840,GRN_represses,2,14690508,MYB61,
AT1G12520,AT1G08830,GRN_activates,2,22186608,,CSD1
AT1G69310,AT1G17380,GRN_activates,2,27268959,,TIFY11A
AT3G47500,AT5G05410,GRN_regulates,2,28044345,CDF3,DREB2A
AT1G12480,AT4G22200,GRN_represses,2,36659254,,AKT2
AT1G70670,AT4G34000,GRN_regulates,2,21471120,PXG4,
AT1G70670,AT3G19290,GRN_regulates,2,21471120,PXG4,
AT3G51375,AT5G64610,GRN_regulates,2,29574557,,HAM1
AT5G04280,AT4G39850,GRN_activates,2,31760161,,PXA1
AT5G39860,AT1G14920,GRN_represses,2,16527868,PRE1,
AT5G17800,AT1G26830,GRN_regulates,2,25618823,MYB56,
AT4G16890,AT3G08960,GRN_represses,2,34153500,SNC1,
AT3G21220,AT1G08830,GRN_activates,2,23677921,,CSD1
AT2G18050,AT2G01980,GRN_represses,2,35474141,HIS1-3,
AT2G18050,AT5G24270,GRN_represses,2,35474141,HIS1-3,
AT1G79040,AT4G21280,GRN_activates,2,16282331,PSBR,PSBQ1
AT3G50660,AT5G20730,GRN_represses,2,16632588,,NPH4
AT2G18350,AT3G48740,GRN_represses,2,36444526,,SWEET11
AT5G06100,AT2G42200,GRN_activates,2,28536099,,SPL9
AT4G00990,AT1G56600,GRN_regulates,2,34197643,,GOLS2
AT4G00990,AT2G33380,GRN_regulates,2,34197643,,PXG3
AT3G23240,AT1G73590,GRN_activates,2,37224012,,PIN1
AT3G24650,AT5G28080,GRN_regulates,2,24561249,ABI3,
AT3G20810,AT3G58190,GRN_activates,2,29923261,JMJ30,
AT5G43630,AT1G09570,GRN_regulates,2,29588390,TZP,
AT5G43630,AT5G11260,GRN_activates,2,29588390,TZP,
AT5G13930,AT2G36270,GRN_regulates,2,38315238,CHS,ABI5
AT2G33860,AT4G10050,GRN_activates,2,32498600,,
AT3G63350,AT3G51770,GRN_regulates,2,37919897,,ETO1
AT1G75820,AT4G37930,GRN_represses,2,8625843,,SHM1
AT3G18550,AT2G36270,GRN_activates,2,24518068,,ABI5
AT4G12480,AT4G00650,GRN_represses,2,21815977,EARLI1,
AT1G17840,AT1G65450,GRN_activates,2,14730060,,
AT1G11760,AT5G51190,GRN_represses,1,30049745,,ERF105
AT1G11760,AT1G35210,GRN_represses,1,30049745,,
AT4G04920,AT5G51190,GRN_represses,1,30049745,,ERF105
AT4G04920,AT1G35210,GRN_represses,1,30049745,,
AT1G23230,AT5G51190,GRN_represses,1,30049745,,ERF105
AT1G23230,AT1G35210,GRN_represses,1,30049745,,
AT1G23230,AT5G22880,GRN_activates,1,30049745,,H2B
AT4G04920,AT5G52310,GRN_activates,1,33777083,,RD29A
AT4G04920,AT5G66400,GRN_activates,1,33777083,,RAB18
AT1G11760,AT5G52310,GRN_activates,1,33777083,,RD29A
AT1G11760,AT5G66400,GRN_activates,1,33777083,,RAB18
AT3G04740,AT5G52310,GRN_activates,1,33777083,,RD29A
AT3G04740,AT5G66400,GRN_activates,1,33777083,,RAB18
AT3G48190,AT2G01420,GRN_regulates,1,17487278,,PIN4
AT1G09570,AT5G19220,GRN_activates,1,28848593,,ADG2
AT1G09570,AT1G03310,GRN_activates,1,28848593,,ISA2
AT1G34245,AT2G13790,GRN_activates,1,26320950,,SERK4
AT2G20875,AT2G13790,GRN_activates,1,26320950,,SERK4
AT2G27350,AT5G22880,GRN_activates,1,37047144,,H2B
AT2G44950,AT2G46830,GRN_regulates,1,33589721,HUB1,CCA1
AT2G44950,AT5G61380,GRN_regulates,1,33589721,HUB1,
AT1G32770,AT1G71930,GRN_regulates,1,25535195,NAC012,
AT2G18060,AT5G12870,GRN_activates,1,25148240,,MYB46
AT4G36160,AT5G12870,GRN_activates,1,25148240,,MYB46
AT5G66300,AT5G12870,GRN_activates,1,25148240,,MYB46
AT1G12260,AT5G12870,GRN_activates,1,25148240,,MYB46
AT1G62700,AT5G12870,GRN_activates,1,25148240,,MYB46
AT2G18060,AT5G17420,GRN_activates,1,25148240,,CESA7
AT4G36160,AT5G17420,GRN_activates,1,25148240,,CESA7
AT5G66300,AT5G17420,GRN_activates,1,25148240,,CESA7
AT1G12260,AT5G17420,GRN_activates,1,25148240,,CESA7
AT1G62700,AT5G17420,GRN_activates,1,25148240,,CESA7
AT2G18060,AT4G18780,GRN_activates,1,25148240,,CESA8
AT4G36160,AT4G18780,GRN_activates,1,25148240,,CESA8
AT5G66300,AT4G18780,GRN_activates,1,25148240,,CESA8
AT1G12260,AT4G18780,GRN_activates,1,25148240,,CESA8
AT1G62700,AT4G18780,GRN_activates,1,25148240,,CESA8
AT2G18060,AT2G28110,GRN_activates,1,25148240,,IRX7
AT4G36160,AT2G28110,GRN_activates,1,25148240,,IRX7
AT5G66300,AT2G28110,GRN_activates,1,25148240,,IRX7
AT1G12260,AT2G28110,GRN_activates,1,25148240,,IRX7
AT1G62700,AT2G28110,GRN_activates,1,25148240,,IRX7
AT2G18060,AT2G37090,GRN_activates,1,25148240,,IRX9
AT4G36160,AT2G37090,GRN_activates,1,25148240,,IRX9
AT5G66300,AT2G37090,GRN_activates,1,25148240,,IRX9
AT1G12260,AT2G37090,GRN_activates,1,25148240,,IRX9
AT1G62700,AT2G37090,GRN_activates,1,25148240,,IRX9
AT2G18060,AT1G51680,GRN_activates,1,25148240,,4CL1
AT4G36160,AT1G51680,GRN_activates,1,25148240,,4CL1
AT5G66300,AT1G51680,GRN_activates,1,25148240,,4CL1
AT1G12260,AT1G51680,GRN_activates,1,25148240,,4CL1
AT1G62700,AT1G51680,GRN_activates,1,25148240,,4CL1
AT2G18060,AT4G34050,GRN_activates,1,25148240,,CCoAOMT1
AT4G36160,AT4G34050,GRN_activates,1,25148240,,CCoAOMT1
AT5G66300,AT4G34050,GRN_activates,1,25148240,,CCoAOMT1
AT1G12260,AT4G34050,GRN_activates,1,25148240,,CCoAOMT1
AT1G62700,AT4G34050,GRN_activates,1,25148240,,CCoAOMT1
AT2G46770,AT5G54690,GRN_activates,1,23140549,NAC043,GAUT12
AT1G32770,AT3G14440,GRN_regulates,1,29973639,NAC012,NCED3
AT3G14440,AT1G32770,GRN_regulates,1,29973639,NCED3,NAC012
AT2G40220,AT1G32770,GRN_regulates,1,29973639,,NAC012
AT5G57390,AT3G14440,GRN_activates,1,29973639,,NCED3
AT1G32640,AT2G18790,GRN_represses,1,35927944,MYC2,
AT2G46770,AT2G18790,GRN_represses,1,35927944,NAC043,
AT3G59060,AT1G32640,GRN_represses,1,35927944,PIF5,MYC2
AT1G32770,AT5G02470,GRN_activates,1,28720072,NAC012,
AT1G32770,AT2G46770,GRN_activates,1,28720072,NAC012,NAC043
AT4G13540,AT3G61910,GRN_represses,1,30911018,,NAC066
AT3G61910,AT4G13540,GRN_represses,1,30911018,NAC066,
AT1G52760,AT2G46770,GRN_represses,1,33801146,,NAC043
AT2G46770,AT5G03170,GRN_regulates,1,34862967,NAC043,FLA11
AT1G32770,AT5G03170,GRN_regulates,1,34862967,NAC012,FLA11
AT2G46770,AT5G12870,GRN_activates,1,33495344,NAC043,MYB46
AT2G46770,AT3G08500,GRN_activates,1,33495344,NAC043,MYB83
AT4G00220,AT1G32770,GRN_activates,1,30657769,,NAC012
AT4G00220,AT2G46770,GRN_activates,1,30657769,,NAC043
AT1G32640,AT1G66340,GRN_represses,1,35432433,MYC2,
AT2G38470,AT1G66340,GRN_represses,1,35432433,WRKY33,
AT1G65450,AT4G39210,GRN_activates,1,24176057,,APL3
AT1G65450,AT5G13930,GRN_activates,1,24176057,,CHS
AT1G65450,AT1G16540,GRN_activates,1,24176057,,
AT1G65450,AT2G27150,GRN_activates,1,24176057,,
AT5G13930,AT3G09720,GRN_activates,1,24176057,CHS,
AT4G39210,AT3G09720,GRN_activates,1,24176057,APL3,
AT2G30020,AT1G01140,GRN_represses,1,29767755,,CIPK9
AT1G01140,AT5G14740,GRN_regulates,1,29767755,CIPK9,
AT1G01140,AT2G26650,GRN_regulates,1,29767755,CIPK9,AKT1
AT3G11410,AT2G26650,GRN_regulates,1,35762968,,AKT1
AT4G17615,AT3G01090,GRN_regulates,1,23437128,CBL1,
AT4G17615,AT2G01980,GRN_activates,1,31858132,CBL1,
AT4G26080,AT1G01140,GRN_represses,1,36690625,,CIPK9
AT3G11410,AT1G01140,GRN_represses,1,36690625,,CIPK9
AT1G73590,AT5G25110,GRN_represses,1,30239807,PIN1,CIPK25
AT5G57090,AT5G25110,GRN_represses,1,30239807,,CIPK25
AT1G70940,AT5G25110,GRN_represses,1,30239807,PIN3,CIPK25
AT1G23080,AT5G25110,GRN_represses,1,30239807,,CIPK25
AT1G19850,AT5G25110,GRN_represses,1,30239807,ARF5,CIPK25
AT1G30330,AT5G25110,GRN_represses,1,30239807,ARF6,CIPK25
AT5G37020,AT5G25110,GRN_represses,1,30239807,ARF8,CIPK25
AT5G25110,AT1G04240,GRN_represses,1,30239807,CIPK25,SHY2
AT5G57110,AT1G01140,GRN_regulates,1,28531251,,CIPK9
AT2G17890,AT5G46240,GRN_represses,1,20808518,CPK16,KAT1
AT2G26980,AT5G15960,GRN_regulates,1,20808518,CIPK3,KIN1
AT2G26980,AT5G52310,GRN_regulates,1,20808518,CIPK3,RD29A
AT4G24400,AT1G12110,GRN_regulates,1,29552024,,NPF6.3
AT4G17615,AT5G46240,GRN_regulates,1,36555267,CBL1,KAT1
AT5G47100,AT5G46240,GRN_regulates,1,36555267,,KAT1
AT1G30270,AT5G46240,GRN_regulates,1,36555267,,KAT1
AT5G14740,AT5G64750,GRN_regulates,1,29225607,,ABR1
AT5G21326,AT2G36270,GRN_regulates,1,29225607,,ABI5
AT4G30960,AT2G14610,GRN_represses,1,28541442,,PR1
AT1G22070,AT2G14610,GRN_regulates,1,32670328,,PR1
AT4G15180,AT5G66240,GRN_regulates,1,31113491,,
AT2G14610,AT4G14880,GRN_activates,1,27082651,PR1,
AT5G65590,AT5G37500,GRN_activates,1,23453954,,GORK
AT5G46240,AT4G23700,GRN_represses,1,21795714,KAT1,CHX17
AT3G53720,AT4G23700,GRN_represses,1,21795714,,CHX17
AT4G23700,AT3G10410,GRN_regulates,1,21795714,CHX17,
AT4G23700,AT5G27150,GRN_regulates,1,21795714,CHX17,
AT1G79530,AT1G43670,GRN_activates,1,27905870,GAPCP1,
AT2G33270,AT1G43670,GRN_activates,1,27905870,ACHT3,
AT1G42970,AT1G43670,GRN_activates,1,27905870,GAPB,
AT3G14940,AT1G43670,GRN_activates,1,27905870,PPC3,
AT1G72330,AT1G43670,GRN_activates,1,27905870,ALAAT2,
AT3G09260,AT1G43670,GRN_activates,1,27905870,BGLU23,
AT2G33770,AT5G39610,GRN_regulates,1,36232444,UBC24,NAC92
AT2G46830,AT4G38130,GRN_represses,1,28345627,CCA1,HDA19
AT2G20880,AT5G02840,GRN_regulates,1,37036986,ERF053,
AT2G20880,AT3G09600,GRN_regulates,1,37036986,ERF053,RVE8
AT4G28140,AT5G02840,GRN_regulates,1,37036986,ERF054,
AT4G28140,AT3G09600,GRN_regulates,1,37036986,ERF054,RVE8
AT3G09600,AT5G42900,GRN_regulates,1,37017001,RVE8,
AT2G46830,AT5G64170,GRN_represses,1,30577529,CCA1,
AT5G24470,AT1G06040,GRN_regulates,1,33138078,APRR5,
AT5G24470,AT3G22840,GRN_regulates,1,33138078,APRR5,ELIP1
AT2G46830,AT2G40340,GRN_regulates,1,33138078,CCA1,
AT2G46830,AT1G18330,GRN_regulates,1,33138078,CCA1,
AT4G14210,AT1G22710,GRN_regulates,1,23482394,,SUC2
AT5G63580,AT1G02930,GRN_activates,1,24966862,FLS2,GSTF6
AT5G63580,AT5G67280,GRN_activates,1,24966862,FLS2,
AT5G63580,AT5G51830,GRN_activates,1,24966862,FLS2,
AT5G63580,AT2G35980,GRN_activates,1,24966862,FLS2,NHL10
AT5G63580,AT1G61560,GRN_activates,1,24966862,FLS2,
AT1G80840,AT4G23810,GRN_regulates,1,32038695,WRKY40,WRKY53
AT4G23810,AT2G30250,GRN_represses,1,32038695,WRKY53,WRKY25
AT5G39610,AT4G23810,GRN_represses,1,32038695,NAC92,WRKY53
AT5G59820,AT2G30250,GRN_represses,1,32038695,ZAT12,WRKY25
AT5G59820,AT4G23810,GRN_represses,1,32038695,ZAT12,WRKY53
AT4G08500,AT2G30250,GRN_activates,1,32038695,,WRKY25
AT2G30250,AT4G21120,GRN_activates,1,32038695,WRKY25,
AT4G23810,AT4G21120,GRN_activates,1,32038695,WRKY53,
AT1G69570,AT5G10180,GRN_regulates,1,35218590,,SULTR2;1
AT2G43840,AT2G43820,GRN_regulates,1,28425481,,UGT74F2
AT5G19930,AT1G65450,GRN_regulates,1,29321786,,
AT3G23210,AT4G29190,GRN_activates,1,29321786,,
AT1G65450,AT2G40220,GRN_activates,1,24625790,,
AT1G65450,AT2G42870,GRN_represses,1,29170398,,
AT1G65450,AT2G43060,GRN_represses,1,29170398,,IBH1
AT1G65450,AT1G02340,GRN_represses,1,29170398,,
AT1G65450,AT2G43010,GRN_represses,1,29170398,,
AT1G65450,AT2G18300,GRN_represses,1,29170398,,
AT1G65450,AT1G18400,GRN_represses,1,29170398,,BEE1
AT1G65450,AT4G36540,GRN_represses,1,29170398,,BEE2
AT1G65450,AT5G51780,GRN_regulates,1,29170398,,
AT1G65450,AT1G74310,GRN_activates,1,34777423,,
AT5G52560,AT1G65450,GRN_regulates,1,28970843,,
AT3G14440,AT1G65450,GRN_activates,1,18854047,NCED3,
AT1G65450,AT3G47470,GRN_represses,1,18854047,,LHCA4
AT1G65450,AT1G70940,GRN_represses,1,18854047,,PIN3
AT5G67030,AT1G65450,GRN_activates,1,18854047,ZEP,
AT2G27150,AT1G65450,GRN_activates,1,18854047,,
AT1G16540,AT1G65450,GRN_activates,1,18854047,,
AT2G40220,AT1G65450,GRN_regulates,1,18854047,,
AT3G48360,AT5G20830,GRN_represses,1,26236323,BT2,
AT3G48360,AT5G37180,GRN_represses,1,26236323,BT2,
AT4G29130,AT5G28770,GRN_regulates,1,26236323,,BZIP63
AT4G29130,AT5G22920,GRN_regulates,1,26236323,,RZPF34
AT4G29130,AT3G48360,GRN_regulates,1,26236323,,BT2
AT5G28770,AT4G29130,GRN_represses,1,26236323,BZIP63,
AT5G22920,AT4G29130,GRN_represses,1,26236323,RZPF34,
AT3G48360,AT4G29130,GRN_represses,1,26236323,BT2,
AT4G29130,AT5G20410,GRN_regulates,1,26236323,,MGD2
AT4G34590,AT3G48360,GRN_regulates,1,26236323,BZIP11,BT2
AT3G16500,AT3G24650,GRN_activates,1,21533841,,ABI3
AT3G16500,AT2G36270,GRN_activates,1,21533841,,ABI5
AT4G29080,AT3G24650,GRN_activates,1,21533841,IAA27,ABI3
AT4G29080,AT2G36270,GRN_activates,1,21533841,IAA27,ABI5
AT3G16500,AT1G56650,GRN_activates,1,21533841,,MYB75
AT4G29080,AT3G25795,GRN_regulates,1,21533841,IAA27,
AT3G16500,AT1G65450,GRN_activates,1,21533841,,
AT4G29080,AT3G16500,GRN_activates,1,21533841,IAA27,
AT4G26080,AT4G29080,GRN_activates,1,21533841,,IAA27
AT2G40220,AT4G29080,GRN_activates,1,21533841,,IAA27
AT5G67030,AT3G16500,GRN_activates,1,21533841,ZEP,
AT5G67030,AT4G29080,GRN_activates,1,21533841,ZEP,IAA27
AT1G65450,AT3G25795,GRN_activates,1,21533841,,
AT1G65450,AT3G16500,GRN_activates,1,21533841,,
AT3G54320,AT3G56130,GRN_activates,1,34168663,,
AT3G54320,AT1G49430,GRN_represses,1,34168663,,LACS2
AT1G79700,AT5G16390,GRN_activates,1,33129252,,
AT1G79700,AT5G15530,GRN_activates,1,33129252,,BCCP2
AT1G79700,AT2G05990,GRN_represses,1,33129252,,MOD1
AT3G08530,AT2G26490,GRN_activates,1,29968705,,JGB
AT3G48870,AT4G25370,GRN_activates,1,25149061,CLPC2,
AT3G26830,AT5G64120,GRN_represses,1,34484262,CYP71B15,PER71
AT1G78240,AT1G66390,GRN_activates,1,18167546,,MYB90
AT3G20970,AT3G24650,GRN_regulates,1,34718778,,ABI3
AT5G13790,AT4G25420,GRN_represses,1,31307397,AGL15,
AT5G13790,AT1G15550,GRN_represses,1,31307397,AGL15,
AT5G51810,AT1G28300,GRN_represses,1,31307397,GA20OX2,
AT3G63110,AT5G17430,GRN_represses,1,31307397,IPT3,
AT3G63110,AT1G51190,GRN_represses,1,31307397,IPT3,
AT3G63110,AT5G13790,GRN_represses,1,31307397,IPT3,AGL15
AT3G23630,AT5G13790,GRN_activates,1,31307397,,AGL15
AT5G20040,AT5G13790,GRN_activates,1,31307397,,AGL15
AT3G23630,AT5G51810,GRN_represses,1,31307397,,GA20OX2
AT5G20040,AT5G51810,GRN_represses,1,31307397,,GA20OX2
AT3G63110,AT4G25420,GRN_activates,1,31307397,IPT3,
AT3G63110,AT5G51810,GRN_activates,1,31307397,IPT3,GA20OX2
AT3G63110,AT1G15550,GRN_activates,1,31307397,IPT3,
AT5G44190,AT3G11670,GRN_regulates,1,31245733,GLK2,
AT4G02290,AT4G35550,GRN_activates,1,34730809,AtGH9B13,
AT2G39700,AT4G35550,GRN_activates,1,34730809,EXPA4,
AT2G28950,AT4G35550,GRN_activates,1,34730809,EXPA6,
AT4G28250,AT4G35550,GRN_activates,1,34730809,EXPB3,
AT4G00940,AT3G24650,GRN_regulates,1,35845633,,ABI3
AT4G00940,AT1G21970,GRN_regulates,1,35845633,,NFYB9
AT1G01060,AT1G29920,GRN_represses,1,19060255,,LHCB1.1
AT1G80840,AT1G15820,GRN_represses,1,24078667,WRKY40,LHCB6
AT1G32640,AT4G36920,GRN_represses,1,35642375,MYC2,
AT4G30180,AT3G55120,GRN_represses,1,35406652,,CHI1
AT4G30180,AT3G51240,GRN_represses,1,35406652,,F3H
AT4G30180,AT1G56650,GRN_represses,1,35406652,,MYB75
AT4G30180,AT5G42800,GRN_represses,1,35406652,,DFRA
AT4G30180,AT1G80440,GRN_activates,1,35406652,,
AT1G80680,AT2G43060,GRN_represses,1,35406652,,IBH1
AT2G47770,AT4G35100,GRN_regulates,1,32111079,TSPO,PIP2-7
AT5G23060,AT5G07280,GRN_regulates,1,31519953,CAS,EMS1
AT1G19350,AT5G07280,GRN_represses,1,31519953,,EMS1
AT5G07280,AT1G19350,GRN_regulates,1,31519953,EMS1,
AT4G37910,AT1G73590,GRN_regulates,1,36290758,,PIN1
AT4G37910,AT1G70940,GRN_regulates,1,36290758,,PIN3
AT1G07350,AT1G52340,GRN_activates,1,25268622,SR45A,
AT2G39660,AT2G14610,GRN_activates,1,27679580,,PR1
AT2G20900,AT2G29460,GRN_represses,1,35900211,,GSTU4
AT2G20900,AT5G67080,GRN_represses,1,35900211,,MAPKKK19
AT5G63580,AT5G47910,GRN_activates,1,32605179,FLS2,
AT5G64900,AT5G47910,GRN_activates,1,32605179,PEP1,
AT5G64900,AT1G64060,GRN_activates,1,32605179,PEP1,
AT2G39660,AT5G64900,GRN_regulates,1,32605179,,PEP1
AT2G30770,AT2G39660,GRN_activates,1,30252144,CYP71A13,
AT3G26830,AT2G39660,GRN_activates,1,30252144,CYP71B15,
AT3G09150,AT5G52310,GRN_regulates,1,34445714,,RD29A
AT3G09150,AT5G05410,GRN_regulates,1,34445714,,DREB2A
AT3G09150,AT1G35720,GRN_regulates,1,34445714,,ANN1
AT3G09150,AT5G65020,GRN_regulates,1,34445714,,ANN2
AT3G09150,AT2G38750,GRN_regulates,1,34445714,,ANN4
AT3G09150,AT2G30870,GRN_regulates,1,34445714,,GSTF10
AT3G09150,AT2G32060,GRN_regulates,1,34445714,,RPS12C
AT5G14740,AT2G38750,GRN_regulates,1,31365744,,ANN4
AT4G22680,AT1G52760,GRN_activates,1,27390589,MYB85,
AT1G52760,AT4G34050,GRN_represses,1,27390589,,CCoAOMT1
AT1G32770,AT1G52760,GRN_regulates,1,27390589,NAC012,
AT1G16490,AT5G54160,GRN_regulates,1,24690446,,OMT1
AT5G63860,AT3G51240,GRN_activates,1,35811570,,F3H
AT3G48190,AT1G07500,GRN_activates,1,26721386,,SMR5
AT4G26080,AT1G45249,GRN_represses,1,23468926,,ABF2
AT4G26080,AT5G52300,GRN_represses,1,23468926,,LTI65
AT5G66210,AT1G45249,GRN_regulates,1,23468926,,ABF2
AT4G09570,AT5G52300,GRN_activates,1,23468926,,LTI65
AT1G45249,AT5G52300,GRN_activates,1,23468926,ABF2,LTI65
AT2G36270,AT1G05100,GRN_represses,1,36841482,ABI5,MAPKKK18
AT3G54340,AT3G50500,GRN_activates,1,24738645,AP3,
AT1G19490,AT1G45249,GRN_regulates,1,36432766,,ABF2
AT3G24650,AT1G66600,GRN_activates,1,20487379,ABI3,
AT5G25900,AT5G44610,GRN_activates,1,29568301,,PCAP2
AT5G64750,AT1G52340,GRN_represses,1,24744238,ABR1,
AT1G45249,AT1G49720,GRN_regulates,1,34222769,ABF2,
AT1G45249,AT4G34000,GRN_regulates,1,34222769,ABF2,
AT1G45249,AT2G36270,GRN_regulates,1,34222769,ABF2,ABI5
AT1G62300,AT2G29350,GRN_regulates,1,32012796,WRKY6,SAG13
AT1G62300,AT4G22920,GRN_regulates,1,32012796,WRKY6,SGR1
AT1G45249,AT3G46100,GRN_regulates,1,35046022,ABF2,
AT4G34000,AT3G49940,GRN_regulates,1,35046022,,LBD38
AT5G16490,AT1G04450,GRN_regulates,1,15824136,,RIC3
AT1G04450,AT5G56600,GRN_represses,1,15824136,RIC3,
AT1G65470,AT5G10980,GRN_regulates,1,36260743,,HTR8
AT1G55325,AT5G20730,GRN_represses,1,32493925,,NPH4
AT1G55970,AT2G25010,GRN_represses,1,36732020,HAC04,
AT1G19490,AT1G70940,GRN_regulates,1,33672598,,PIN3
AT1G19490,AT1G73590,GRN_regulates,1,33672598,,PIN1
AT1G70940,AT1G19490,GRN_activates,1,33672598,PIN3,
AT1G73590,AT1G19490,GRN_represses,1,33672598,PIN1,
AT5G65410,AT1G55580,GRN_represses,1,32668199,ZHD1,
AT5G65410,AT2G45420,GRN_represses,1,32668199,ZHD1,
AT5G65410,AT3G20840,GRN_represses,1,32668199,ZHD1,
AT3G18960,AT1G55580,GRN_represses,1,32668199,,
AT3G18960,AT2G45420,GRN_represses,1,32668199,,
AT3G18960,AT3G20840,GRN_represses,1,32668199,,
AT1G13260,AT3G48430,GRN_represses,1,34427186,RAV1,
AT3G48430,AT3G29035,GRN_activates,1,30969965,,NAC59
AT2G33290,AT4G23810,GRN_represses,1,30969965,,WRKY53
AT3G48430,AT3G51910,GRN_regulates,1,30778176,,HSFA7A
AT1G77300,AT2G18790,GRN_activates,1,36672228,EFS,
AT1G77300,AT2G20180,GRN_represses,1,36672228,EFS,
AT3G48430,AT1G75580,GRN_activates,1,36672228,,
AT2G22670,AT3G48430,GRN_represses,1,36672228,IAA8,
AT1G73590,AT3G48430,GRN_represses,1,36672228,PIN1,
AT1G75580,AT3G48430,GRN_represses,1,36672228,,
AT3G48430,AT4G03210,GRN_activates,1,36672228,,XTH9
AT3G48430,AT4G30270,GRN_activates,1,36672228,,XTH24
AT3G48430,AT1G26770,GRN_activates,1,36672228,,ATEXPA10
AT3G48430,AT1G69530,GRN_activates,1,36672228,,ATEXPA1
AT3G48430,AT2G03090,GRN_activates,1,36672228,,EXPA15
AT4G03210,AT3G48430,GRN_represses,1,36672228,XTH9,
AT4G30270,AT3G48430,GRN_represses,1,36672228,XTH24,
AT2G03090,AT3G48430,GRN_represses,1,36672228,EXPA15,
AT3G48430,AT5G67030,GRN_activates,1,36672228,,ZEP
AT3G48430,AT3G24650,GRN_activates,1,36672228,,ABI3
AT3G48430,AT1G30040,GRN_activates,1,36672228,,GA2OX2
AT2G45660,AT5G04275,GRN_activates,1,30946745,SOC1,
AT5G55390,AT5G61850,GRN_activates,1,28338020,EDM2,
AT1G75040,AT2G39940,GRN_represses,1,25788731,PR5,
AT1G32640,AT1G75040,GRN_activates,1,25788731,MYC2,PR5
AT5G63970,AT1G32640,GRN_regulates,1,25788731,,MYC2
AT1G79380,AT1G32640,GRN_regulates,1,25788731,,MYC2
AT2G32510,AT5G40440,GRN_activates,1,28710770,MAPKKK17,
AT1G05100,AT5G40440,GRN_activates,1,28710770,MAPKKK18,
AT1G19850,AT2G42430,GRN_regulates,1,36875577,ARF5,
AT1G19850,AT5G26930,GRN_regulates,1,36875577,ARF5,
AT5G16560,AT5G52900,GRN_regulates,1,31110507,,MAKR6
AT2G36270,AT5G51020,GRN_regulates,1,35385312,ABI5,
AT5G16540,AT5G11260,GRN_activates,1,26528302,ZFN3,
AT5G16540,AT3G17609,GRN_activates,1,26528302,ZFN3,
ATCG01120,AT3G22780,GRN_regulates,1,26528302,RPS15,
ATCG01120,AT5G51660,GRN_regulates,1,26528302,RPS15,
AT5G11260,AT5G16540,GRN_activates,1,26528302,,ZFN3
AT3G17609,AT5G16540,GRN_activates,1,26528302,,ZFN3
AT4G01060,AT3G46550,GRN_represses,1,24603604,ETC3,
AT5G52310,AT3G46550,GRN_represses,1,24603604,RD29A,
AT5G52300,AT3G46550,GRN_represses,1,24603604,LTI65,
AT4G25490,AT3G46550,GRN_represses,1,24603604,DREB1B,
AT5G14740,AT5G67420,GRN_regulates,1,36715622,,LBD37
AT5G14740,AT3G49940,GRN_regulates,1,36715622,,LBD38
AT5G14740,AT4G37540,GRN_regulates,1,36715622,,LBD39
AT2G28260,AT4G37540,GRN_regulates,1,36715622,,LBD39
AT2G28260,AT3G49940,GRN_regulates,1,36715622,,LBD38
AT2G28260,AT5G67420,GRN_regulates,1,36715622,,LBD37
AT5G21280,AT2G38340,GRN_activates,1,31250033,,DREB2E
AT5G21280,AT1G27730,GRN_activates,1,31250033,,ZAT10
AT5G21280,AT5G59820,GRN_activates,1,31250033,,ZAT12
AT3G56350,AT4G28490,GRN_regulates,1,35689444,MSD2,
AT1G14070,AT2G15390,GRN_regulates,1,33633757,,FUT4
AT1G58200,AT1G69390,GRN_regulates,1,23936263,MSL3,
AT1G58200,AT1G75010,GRN_regulates,1,23936263,MSL3,
AT2G01180,AT4G22880,GRN_regulates,1,26109181,,LDOX
AT5G26920,AT4G09820,GRN_represses,1,28253311,CBP60G,TT8
AT2G46410,AT5G13930,GRN_represses,1,25268379,,CHS
AT2G46410,AT5G42800,GRN_represses,1,25268379,,DFRA
AT2G46410,AT4G22880,GRN_represses,1,25268379,,LDOX
AT4G09820,AT5G04410,GRN_activates,1,27790239,TT8,
AT5G17220,AT1G77450,GRN_activates,1,27790239,GSTF12,
AT1G77450,AT2G42200,GRN_regulates,1,27790239,,SPL9
AT1G65450,AT5G42800,GRN_activates,1,24389954,,DFRA
AT2G28160,AT5G42800,GRN_activates,1,24389954,,DFRA
AT1G65450,AT4G22880,GRN_activates,1,24389954,,LDOX
AT2G28160,AT4G22880,GRN_activates,1,24389954,,LDOX
AT1G72930,AT1G72840,GRN_regulates,1,33924478,TIR,
AT1G72930,AT1G72860,GRN_regulates,1,33924478,TIR,
AT5G40360,AT3G12203,GRN_activates,1,26029237,,SCPL17
AT5G40360,AT3G19710,GRN_activates,1,26029237,,BCAT4
AT3G27785,AT3G19710,GRN_activates,1,26029237,,BCAT4
AT5G40360,AT5G23010,GRN_activates,1,26029237,,MAM1
AT3G27785,AT5G23010,GRN_activates,1,26029237,,MAM1
AT5G40360,AT5G23020,GRN_activates,1,26029237,,MAM3
AT3G27785,AT5G23020,GRN_activates,1,26029237,,MAM3
AT5G40360,AT4G13770,GRN_activates,1,26029237,,CYP83A1
AT3G27785,AT4G13770,GRN_activates,1,26029237,,CYP83A1
AT5G07690,AT5G61420,GRN_regulates,1,26029237,MYB29,MYB28
AT3G01370,ATCG01100,GRN_activates,1,34884441,,NDHA
AT2G20020,ATCG01100,GRN_activates,1,34884441,,NDHA
AT4G31610,AT5G09740,GRN_represses,1,31708954,,HAM2
AT4G31615,AT5G09740,GRN_represses,1,31708954,,HAM2
AT4G31620,AT5G09740,GRN_represses,1,31708954,,HAM2
AT4G37750,AT1G27461,GRN_activates,1,33436924,ANT,
AT5G05410,AT1G27461,GRN_regulates,1,33436924,DREB2A,
AT2G45970,AT3G24650,GRN_represses,1,24330668,,ABI3
AT2G45970,AT2G36270,GRN_represses,1,24330668,,ABI5
AT3G19380,AT3G23250,GRN_activates,1,36142448,,MYB15
AT1G49780,AT3G23250,GRN_activates,1,36142448,,MYB15
AT5G25220,AT3G24650,GRN_regulates,1,37802986,,ABI3
AT2G36270,AT5G22290,GRN_regulates,1,23162559,ABI5,
AT4G01250,AT5G63580,GRN_regulates,1,18193274,,FLS2
AT4G23550,AT5G63580,GRN_regulates,1,18193274,,FLS2
AT5G25220,AT3G54150,GRN_activates,1,35100988,,
AT1G71880,AT3G16500,GRN_regulates,1,27248141,SUC1,
AT5G13240,AT3G54340,GRN_represses,1,34552601,,AP3
AT2G41260,AT5G51230,GRN_represses,1,34552601,M17,
AT1G12110,AT5G51230,GRN_represses,1,34552601,NPF6.3,
AT1G43160,AT5G51230,GRN_represses,1,34552601,RAP2-6,
AT4G08150,AT4G37930,GRN_activates,1,24776954,KNAT1,SHM1
AT3G62610,AT3G55120,GRN_regulates,1,25911741,,CHI1
AT2G47460,AT3G55120,GRN_regulates,1,25911741,,CHI1
AT5G49330,AT3G55120,GRN_regulates,1,25911741,,CHI1
AT1G54060,AT1G21970,GRN_represses,1,34209706,,NFYB9
AT1G54060,AT3G24650,GRN_represses,1,34209706,,ABI3
AT4G09820,AT5G35550,GRN_regulates,1,18711121,TT8,
AT4G09820,AT5G24520,GRN_regulates,1,18711121,TT8,
AT1G73687,AT3G24650,GRN_activates,1,34064673,,ABI3
AT4G21750,AT4G04890,GRN_regulates,1,35890495,,PDF2
AT3G56400,AT3G54420,GRN_regulates,1,36167502,WRKY70,
AT5G25890,AT5G62000,GRN_represses,1,18596113,IAA28,
AT2G33310,AT5G25890,GRN_represses,1,18596113,,IAA28
AT1G59750,AT5G25890,GRN_activates,1,18596113,,IAA28
AT5G25890,AT2G33310,GRN_represses,1,18596113,IAA28,
AT5G25890,AT1G59750,GRN_represses,1,18596113,IAA28,
AT2G45190,AT5G02030,GRN_represses,1,23133401,YAB1,
AT4G00180,AT2G17950,GRN_represses,1,23133401,YAB3,
AT4G34000,AT3G14440,GRN_activates,1,24475264,,NCED3
AT5G27030,AT3G07650,GRN_represses,1,30828342,,COL9
AT2G22540,AT1G52400,GRN_activates,1,37247391,,BGLU18
AT2G36270,AT1G15550,GRN_represses,1,35432414,ABI5,
AT2G36270,AT1G80340,GRN_represses,1,35432414,ABI5,
AT1G77920,AT2G14610,GRN_regulates,1,35927220,TGA7,PR1
AT3G17609,AT4G14130,GRN_activates,1,29270188,,XTH15
AT3G17609,AT2G40610,GRN_activates,1,29270188,,EXPA8
AT3G24280,AT5G05410,GRN_regulates,1,35255820,,DREB2A
AT3G24280,AT2G33380,GRN_regulates,1,35255820,,PXG3
AT3G24280,AT1G56600,GRN_regulates,1,35255820,,GOLS2
AT3G24280,AT2G47190,GRN_regulates,1,35255820,,ATMYB2
AT1G20696,AT2G38470,GRN_activates,1,32595667,,WRKY33
AT5G25610,AT2G47190,GRN_activates,1,28125637,RD22,ATMYB2
AT5G53060,AT4G25470,GRN_regulates,1,24303021,,DREB1C
AT1G33240,AT1G19350,GRN_regulates,1,36996230,AT-GTL1,
AT1G33240,AT1G75080,GRN_regulates,1,36996230,AT-GTL1,
AT1G19350,AT1G33240,GRN_regulates,1,36996230,,AT-GTL1
AT1G75080,AT1G33240,GRN_regulates,1,36996230,,AT-GTL1
AT1G66470,AT1G33240,GRN_regulates,1,35713645,,AT-GTL1
AT1G33240,AT1G66470,GRN_represses,1,35713645,AT-GTL1,
AT3G51820,AT2G43820,GRN_represses,1,32708160,,UGT74F2
AT3G51820,AT2G14610,GRN_represses,1,32708160,,PR1
AT1G02400,AT5G56030,GRN_activates,1,36613530,GA2OX6,
AT1G75080,AT2G40610,GRN_regulates,1,36613530,,EXPA8
AT1G75080,AT4G30290,GRN_regulates,1,36613530,,XTH19
AT3G14630,AT5G51810,GRN_represses,1,31527846,,GA20OX2
AT5G66730,AT5G51810,GRN_regulates,1,32498388,,GA20OX2
AT3G50700,AT5G51810,GRN_regulates,1,32498388,,GA20OX2
AT1G14920,AT3G29030,GRN_regulates,1,23536800,,EXPA5
AT5G17490,AT2G38530,GRN_regulates,1,23536800,,LTP2
AT2G01570,AT5G40350,GRN_represses,1,19325888,,MYB24
AT2G01570,AT3G01530,GRN_represses,1,19325888,,MYB57
AT1G14920,AT5G40350,GRN_represses,1,19325888,,MYB24
AT1G14920,AT3G01530,GRN_represses,1,19325888,,MYB57
AT1G66350,AT3G27810,GRN_represses,1,19325888,RGL1,
AT1G66350,AT5G40350,GRN_represses,1,19325888,RGL1,MYB24
AT1G66350,AT3G01530,GRN_represses,1,19325888,RGL1,MYB57
AT5G40350,AT4G02780,GRN_represses,1,19325888,MYB24,
AT3G25770,AT4G02780,GRN_activates,1,19325888,AOC2,
AT5G51810,AT2G40220,GRN_activates,1,23818868,GA20OX2,
AT5G07200,AT2G40220,GRN_activates,1,23818868,GA20OX3,
AT4G18350,AT2G40220,GRN_represses,1,23818868,NCED2,
AT3G14440,AT2G40220,GRN_represses,1,23818868,NCED3,
AT1G03790,AT2G36270,GRN_activates,1,31002698,SOM,ABI5
AT3G58450,AT5G10140,GRN_activates,1,34426918,,
AT2G46020,AT3G24650,GRN_activates,1,34327319,,ABI3
AT3G23050,AT5G24520,GRN_activates,1,27933081,IAA7,
AT4G28610,AT3G23430,GRN_activates,1,24649892,,PHO1
AT3G23050,AT4G26466,GRN_represses,1,32082353,IAA7,
AT3G23050,AT3G15540,GRN_activates,1,32407150,IAA7,IAA19
AT5G67100,AT2G45660,GRN_represses,1,26980282,,SOC1
AT2G23380,AT2G42830,GRN_regulates,1,26980282,,SHP2
AT5G51230,AT2G45660,GRN_regulates,1,26980282,,SOC1
AT4G39650,AT4G39640,GRN_activates,1,20959624,,GGT1
AT2G47190,AT5G03740,GRN_represses,1,22368268,ATMYB2,HDT3
AT5G03740,AT2G47190,GRN_represses,1,22368268,HDT3,ATMYB2
AT5G03740,AT1G32640,GRN_represses,1,22368268,HDT3,MYC2
AT5G03740,AT4G26080,GRN_regulates,1,22368268,HDT3,
AT3G15210,AT5G63110,GRN_activates,1,22368268,,HDA6
AT3G15210,AT5G03740,GRN_activates,1,22368268,,HDT3
AT5G13960,AT4G37930,GRN_represses,1,36828846,,SHM1
AT2G35160,AT4G37930,GRN_represses,1,36828846,,SHM1
AT2G22740,AT4G37930,GRN_represses,1,36828846,,SHM1
AT5G63110,AT1G23380,GRN_represses,1,36828846,HDA6,
AT5G63110,AT4G37930,GRN_represses,1,36828846,HDA6,SHM1
AT5G63110,AT3G10390,GRN_regulates,1,27200029,HDA6,
AT2G19520,AT2G42540,GRN_represses,1,27200029,,COR15A
AT2G19520,AT1G20440,GRN_represses,1,27200029,,COR47
AT5G63110,AT4G24210,GRN_represses,1,29312402,HDA6,
AT2G16060,AT4G24210,GRN_activates,1,29312402,AHB1,
AT5G63110,AT2G36490,GRN_represses,1,26666962,HDA6,
AT5G66750,AT5G52310,GRN_represses,1,26666962,,RD29A
AT1G77120,AT4G33070,GRN_activates,1,29777132,ADH1,PDC1
AT1G23800,AT3G48000,GRN_activates,1,29777132,ALDH2B7,
AT2G47520,AT4G33070,GRN_activates,1,29777132,ERF071,PDC1
AT4G21490,AT4G33070,GRN_activates,1,29777132,,PDC1
AT2G20800,AT4G33070,GRN_activates,1,29777132,,PDC1
AT2G47770,AT4G33070,GRN_regulates,1,29777132,TSPO,PDC1
AT2G47770,AT1G23800,GRN_regulates,1,29777132,TSPO,ALDH2B7
AT5G63110,AT2G39180,GRN_regulates,1,30124938,HDA6,
AT1G62830,AT1G29920,GRN_regulates,1,30124938,,LHCB1.1
AT5G63110,AT1G29920,GRN_regulates,1,30124938,HDA6,LHCB1.1
AT5G63110,AT5G02810,GRN_regulates,1,30124938,HDA6,
AT5G63110,AT2G46790,GRN_regulates,1,30124938,HDA6,
AT5G22880,AT2G46830,GRN_regulates,1,30124938,H2B,CCA1
AT5G22880,AT5G61380,GRN_regulates,1,30124938,H2B,
AT5G63110,AT4G25530,GRN_activates,1,22102827,HDA6,
AT1G15750,AT2G46830,GRN_regulates,1,30863422,,CCA1
AT5G49160,AT5G63110,GRN_activates,1,21552333,,HDA6
AT5G43940,AT5G63110,GRN_represses,1,34003928,,HDA6
AT5G63110,AT3G43210,GRN_regulates,1,34403482,HDA6,
AT2G42200,AT2G17950,GRN_represses,1,35203367,SPL9,
AT5G16300,AT3G59060,GRN_activates,1,34884771,,PIF5
AT1G56430,AT1G47400,GRN_activates,1,35755670,NAS4,
AT3G60900,AT2G45470,GRN_represses,1,31501923,FLA10,FLA8
AT1G76710,AT1G67030,GRN_regulates,1,37111875,,ZFP6
AT1G76710,AT4G09820,GRN_regulates,1,37111875,,TT8
AT1G76710,AT3G63110,GRN_regulates,1,37111875,,IPT3
AT1G76710,AT5G04340,GRN_regulates,1,37111875,,ZAT6
AT1G76710,AT5G17220,GRN_regulates,1,37111875,,GSTF12
AT1G67710,AT4G35160,GRN_regulates,1,36614184,,ASMT
AT2G01760,AT4G35160,GRN_regulates,1,36614184,,ASMT
AT2G20570,AT4G35160,GRN_regulates,1,36614184,GPRI1,ASMT
AT5G25830,AT4G35160,GRN_regulates,1,36614184,GATA12,ASMT
AT4G27330,AT4G34410,GRN_represses,1,35164655,,ERF109
AT4G27330,AT5G64750,GRN_represses,1,35164655,,ABR1
AT1G77300,AT5G05730,GRN_activates,1,35164655,EFS,
AT4G28190,AT3G24650,GRN_regulates,1,35164655,,ABI3
AT3G24650,AT4G28190,GRN_regulates,1,35164655,ABI3,
AT4G28190,AT4G34410,GRN_represses,1,35164655,,ERF109
AT4G25350,AT1G13260,GRN_regulates,1,30518173,,RAV1
AT1G13260,AT1G76490,GRN_regulates,1,24993737,RAV1,
AT1G13260,AT4G30270,GRN_activates,1,35371171,RAV1,XTH24
AT1G13260,AT5G45890,GRN_activates,1,35371171,RAV1,SAG12
AT5G01747,AT5G45890,GRN_regulates,1,35371171,,SAG12
AT1G69270,AT4G30270,GRN_regulates,1,35371171,,XTH24
AT1G69270,AT5G45890,GRN_regulates,1,35371171,,SAG12
AT3G10520,AT4G32540,GRN_activates,1,28199692,AHB2,
AT3G10520,AT4G13260,GRN_activates,1,28199692,AHB2,
AT3G10520,AT5G11320,GRN_activates,1,28199692,AHB2,
AT3G10520,AT5G25620,GRN_activates,1,28199692,AHB2,
AT3G10520,AT1G48910,GRN_activates,1,28199692,AHB2,
AT1G73730,AT5G60890,GRN_represses,1,25426131,,MYB34
AT1G73730,AT5G61420,GRN_represses,1,25426131,,MYB28
AT1G73730,AT5G07690,GRN_represses,1,25426131,,MYB29
AT5G60890,AT1G73730,GRN_represses,1,25426131,MYB34,
AT5G57220,AT1G01040,GRN_activates,1,23528052,CYP81F2,
AT5G57220,AT3G03300,GRN_activates,1,23528052,CYP81F2,
AT3G04720,AT1G01040,GRN_activates,1,23528052,HEL,
AT1G01040,AT3G04720,GRN_activates,1,23528052,,HEL
AT2G46130,AT2G29980,GRN_regulates,1,29079824,,FAD3
AT1G27730,AT2G46130,GRN_represses,1,29079824,ZAT10,
AT1G52890,AT2G39940,GRN_activates,1,23382734,NAC019,
AT3G15500,AT2G39940,GRN_activates,1,23382734,NAC055,
AT2G44840,AT2G39940,GRN_activates,1,23382734,ERF13,
AT4G34410,AT2G39940,GRN_activates,1,23382734,ERF109,
AT2G39940,AT1G52890,GRN_regulates,1,23382734,,NAC019
AT2G39940,AT3G15500,GRN_regulates,1,23382734,,NAC055
AT2G39940,AT2G44840,GRN_regulates,1,23382734,,ERF13
AT1G32640,AT2G44840,GRN_regulates,1,23382734,MYC2,ERF13
AT1G32640,AT4G34410,GRN_regulates,1,23382734,MYC2,ERF109
AT5G46760,AT2G44840,GRN_regulates,1,23382734,,ERF13
AT5G46760,AT4G34410,GRN_regulates,1,23382734,,ERF109
AT4G17880,AT2G44840,GRN_regulates,1,23382734,,ERF13
AT4G17880,AT4G34410,GRN_regulates,1,23382734,,ERF109
AT2G46510,AT5G42800,GRN_represses,1,30046236,,DFRA
AT1G32640,AT5G53970,GRN_represses,1,30046236,MYC2,
AT1G74710,AT3G52430,GRN_activates,1,33260627,,PAD4
AT5G50670,AT1G48000,GRN_represses,1,33260627,SPL13A,MYB112
AT1G19640,AT5G43270,GRN_represses,1,33260627,JMT,
AT4G12400,AT3G62980,GRN_regulates,1,34618051,HOP3,
AT2G39940,AT5G42800,GRN_activates,1,32321430,,DFRA
AT4G01370,AT2G30250,GRN_regulates,1,17214894,,WRKY25
AT4G18290,AT4G23600,GRN_activates,1,18441338,,CORI3
AT3G26830,AT2G39940,GRN_activates,1,33287718,CYP71B15,
AT2G39940,AT5G24770,GRN_activates,1,32093127,,VSP2
AT4G24120,AT5G60410,GRN_represses,1,24845074,YSL1,
AT2G39940,AT1G11580,GRN_represses,1,29924303,,ATPMEPCRA
AT2G39940,AT3G14310,GRN_represses,1,29924303,,PME3
AT2G39940,AT4G37490,GRN_activates,1,29924303,,CYCB1-1
AT2G39940,AT1G24070,GRN_activates,1,29924303,,CSLA10
AT5G57220,AT2G39940,GRN_activates,1,30075823,CYP81F2,
AT1G21270,AT2G39940,GRN_activates,1,30075823,WAK2,
AT2G35980,AT2G39940,GRN_activates,1,30075823,NHL10,
AT1G14540,AT2G39940,GRN_activates,1,30075823,PER4,
AT2G06050,AT5G42650,GRN_activates,1,19002244,OPR3,CYP74A
AT4G05110,AT1G70700,GRN_activates,1,30194307,,JAZ9
AT4G05110,AT5G13220,GRN_activates,1,30194307,,JAZ10
AT4G05110,AT1G06160,GRN_activates,1,30194307,,ERF094
AT4G05110,AT3G04720,GRN_activates,1,30194307,,HEL
AT4G05110,AT3G12500,GRN_activates,1,30194307,,CHI-B
AT4G05110,AT5G42650,GRN_activates,1,30194307,,CYP74A
AT4G05110,AT2G06050,GRN_activates,1,30194307,,OPR3
AT4G05110,AT1G17420,GRN_activates,1,30194307,,LOX3
AT4G05110,AT3G45140,GRN_activates,1,30194307,,LOX2
AT1G70700,AT1G06160,GRN_activates,1,30194307,JAZ9,ERF094
AT2G39940,AT1G70700,GRN_activates,1,30194307,,JAZ9
AT2G34600,AT1G30135,GRN_represses,1,27241491,TIFY 5B,TIFY5A
AT2G34600,AT2G39940,GRN_regulates,1,27241491,TIFY 5B,
AT2G34600,AT1G32640,GRN_regulates,1,27241491,TIFY 5B,MYC2
AT2G34600,AT5G45890,GRN_activates,1,27241491,TIFY 5B,SAG12
AT1G17380,AT1G75040,GRN_regulates,1,26428397,TIFY11A,PR5
AT5G13220,AT1G75040,GRN_regulates,1,26428397,JAZ10,PR5
AT1G17380,AT3G57260,GRN_regulates,1,26428397,TIFY11A,BGL2
AT5G13220,AT3G57260,GRN_regulates,1,26428397,JAZ10,BGL2
AT1G17380,AT2G13810,GRN_regulates,1,26428397,TIFY11A,ALD1
AT5G13220,AT2G13810,GRN_regulates,1,26428397,JAZ10,ALD1
AT1G19250,AT2G30770,GRN_represses,1,26428397,,CYP71A13
AT1G19250,AT3G26830,GRN_represses,1,26428397,,CYP71B15
AT1G17380,AT3G45140,GRN_regulates,1,26428397,TIFY11A,LOX2
AT5G13220,AT3G45140,GRN_regulates,1,26428397,JAZ10,LOX2
AT1G17380,AT5G42650,GRN_regulates,1,26428397,TIFY11A,CYP74A
AT5G13220,AT5G42650,GRN_regulates,1,26428397,JAZ10,CYP74A
AT1G17380,AT3G25770,GRN_regulates,1,26428397,TIFY11A,AOC2
AT5G13220,AT3G25770,GRN_regulates,1,26428397,JAZ10,AOC2
AT1G17380,AT5G24770,GRN_regulates,1,26428397,TIFY11A,VSP2
AT5G13220,AT5G24770,GRN_regulates,1,26428397,JAZ10,VSP2
AT1G17380,AT3G48520,GRN_regulates,1,26428397,TIFY11A,CYP94B3
AT2G14610,AT2G34600,GRN_activates,1,26896849,PR1,TIFY 5B
AT3G57260,AT2G34600,GRN_activates,1,26896849,BGL2,TIFY 5B
AT5G54390,AT5G37020,GRN_represses,1,35774826,,ARF8
AT2G39940,AT3G45140,GRN_regulates,1,30690555,,LOX2
AT2G39940,AT5G42650,GRN_regulates,1,30690555,,CYP74A
AT2G39940,AT3G25770,GRN_regulates,1,30690555,,AOC2
AT3G45140,AT5G41663,GRN_regulates,1,30690555,LOX2,
AT5G42650,AT5G41663,GRN_regulates,1,30690555,CYP74A,
AT3G25770,AT5G41663,GRN_regulates,1,30690555,AOC2,
AT5G63580,AT1G74710,GRN_represses,1,24586453,FLS2,
AT1G80680,AT5G63580,GRN_activates,1,24586453,,FLS2
AT5G42650,AT3G25800,GRN_activates,1,23439557,CYP74A,
AT5G42650,AT5G24770,GRN_activates,1,23439557,CYP74A,VSP2
AT5G13790,AT2G39940,GRN_activates,1,23573263,AGL15,
AT2G39940,AT2G14610,GRN_activates,1,23383073,,PR1
AT1G32640,AT1G14130,GRN_regulates,1,31505771,MYC2,
AT5G54510,AT1G14130,GRN_activates,1,31505771,GH3.6,
AT3G13300,AT2G14610,GRN_activates,1,30181923,,PR1
AT5G64900,AT1G19180,GRN_activates,1,33142885,PEP1,
AT2G44840,AT3G25800,GRN_regulates,1,36674500,ERF13,
AT2G44840,AT2G40170,GRN_regulates,1,36674500,ERF13,EM6
AT1G32640,AT1G17380,GRN_activates,1,21321051,MYC2,TIFY11A
AT5G46760,AT1G17380,GRN_activates,1,21321051,,TIFY11A
AT4G17880,AT1G17380,GRN_activates,1,21321051,,TIFY11A
AT1G32640,AT1G72450,GRN_activates,1,21321051,MYC2,TIFY11B
AT5G46760,AT1G72450,GRN_activates,1,21321051,,TIFY11B
AT4G17880,AT1G72450,GRN_activates,1,21321051,,TIFY11B
AT1G32640,AT2G34600,GRN_activates,1,21321051,MYC2,TIFY 5B
AT5G46760,AT2G34600,GRN_activates,1,21321051,,TIFY 5B
AT4G17880,AT2G34600,GRN_activates,1,21321051,,TIFY 5B
AT1G32640,AT1G70700,GRN_activates,1,21321051,MYC2,JAZ9
AT5G46760,AT1G70700,GRN_activates,1,21321051,,JAZ9
AT4G17880,AT1G70700,GRN_activates,1,21321051,,JAZ9
AT4G17880,AT5G24770,GRN_activates,1,21321051,,VSP2
AT4G17880,AT1G17420,GRN_activates,1,21321051,,LOX3
AT4G17880,AT2G24850,GRN_activates,1,21321051,,TAT3
AT2G14610,AT2G34640,GRN_activates,1,23890153,PR1,
AT3G25800,AT1G12110,GRN_represses,1,34638794,,NPF6.3
AT4G24470,AT5G13080,GRN_represses,1,33165597,ZIM,WRKY75
AT2G44840,AT1G70520,GRN_activates,1,31249583,ERF13,
AT2G22880,AT1G74710,GRN_activates,1,26394921,,
AT2G22880,AT1G64280,GRN_activates,1,26394921,,
AT2G22880,AT5G03280,GRN_activates,1,26394921,,
ATCG00160,AT1G74710,GRN_activates,1,18785824,RPS2,
AT4G10500,AT3G25800,GRN_regulates,1,24047645,DLO1,
AT4G10500,AT4G03550,GRN_activates,1,24047645,DLO1,
AT3G07020,AT3G04720,GRN_activates,1,31611892,,HEL
AT1G32640,AT3G07020,GRN_activates,1,31611892,MYC2,
AT1G18570,AT5G60890,GRN_regulates,1,31611892,MYB51,MYB34
AT1G18570,AT3G23240,GRN_activates,1,31611892,MYB51,
AT1G32640,AT3G10520,GRN_represses,1,26962208,MYC2,AHB2
AT1G32640,AT1G08980,GRN_activates,1,26962208,MYC2,
AT3G10520,AT3G45140,GRN_activates,1,26962208,AHB2,LOX2
AT3G10520,AT5G42650,GRN_activates,1,26962208,AHB2,CYP74A
AT3G52430,AT4G00830,GRN_activates,1,24914891,PAD4,
AT3G23250,AT4G00830,GRN_represses,1,24914891,MYB15,
AT2G35000,AT5G44420,GRN_regulates,1,35056016,,PDF1.2A
AT3G23240,AT5G44420,GRN_activates,1,21246258,,PDF1.2A
AT3G25800,AT5G04950,GRN_activates,1,28835670,,NAS1
AT3G25800,AT5G47220,GRN_activates,1,28835670,,ERF2
AT3G25800,AT3G12500,GRN_activates,1,28835670,,CHI-B
AT3G25800,AT3G04720,GRN_activates,1,28835670,,HEL
AT3G10390,AT2G45660,GRN_represses,1,35766439,,SOC1
AT1G17455,AT2G45660,GRN_represses,1,35766439,,SOC1
AT4G22910,AT3G54180,GRN_regulates,1,37861079,,CDKB1-1
AT5G06870,AT1G34370,GRN_represses,1,37035040,PGIP2,
AT1G75060,AT1G20090,GRN_regulates,1,22847350,,
AT4G34590,AT1G73590,GRN_represses,1,28158182,BZIP11,PIN1
AT4G34590,AT1G70940,GRN_represses,1,28158182,BZIP11,PIN3
AT1G07500,AT3G11430,GRN_activates,1,37954155,SMR5,GPAT5
AT1G07500,AT5G41570,GRN_activates,1,37954155,SMR5,
AT1G04240,AT2G01420,GRN_regulates,1,34134976,SHY2,PIN4
AT5G06300,AT1G73590,GRN_represses,1,34134976,,PIN1
AT5G06300,AT1G70940,GRN_represses,1,34134976,,PIN3
AT5G06300,AT2G01420,GRN_represses,1,34134976,,PIN4
AT1G80100,AT3G48100,GRN_represses,1,25906686,,ARR5
AT3G52400,AT2G01980,GRN_activates,1,20054031,SYP122,
AT1G08560,AT2G01980,GRN_represses,1,20054031,KN,
AT1G13980,AT2G01980,GRN_represses,1,20054031,GN,
AT2G38170,AT2G01980,GRN_activates,1,20054031,CAX1,
AT4G18010,AT2G01980,GRN_activates,1,20054031,IP5P2,
AT3G28910,AT1G27950,GRN_activates,1,33986765,,LTPG1
AT3G28910,AT3G51600,GRN_activates,1,33986765,,LTP5
AT5G07310,AT2G22860,GRN_regulates,1,33986765,,PSK2
AT4G39400,AT2G47270,GRN_regulates,1,33986765,,UPB1
AT1G79550,AT4G24580,GRN_regulates,1,29702701,PGK3,
AT1G08430,AT4G18910,GRN_represses,1,32188405,ALMT1,
AT1G75040,AT5G43940,GRN_represses,1,24204370,PR5,
AT4G14400,AT5G43940,GRN_represses,1,24204370,ACD6,
AT5G48485,AT5G43940,GRN_represses,1,24204370,DIR1,
AT1G73360,AT5G52310,GRN_regulates,1,29552555,,RD29A
AT1G73687,AT4G37490,GRN_represses,1,22340370,,CYCB1-1
AT4G37490,AT3G27010,GRN_regulates,1,22340370,CYCB1-1,
AT3G51300,AT5G14740,GRN_activates,1,19108776,ARAC11,
AT2G47270,AT3G11450,GRN_activates,1,31824531,UPB1,
AT3G16857,AT1G69530,GRN_regulates,1,30602700,,ATEXPA1
AT5G39580,AT1G34370,GRN_regulates,1,33003393,PER62,
AT5G20490,AT1G20090,GRN_regulates,1,24116145,XI-K,
AT3G22840,AT5G11260,GRN_regulates,1,38287925,ELIP1,
AT1G65450,AT5G57090,GRN_regulates,1,33288701,,
AT3G11480,AT5G14090,GRN_represses,1,32269265,BSMT1,
AT5G14090,AT4G38860,GRN_represses,1,32269265,,
AT5G14090,AT4G12730,GRN_represses,1,32269265,,FLA2
AT5G14090,AT1G70940,GRN_represses,1,32269265,,PIN3
AT5G14090,AT2G01420,GRN_represses,1,32269265,,PIN4
AT5G07690,AT4G12030,GRN_regulates,1,36945724,MYB29,
AT5G07690,AT3G58990,GRN_regulates,1,36945724,MYB29,IPMI1
AT5G07690,AT2G43100,GRN_regulates,1,36945724,MYB29,IPMI2
AT1G57560,AT5G64750,GRN_regulates,1,38134185,,ABR1
AT1G57560,AT1G22810,GRN_regulates,1,38134185,,ERF019
AT1G57560,AT4G25470,GRN_regulates,1,38134185,,DREB1C
AT1G57560,AT5G52310,GRN_regulates,1,38134185,,RD29A
AT1G57560,AT1G30360,GRN_regulates,1,38134185,,ERD4
AT1G57560,AT1G20450,GRN_regulates,1,38134185,,ERD10
AT1G49540,AT4G37490,GRN_activates,1,25998905,,CYCB1-1
AT4G16110,AT1G04240,GRN_activates,1,28426669,,SHY2
AT4G37650,AT1G19850,GRN_represses,1,28426669,,ARF5
AT2G34710,AT1G19850,GRN_activates,1,28426669,,ARF5
AT1G70940,AT1G23080,GRN_regulates,1,33202956,PIN3,
AT5G20730,AT5G61350,GRN_regulates,1,35312071,NPH4,
AT3G46100,AT1G12110,GRN_regulates,1,25723764,,NPF6.3
AT3G46100,AT2G28550,GRN_regulates,1,25723764,,RAP2.7
AT5G20730,AT4G14560,GRN_activates,1,25922494,NPH4,IAA1
AT5G20730,AT5G65670,GRN_activates,1,25922494,NPH4,
AT2G34710,AT1G04240,GRN_regulates,1,37567954,,SHY2
AT1G30490,AT1G04240,GRN_regulates,1,37567954,,SHY2
AT4G00885,AT1G30040,GRN_activates,1,37567954,,GA2OX2
AT5G65700,AT5G12990,GRN_activates,1,34643181,BAM1,
AT2G06050,AT1G30040,GRN_activates,1,27101793,OPR3,GA2OX2
AT5G35620,AT1G70940,GRN_regulates,1,35845661,,PIN3
AT5G09550,AT3G51300,GRN_regulates,1,32987815,,ARAC11
AT3G51300,AT5G60740,GRN_regulates,1,32987815,ARAC11,
AT4G24740,AT5G26030,GRN_activates,1,27630653,AFC2,
AT5G26030,AT4G24740,GRN_activates,1,27630653,,AFC2
AT1G58290,AT4G24740,GRN_activates,1,27630653,,AFC2
AT1G75820,AT4G24740,GRN_represses,1,38273946,,AFC2
AT3G61190,AT4G24740,GRN_activates,1,38273946,,AFC2
AT5G59820,AT4G24740,GRN_activates,1,38273946,ZAT12,AFC2
AT1G17170,AT4G24740,GRN_activates,1,38273946,GSTU24,AFC2
AT1G07890,AT4G24740,GRN_activates,1,38273946,APX1,AFC2
AT5G01600,AT4G24740,GRN_activates,1,38273946,,AFC2
AT1G10470,AT4G24740,GRN_represses,1,38273946,,AFC2
AT2G14610,AT4G24740,GRN_activates,1,38273946,PR1,AFC2
AT1G75040,AT4G24740,GRN_activates,1,38273946,PR5,AFC2
AT3G12500,AT4G24740,GRN_activates,1,38273946,CHI-B,AFC2
AT3G04720,AT4G24740,GRN_activates,1,38273946,HEL,AFC2
AT1G19180,AT4G24740,GRN_activates,1,38273946,,AFC2
AT4G24740,AT3G57260,GRN_activates,1,38273946,AFC2,BGL2
AT2G46240,AT4G24740,GRN_activates,1,34281507,,AFC2
AT1G02280,AT4G24740,GRN_represses,1,34281507,,AFC2
AT2G23140,AT4G24740,GRN_represses,1,34281507,,AFC2
AT2G03445,AT1G08830,GRN_regulates,1,22962679,,CSD1
AT4G11650,AT5G66400,GRN_represses,1,34360680,OSM34,RAB18
AT4G11650,AT4G26080,GRN_represses,1,34360680,OSM34,
AT4G11650,AT2G39800,GRN_represses,1,34360680,OSM34,
AT5G54470,AT5G13930,GRN_regulates,1,36807054,,CHS
AT5G54470,AT3G51240,GRN_regulates,1,36807054,,F3H
AT5G07690,AT5G23020,GRN_activates,1,23580754,MYB29,MAM3
AT5G60890,AT5G54810,GRN_activates,1,23580754,MYB34,
AT1G18570,AT5G54810,GRN_activates,1,23580754,MYB51,
AT1G19350,AT1G16410,GRN_represses,1,23580754,,CYP79F1
AT1G19350,AT1G16400,GRN_represses,1,23580754,,CYP79F2
AT1G19350,AT4G13770,GRN_represses,1,23580754,,CYP83A1
AT1G19350,AT4G31500,GRN_represses,1,23580754,,CYP83B1
AT1G19350,AT5G60890,GRN_regulates,1,23580754,,MYB34
AT1G19350,AT1G18570,GRN_regulates,1,23580754,,MYB51
AT5G60890,AT4G31500,GRN_regulates,1,23580754,MYB34,CYP83B1
AT5G60890,AT4G29130,GRN_represses,1,27549907,MYB34,
AT1G18570,AT4G29130,GRN_represses,1,27549907,MYB51,
AT2G36270,AT4G39950,GRN_regulates,1,27549907,ABI5,CYP79B2
AT1G18570,AT2G30750,GRN_regulates,1,26379682,MYB51,CYP71A12
AT1G74080,AT2G30750,GRN_regulates,1,26379682,,CYP71A12
AT1G09530,AT1G67030,GRN_regulates,1,35720591,,ZFP6
AT1G67030,AT1G10480,GRN_regulates,1,35720591,ZFP6,
AT1G10480,AT2G41940,GRN_activates,1,35720591,,ZFP8
AT2G18790,AT1G64860,GRN_regulates,1,35720591,,SIGA
AT1G67030,AT1G09530,GRN_regulates,1,35720591,ZFP6,
AT5G03280,AT3G14440,GRN_activates,1,25346747,,NCED3
AT5G03280,AT5G67030,GRN_activates,1,25346747,,ZEP
AT1G73165,AT1G22710,GRN_represses,1,35567530,,SUC2
AT1G22710,AT1G73165,GRN_represses,1,35567530,SUC2,
AT1G76520,AT5G08720,GRN_activates,1,27553690,PILS3,
AT2G42300,AT1G66350,GRN_represses,1,28591805,,RGL1
AT2G42300,AT2G45660,GRN_activates,1,28591805,,SOC1
AT3G57800,AT2G45660,GRN_activates,1,28591805,BHLH60,SOC1
AT5G05390,AT4G19690,GRN_activates,1,34707625,LAC12,
AT2G38460,AT5G05390,GRN_represses,1,34707625,,LAC12
AT2G16910,AT5G09440,GRN_activates,1,32374882,,EXL4
AT2G16910,AT3G02970,GRN_activates,1,32374882,,EXL6
AT2G16910,AT5G07550,GRN_activates,1,32374882,,GRP19
AT2G24820,AT1G02220,GRN_represses,1,29937503,,NAC003
AT2G24820,AT1G28470,GRN_represses,1,29937503,,NAC010
AT3G06490,AT1G52890,GRN_regulates,1,29937503,,NAC019
AT3G06490,AT3G15500,GRN_regulates,1,29937503,,NAC055
AT3G06490,AT4G27410,GRN_regulates,1,29937503,,RD26
AT1G02220,AT3G06490,GRN_regulates,1,35205352,NAC003,
AT5G13080,AT2G24820,GRN_activates,1,35205352,WRKY75,
AT2G38530,AT2G38080,GRN_represses,1,37214854,LTP2,IRX12
AT2G38530,AT5G03260,GRN_represses,1,37214854,LTP2,LAC11
AT3G22370,AT5G13610,GRN_represses,1,26163700,AOX1A,
AT5G13610,AT3G22370,GRN_regulates,1,26163700,,AOX1A
AT1G02900,AT5G43890,GRN_activates,1,35878023,RALF1,
AT1G02900,AT5G25620,GRN_activates,1,35878023,RALF1,
AT1G02900,AT1G21430,GRN_activates,1,35878023,RALF1,
AT1G24590,AT1G62360,GRN_represses,1,34638958,,STM
AT5G42630,AT1G52150,GRN_represses,1,19054366,,ATHB-15
AT1G52150,AT5G42630,GRN_represses,1,19054366,ATHB-15,
AT1G09700,AT2G45190,GRN_represses,1,23918970,,YAB1
AT2G45190,AT1G09700,GRN_represses,1,23918970,YAB1,
AT4G28500,AT2G36570,GRN_regulates,1,23815750,NAC073,PXC1
AT2G36570,AT4G28500,GRN_activates,1,23815750,PXC1,NAC073
AT5G61480,AT2G36570,GRN_represses,1,23815750,,PXC1
AT2G36570,AT5G61480,GRN_activates,1,23815750,PXC1,
AT2G36570,AT1G46480,GRN_activates,1,23815750,PXC1,
AT5G16560,AT2G28305,GRN_regulates,1,32294082,,LOG1
AT5G16560,AT2G33880,GRN_represses,1,32294082,,WOX9
AT5G16560,AT5G11060,GRN_represses,1,32294082,,KNAT4
AT5G16560,AT2G01420,GRN_represses,1,32294082,,PIN4
AT5G16560,AT2G35940,GRN_represses,1,32294082,,BLH1
AT5G16560,AT3G23050,GRN_represses,1,32294082,,IAA7
AT5G16560,AT1G30330,GRN_represses,1,32294082,,ARF6
AT5G16560,AT4G32280,GRN_represses,1,32294082,,IAA29
AT4G32570,AT4G23810,GRN_represses,1,36834490,,WRKY53
AT4G37930,AT1G12980,GRN_regulates,1,30446629,SHM1,
AT4G32540,AT5G43810,GRN_activates,1,26358077,,AGO10
AT5G11320,AT5G43810,GRN_activates,1,26358077,,AGO10
AT5G43810,AT3G62980,GRN_activates,1,26358077,AGO10,
AT5G43810,AT5G11320,GRN_activates,1,26358077,AGO10,
AT4G04920,AT4G25490,GRN_activates,1,32193425,,DREB1B
AT4G25490,AT1G02400,GRN_activates,1,33793923,DREB1B,GA2OX6
AT4G25480,AT1G66350,GRN_activates,1,33793923,,RGL1
AT4G23130,AT1G70940,GRN_regulates,1,31817249,,PIN3
AT1G73590,AT4G23130,GRN_represses,1,31817249,PIN1,
AT1G70940,AT4G23130,GRN_represses,1,31817249,PIN3,
AT2G01420,AT4G23130,GRN_represses,1,31817249,PIN4,
AT5G62520,AT5G62530,GRN_regulates,1,22629280,SRO5,
AT5G20730,AT2G40610,GRN_regulates,1,34445724,NPH4,EXPA8
AT3G01310,AT4G13250,GRN_activates,1,27200011,,NYC1
AT5G02870,AT5G64340,GRN_represses,1,25625317,RPL4D,
AT1G14320,AT5G64340,GRN_represses,1,25625317,RPL10A,
AT5G10180,AT4G28610,GRN_represses,1,21261953,SULTR2;1,
AT2G42200,AT2G15620,GRN_represses,1,21182762,SPL9,NIR1
AT2G42200,AT1G13300,GRN_represses,1,21182762,SPL9,HRS1
AT2G42200,AT5G10030,GRN_represses,1,21182762,SPL9,
AT2G42200,AT5G65210,GRN_represses,1,21182762,SPL9,
AT4G33950,AT3G24650,GRN_activates,1,27856707,,ABI3
AT2G26300,AT5G58670,GRN_activates,1,37978426,,PLC1
AT1G64530,AT2G45660,GRN_regulates,1,31438763,,SOC1
AT3G49940,AT1G12110,GRN_represses,1,36902075,LBD38,NPF6.3
AT4G37540,AT1G12110,GRN_represses,1,36902075,LBD39,NPF6.3
AT3G49940,AT1G08090,GRN_represses,1,36902075,LBD38,
AT4G37540,AT1G08090,GRN_represses,1,36902075,LBD39,
AT5G67420,AT1G77760,GRN_represses,1,36902075,LBD37,NIA1
AT3G49940,AT1G77760,GRN_represses,1,36902075,LBD38,NIA1
AT4G37540,AT1G77760,GRN_represses,1,36902075,LBD39,NIA1
AT5G67420,AT1G37130,GRN_represses,1,36902075,LBD37,NIA2
AT3G49940,AT1G37130,GRN_represses,1,36902075,LBD38,NIA2
AT4G37540,AT1G37130,GRN_represses,1,36902075,LBD39,NIA2
AT1G64530,AT1G37130,GRN_activates,1,35163124,,NIA2
AT1G37130,AT1G12110,GRN_activates,1,26306170,NIA2,NPF6.3
AT4G26840,AT1G77760,GRN_activates,1,21772271,,NIA1
AT4G26840,AT1G37130,GRN_activates,1,21772271,,NIA2
AT3G52340,AT2G21140,GRN_represses,1,25296192,,PRP2
AT1G77690,AT4G25810,GRN_activates,1,36340418,LAX3,XTH23
AT4G38600,AT3G55990,GRN_represses,1,31245785,,ESK1
AT1G61110,AT5G22260,GRN_regulates,1,19915673,NAC025,
AT1G69120,AT1G77300,GRN_represses,1,19915673,AP1,EFS
AT3G54340,AT1G77300,GRN_represses,1,19915673,AP3,EFS
AT4G20050,AT1G77300,GRN_represses,1,19915673,,EFS
AT4G14080,AT1G77300,GRN_represses,1,19915673,,EFS
AT4G13560,AT1G77300,GRN_represses,1,19915673,,EFS
AT5G62320,AT1G77300,GRN_represses,1,19915673,,EFS
AT5G61430,AT1G77300,GRN_represses,1,19915673,,EFS
AT1G61110,AT1G77300,GRN_represses,1,19915673,NAC025,EFS
AT1G77300,AT1G69120,GRN_regulates,1,19915673,EFS,AP1
AT1G77300,AT3G22880,GRN_regulates,1,19915673,EFS,
AT1G77300,AT5G61430,GRN_regulates,1,19915673,EFS,
AT3G01530,AT5G08640,GRN_regulates,1,33831169,MYB57,FLS1
AT3G27810,AT4G34135,GRN_regulates,1,33831169,,UGT73B2
AT3G27810,AT4G36220,GRN_regulates,1,33831169,,CYP84A1
AT3G54340,AT1G80680,GRN_regulates,1,30781591,AP3,
AT5G37020,AT3G27810,GRN_activates,1,22346763,ARF8,
AT1G30330,AT5G40350,GRN_activates,1,22346763,ARF6,MYB24
AT3G20840,AT4G23400,GRN_represses,1,37441172,,PIP1-5
AT5G63850,AT3G20840,GRN_represses,1,37441172,AAP4,
AT2G26980,AT3G20840,GRN_represses,1,37441172,CIPK3,
AT4G23400,AT3G20840,GRN_represses,1,37441172,PIP1-5,
AT2G25000,AT3G20840,GRN_represses,1,37441172,WRKY60,
AT1G51190,AT2G26980,GRN_represses,1,37441172,,CIPK3
AT1G51190,AT5G63850,GRN_represses,1,37441172,,AAP4
AT1G51190,AT2G25000,GRN_represses,1,37441172,,WRKY60
AT1G51190,AT4G20260,GRN_represses,1,37441172,,PCAP1
AT1G51190,AT4G23400,GRN_represses,1,37441172,,PIP1-5
AT3G03450,AT1G74670,GRN_represses,1,35166830,,GASA6
AT2G32950,AT1G74670,GRN_regulates,1,35166830,,GASA6
AT3G63010,AT2G01570,GRN_regulates,1,23035751,GID1B,
AT2G20180,AT2G40610,GRN_regulates,1,23035751,,EXPA8
AT3G03450,AT2G40610,GRN_represses,1,23035751,,EXPA8
AT1G18100,AT5G42650,GRN_represses,1,26873978,MFT,CYP74A
AT1G18100,AT5G67030,GRN_activates,1,26873978,MFT,ZEP
AT3G03450,AT1G61110,GRN_represses,1,30419294,,NAC025
AT1G32640,AT3G27810,GRN_activates,1,26070206,MYC2,
AT1G32640,AT5G40350,GRN_activates,1,26070206,MYC2,MYB24
AT3G20770,AT4G24470,GRN_represses,1,30462256,,ZIM
AT5G24520,AT2G46830,GRN_regulates,1,31998554,,CCA1
AT5G24520,AT5G24470,GRN_regulates,1,31998554,,APRR5
AT4G01060,AT2G45660,GRN_regulates,1,31998554,ETC3,SOC1
AT1G25560,AT5G41315,GRN_represses,1,31998554,TEM1,
AT1G68840,AT5G41315,GRN_represses,1,31998554,RAV2,
AT1G25560,AT1G63650,GRN_represses,1,31998554,TEM1,
AT1G68840,AT1G63650,GRN_represses,1,31998554,RAV2,
AT2G46830,AT1G12910,GRN_activates,1,31998554,CCA1,
AT4G08870,AT4G34710,GRN_regulates,1,34943791,ARGAH2,
AT5G25160,AT3G14440,GRN_represses,1,38250442,,NCED3
AT5G25160,AT5G66400,GRN_represses,1,38250442,,RAB18
AT5G25160,AT5G52310,GRN_represses,1,38250442,,RD29A
AT5G25160,AT4G10050,GRN_represses,1,38250442,,
AT1G24625,AT5G25160,GRN_regulates,1,38250442,ZFP7,
AT1G24625,AT1G66470,GRN_regulates,1,38250442,ZFP7,
AT1G24625,AT1G27740,GRN_regulates,1,38250442,ZFP7,
AT1G24625,AT1G62980,GRN_regulates,1,38250442,ZFP7,
AT1G24625,AT4G13390,GRN_regulates,1,38250442,ZFP7,
AT1G24625,AT3G10710,GRN_regulates,1,38250442,ZFP7,
AT3G01310,AT2G24570,GRN_regulates,1,24358874,,
AT1G09530,AT4G28660,GRN_regulates,1,36628154,,PSB28
AT4G08920,AT1G27730,GRN_regulates,1,36628154,,ZAT10
AT4G08920,AT3G56710,GRN_regulates,1,36628154,,SIB1
AT3G52430,AT4G39030,GRN_activates,1,33617121,PAD4,
AT1G32640,AT3G52430,GRN_represses,1,33617121,MYC2,PAD4
AT4G04920,AT1G06160,GRN_activates,1,33617121,,ERF094
AT1G74930,AT1G32640,GRN_activates,1,33617121,ERF018,MYC2
AT5G64810,AT5G42650,GRN_represses,1,33617121,WRKY51,CYP74A
AT3G22160,AT5G42650,GRN_represses,1,33617121,,CYP74A
AT1G71930,AT5G17420,GRN_activates,1,35154217,,CESA7
AT1G71930,AT4G26220,GRN_activates,1,35154217,,
AT1G56650,AT1G62990,GRN_represses,1,35154217,MYB75,KNAT7
AT1G56650,AT4G34610,GRN_represses,1,35154217,MYB75,
AT1G56650,AT4G38130,GRN_activates,1,35154217,MYB75,HDA19
AT1G56430,AT4G35040,GRN_regulates,1,35845702,NAS4,
AT1G56430,AT2G16770,GRN_regulates,1,35845702,NAS4,
AT1G62670,ATMG01190,GRN_activates,1,37686040,,ATP1
AT1G80840,AT4G34410,GRN_represses,1,25852698,WRKY40,ERF109
AT5G14420,AT2G20880,GRN_regulates,1,23580756,RGLG2,ERF053
AT1G55490,AT3G46740,GRN_activates,1,37572358,CPN60B1,
AT3G48870,AT3G46740,GRN_activates,1,37572358,CLPC2,
AT4G16520,AT3G23430,GRN_activates,1,37434600,,PHO1
AT3G06420,AT3G23430,GRN_activates,1,37434600,,PHO1
AT4G28610,AT5G59520,GRN_regulates,1,34040623,,ZIP2
AT4G28610,AT3G03530,GRN_regulates,1,25680792,,NPC4
AT4G28610,AT2G26560,GRN_regulates,1,25680792,,PLP2
AT4G28610,AT5G20410,GRN_regulates,1,25680792,,MGD2
AT2G34202,AT5G20410,GRN_represses,1,25680792,,MGD2
AT4G28610,AT3G04070,GRN_activates,1,34385324,,NAC047
AT4G28610,AT5G60890,GRN_activates,1,34385324,,MYB34
AT3G23430,AT1G14040,GRN_regulates,1,24420568,PHO1,
AT1G14040,AT3G23430,GRN_represses,1,24420568,,PHO1
AT4G24020,AT1G25550,GRN_activates,1,29636481,,HHO3
AT4G24020,AT1G13300,GRN_activates,1,29636481,,HRS1
AT5G29000,AT3G09922,GRN_activates,1,37360842,,IPS1
AT1G19180,AT3G09922,GRN_represses,1,37360842,,IPS1
AT3G22170,AT1G25550,GRN_activates,1,37360842,,HHO3
AT5G22500,AT1G25550,GRN_activates,1,37360842,FAR1,HHO3
AT5G22500,AT1G68670,GRN_activates,1,37360842,FAR1,
AT1G19180,AT1G25550,GRN_represses,1,37360842,,HHO3
AT1G25550,AT4G28610,GRN_regulates,1,37360842,HHO3,
AT1G25550,AT3G22170,GRN_regulates,1,37360842,HHO3,
AT2G43010,AT5G43350,GRN_represses,1,37360842,,PHT1-1
AT3G59060,AT5G43350,GRN_represses,1,37360842,PIF5,PHT1-1
AT3G59060,AT5G29000,GRN_represses,1,37360842,PIF5,
AT1G67030,AT3G58070,GRN_regulates,1,25018756,ZFP6,
AT1G67030,AT5G06650,GRN_regulates,1,25018756,ZFP6,
AT1G67030,AT2G41940,GRN_regulates,1,25018756,ZFP6,ZFP8
AT2G42200,AT3G27920,GRN_activates,1,25018756,SPL9,
AT2G41940,AT3G56390,GRN_regulates,1,31466344,ZFP8,
AT1G27730,AT1G07890,GRN_regulates,1,31466344,ZAT10,APX1
AT5G59820,AT3G09640,GRN_regulates,1,31466344,ZAT12,
AT5G59820,AT4G25100,GRN_regulates,1,31466344,ZAT12,
AT1G27730,AT3G45640,GRN_regulates,1,31466344,ZAT10,
AT5G04340,AT4G25490,GRN_activates,1,31466344,ZAT6,DREB1B
AT5G04340,AT3G48090,GRN_activates,1,31466344,ZAT6,
AT5G04340,AT3G57260,GRN_activates,1,31466344,ZAT6,BGL2
AT5G04340,AT1G75040,GRN_activates,1,31466344,ZAT6,PR5
AT5G04340,AT3G15030,GRN_regulates,1,27838638,ZAT6,
AT1G11190,AT4G20440,GRN_regulates,1,36852889,ENDO1,
AT1G26820,AT4G20440,GRN_regulates,1,36852889,RNS3,
AT4G04460,AT4G20440,GRN_regulates,1,36852889,APA3,
AT1G11190,AT5G18270,GRN_regulates,1,36852889,ENDO1,ANAC087
AT1G26820,AT5G18270,GRN_regulates,1,36852889,RNS3,ANAC087
AT4G04460,AT5G18270,GRN_regulates,1,36852889,APA3,ANAC087
AT1G11190,AT3G04060,GRN_regulates,1,36852889,ENDO1,
AT1G26820,AT3G04060,GRN_regulates,1,36852889,RNS3,
AT4G04460,AT3G04060,GRN_regulates,1,36852889,APA3,
AT4G20440,AT5G18270,GRN_regulates,1,36852889,,ANAC087
AT2G45120,AT4G04460,GRN_regulates,1,36852889,,APA3
AT3G60580,AT4G04460,GRN_regulates,1,36852889,,APA3
AT2G30432,AT2G42200,GRN_regulates,1,29653514,,SPL9
AT3G53600,AT5G64120,GRN_activates,1,28586434,,PER71
AT3G53600,AT3G01420,GRN_activates,1,28586434,,DOX1
AT1G66140,AT5G61850,GRN_activates,1,37216511,ZFP4,
AT1G66140,AT1G69120,GRN_activates,1,37216511,ZFP4,AP1
AT5G06070,AT3G54340,GRN_represses,1,37216511,,AP3
AT5G14010,AT2G41940,GRN_represses,1,37216511,,ZFP8
AT1G30970,AT2G45660,GRN_activates,1,38139079,,SOC1
AT1G60490,AT1G08430,GRN_regulates,1,33281841,,ALMT1
AT4G04450,AT5G43350,GRN_activates,1,33281841,,PHT1-1
AT4G27765,AT1G71030,GRN_regulates,1,32560581,,ATMYBL2
AT4G27765,AT1G56650,GRN_regulates,1,32560581,,MYB75
AT4G27765,AT5G42800,GRN_regulates,1,32560581,,DFRA
AT4G27765,AT4G22880,GRN_regulates,1,32560581,,LDOX
AT5G58040,AT4G21680,GRN_represses,1,29780398,,NPF7.2
AT1G34370,AT2G26650,GRN_regulates,1,35008809,,AKT1
AT5G39610,AT1G30270,GRN_activates,1,32295180,NAC92,
AT4G22920,AT1G30270,GRN_activates,1,32295180,SGR1,
AT2G34600,AT3G46130,GRN_regulates,1,32875268,TIFY 5B,
AT1G15750,AT1G30135,GRN_regulates,1,30563086,,TIFY5A
AT1G69690,AT1G47210,GRN_activates,1,31748815,TCP15,
AT5G28640,AT5G38480,GRN_regulates,1,31748815,GIF1,
AT5G28640,AT5G16050,GRN_regulates,1,31748815,GIF1,
AT5G28640,AT5G10450,GRN_regulates,1,31748815,GIF1,
AT5G28640,AT5G67060,GRN_regulates,1,31748815,GIF1,
AT3G25717,AT2G18790,GRN_activates,1,37898648,RTFL16,
AT1G13245,AT2G18790,GRN_activates,1,37898648,RTFL17,
AT4G04890,AT1G64110,GRN_represses,1,23480402,PDF2,
AT5G56640,AT1G64110,GRN_represses,1,23480402,MIOX5,
AT3G60460,AT3G04620,GRN_regulates,1,23480402,,
AT1G45249,AT1G64110,GRN_regulates,1,23480402,ABF2,
AT3G59690,AT5G62880,GRN_regulates,1,33510146,IQD13,
AT5G22880,AT3G45640,GRN_regulates,1,31878228,H2B,
AT1G80350,AT2G33460,GRN_activates,1,25788735,,RIC1
AT3G16857,AT1G04250,GRN_activates,1,36684719,,IAA17
AT1G48410,AT4G37930,GRN_regulates,1,36684719,,SHM1
AT5G10020,AT5G60660,GRN_regulates,1,36684719,,PIP2-4
AT5G65700,AT2G17950,GRN_activates,1,36684719,BAM1,
AT3G20780,AT2G38470,GRN_activates,1,24821950,,WRKY33
AT1G80840,AT3G20780,GRN_activates,1,24821950,WRKY40,
AT3G52430,AT3G20780,GRN_activates,1,24821950,PAD4,
AT2G22470,AT3G20780,GRN_represses,1,24821950,AGP2,
AT5G67030,AT3G20780,GRN_represses,1,24821950,ZEP,
AT4G15560,AT3G20780,GRN_represses,1,24821950,DXS,
AT1G64670,AT3G20780,GRN_represses,1,24821950,BDG1,
AT2G20610,AT3G20780,GRN_represses,1,24821950,SUR1,
AT5G15960,AT1G52340,GRN_represses,1,19513806,KIN1,
AT5G15960,AT5G03280,GRN_activates,1,19513806,KIN1,
AT3G02480,AT5G03280,GRN_activates,1,19513806,,
AT3G16770,AT1G66340,GRN_regulates,1,19513806,RAP2-3,
AT2G42540,AT1G52340,GRN_regulates,1,19513806,COR15A,
AT2G42540,AT5G03280,GRN_regulates,1,19513806,COR15A,
AT5G24780,AT1G66340,GRN_activates,1,19513806,VSP1,
AT3G45140,AT1G66340,GRN_activates,1,19513806,LOX2,
AT1G72260,AT1G66340,GRN_activates,1,19513806,THI2.1,
AT3G18520,AT5G62470,GRN_regulates,1,30979883,HDA15,MYB96
AT2G34208,AT2G38940,GRN_activates,1,33396498,,PHT1-4
AT5G67300,AT2G38940,GRN_represses,1,37896080,,PHT1-4
AT5G63980,AT1G73010,GRN_activates,1,21304819,,PS2
AT2G14610,AT5G67500,GRN_activates,1,21705391,PR1,VDAC2
AT2G14610,AT5G57490,GRN_activates,1,21705391,PR1,
AT3G57260,AT5G67500,GRN_activates,1,21705391,BGL2,VDAC2
AT3G57260,AT5G57490,GRN_activates,1,21705391,BGL2,
AT1G75040,AT5G67500,GRN_activates,1,21705391,PR5,VDAC2
AT1G75040,AT5G57490,GRN_activates,1,21705391,PR5,
AT3G61890,AT4G25420,GRN_represses,1,31455029,ATHB-12,
AT3G29030,AT3G02150,GRN_represses,1,31455029,EXPA5,
AT1G26770,AT3G02150,GRN_represses,1,31455029,ATEXPA10,
AT3G61890,AT3G02150,GRN_represses,1,31455029,ATHB-12,
AT5G60970,AT5G39860,GRN_regulates,1,31078552,,PRE1
AT2G43010,AT5G39860,GRN_regulates,1,31078552,,PRE1
AT5G60970,AT3G15540,GRN_regulates,1,31078552,,IAA19
AT5G39860,AT5G60970,GRN_regulates,1,31078552,PRE1,
AT4G37490,AT5G20850,GRN_activates,1,37980416,CYCB1-1,
AT5G41315,AT5G04470,GRN_regulates,1,19247443,,SIM
AT5G41315,AT1G71030,GRN_regulates,1,19247443,,ATMYBL2
AT3G27920,AT1G71030,GRN_regulates,1,19247443,,ATMYBL2
AT5G41315,AT1G15570,GRN_regulates,1,19247443,,CYCA2-3
AT5G08790,AT2G46830,GRN_regulates,1,31639820,,CCA1
AT5G20730,AT1G17060,GRN_represses,1,31639820,NPH4,
AT1G74500,AT2G46830,GRN_regulates,1,31639820,,CCA1
AT3G05800,AT2G46830,GRN_regulates,1,31639820,,CCA1
AT1G71030,AT2G46830,GRN_regulates,1,31639820,ATMYBL2,CCA1
AT1G19220,AT4G03210,GRN_regulates,1,31626627,,XTH9
AT4G03210,AT5G60850,GRN_represses,1,31626627,XTH9,DOF5.4
AT5G60850,AT4G26466,GRN_regulates,1,31626627,DOF5.4,
AT5G59780,AT4G37490,GRN_regulates,1,27297966,MYB59,CYCB1-1
AT4G36920,AT4G34160,GRN_regulates,1,27297966,,CYCD3-1
AT5G60850,AT3G25050,GRN_represses,1,27297966,DOF5.4,XTH3
AT5G60850,AT1G65310,GRN_represses,1,27297966,DOF5.4,ATXTH17
AT2G26430,AT5G63370,GRN_activates,1,29602264,CYCL1-1,
AT4G36690,AT3G55980,GRN_represses,1,37111878,,SZF1
AT1G60900,AT3G55980,GRN_activates,1,37111878,,SZF1
AT4G36690,AT2G45660,GRN_represses,1,37111878,,SOC1
AT4G36690,AT4G24540,GRN_represses,1,37111878,,AGL24
AT1G60900,AT2G45660,GRN_activates,1,37111878,,SOC1
AT1G60900,AT4G24540,GRN_activates,1,37111878,,AGL24
AT4G24540,AT5G10140,GRN_activates,1,37111878,AGL24,
AT2G36990,ATCG00480,GRN_regulates,1,20088902,,ATPB
AT4G15510,AT2G18790,GRN_activates,1,35510737,PPD1,
AT4G15510,AT4G08920,GRN_activates,1,35510737,PPD1,
AT4G15510,AT5G11260,GRN_activates,1,35510737,PPD1,
AT4G15510,AT2G32950,GRN_represses,1,35510737,PPD1,
AT2G43010,AT4G15510,GRN_activates,1,35510737,,PPD1
AT4G15510,AT2G46340,GRN_represses,1,35510737,PPD1,
AT4G15510,AT5G28640,GRN_represses,1,32296056,PPD1,GIF1
AT3G18990,AT2G45660,GRN_activates,1,32658893,,SOC1
AT4G15510,AT3G18990,GRN_activates,1,32658893,PPD1,
AT2G31070,AT5G42650,GRN_regulates,1,30147704,,CYP74A
AT2G36270,AT3G04765,GRN_regulates,1,25972521,ABI5,
AT3G04765,AT1G30330,GRN_regulates,1,25972521,,ARF6
AT3G04765,AT5G37020,GRN_regulates,1,25972521,,ARF8
AT1G22710,AT1G71880,GRN_regulates,1,22639641,SUC2,SUC1
AT2G31870,AT3G55980,GRN_activates,1,34592134,,SZF1
AT4G33430,AT2G13790,GRN_represses,1,24675749,,SERK4
AT2G25900,AT5G24470,GRN_regulates,1,30892623,,APRR5
AT5G21100,AT3G02260,GRN_regulates,1,36405511,,
AT5G21100,AT1G71040,GRN_regulates,1,36405511,,
AT5G10380,AT2G27250,GRN_represses,1,28007029,ATL55,
AT2G46830,AT3G22370,GRN_activates,1,36463409,CCA1,AOX1A
AT2G43010,AT3G22370,GRN_activates,1,36463409,,AOX1A
AT3G59060,AT3G22370,GRN_activates,1,36463409,PIF5,AOX1A
AT5G11260,AT3G22370,GRN_activates,1,36463409,,AOX1A
AT1G34190,AT2G46830,GRN_represses,1,36463409,,CCA1
AT1G80840,AT1G30960,GRN_activates,1,29497438,WRKY40,
AT3G22370,AT1G30960,GRN_activates,1,29497438,AOX1A,
AT1G32870,AT1G77120,GRN_activates,1,36897975,ANAC13,ADH1
AT1G32870,AT2G16060,GRN_activates,1,36897975,ANAC13,AHB1
AT1G32870,AT4G33070,GRN_activates,1,36897975,ANAC13,PDC1
AT1G34180,AT1G77120,GRN_activates,1,36897975,anac016,ADH1
AT1G34180,AT2G16060,GRN_activates,1,36897975,anac016,AHB1
AT1G34180,AT4G33070,GRN_activates,1,36897975,anac016,PDC1
AT1G34190,AT1G77120,GRN_activates,1,36897975,,ADH1
AT1G34190,AT2G16060,GRN_activates,1,36897975,,AHB1
AT1G34190,AT4G33070,GRN_activates,1,36897975,,PDC1
AT1G34190,AT5G43450,GRN_regulates,1,35708648,,
AT1G34190,AT3G04730,GRN_regulates,1,35708648,,IAA16
AT3G20770,AT3G22370,GRN_regulates,1,35708648,,AOX1A
AT1G73590,AT3G22370,GRN_regulates,1,35708648,PIN1,AOX1A
AT1G34190,AT1G28470,GRN_activates,1,37372941,,NAC010
AT1G34190,AT3G04070,GRN_activates,1,37372941,,NAC047
AT1G34190,AT5G13180,GRN_activates,1,37372941,,NAC083
AT1G30040,AT4G25420,GRN_activates,1,31848381,GA2OX2,
AT1G02400,AT4G25420,GRN_activates,1,31848381,GA2OX6,
AT2G47520,AT1G34190,GRN_regulates,1,28158431,ERF071,
AT2G15430,AT3G54180,GRN_activates,1,26989174,,CDKB1-1
AT4G34160,AT2G19880,GRN_activates,1,24687979,CYCD3-1,
AT1G14350,AT1G15570,GRN_regulates,1,24123248,,CYCA2-3
AT1G14350,AT1G07370,GRN_regulates,1,24123248,,PCNA
AT4G22910,AT1G15570,GRN_regulates,1,24123248,,CYCA2-3
AT1G70940,AT5G20730,GRN_regulates,1,26578169,PIN3,NPH4
AT1G70940,AT1G14350,GRN_regulates,1,26578169,PIN3,
AT5G52310,AT5G63980,GRN_activates,1,22028934,RD29A,
AT5G64000,AT5G52310,GRN_represses,1,22028934,SAL2,RD29A
AT5G63980,AT5G52310,GRN_represses,1,22028934,,RD29A
AT5G42540,AT1G75660,GRN_represses,1,22540040,XRN2,
AT1G19300,AT1G65450,GRN_regulates,1,37528966,GATL1,
AT3G16770,AT4G19690,GRN_represses,1,30713541,RAP2-3,
AT3G16770,AT4G30190,GRN_represses,1,30713541,RAP2-3,
AT4G16780,AT2G36270,GRN_activates,1,33958633,,ABI5
AT4G16780,AT3G24650,GRN_activates,1,33958633,,ABI3
AT1G64280,AT1G73805,GRN_regulates,1,37620815,,SARD1
AT1G64280,AT5G26920,GRN_regulates,1,37620815,,CBP60G
AT3G23250,AT5G67030,GRN_regulates,1,29157199,MYB15,ZEP
AT3G23250,AT1G52340,GRN_regulates,1,29157199,MYB15,
AT3G23250,AT3G24650,GRN_regulates,1,29157199,MYB15,ABI3
AT3G23250,AT1G77120,GRN_regulates,1,29157199,MYB15,ADH1
AT3G23250,AT5G25610,GRN_regulates,1,29157199,MYB15,RD22
AT3G23250,AT2G40170,GRN_regulates,1,29157199,MYB15,EM6
AT5G11260,AT1G74090,GRN_regulates,1,25360143,,SOT18
AT2G25000,AT5G52310,GRN_activates,1,34398879,WRKY60,RD29A
AT1G80840,AT5G52310,GRN_represses,1,34398879,WRKY40,RD29A
AT2G25000,AT2G47190,GRN_represses,1,34398879,WRKY60,ATMYB2
AT2G47190,AT5G51070,GRN_regulates,1,34398879,ATMYB2,CLPD
AT1G01720,AT5G51070,GRN_regulates,1,34398879,,CLPD
AT1G32640,AT2G33380,GRN_regulates,1,34398879,MYC2,PXG3
AT1G32640,AT5G52310,GRN_regulates,1,34398879,MYC2,RD29A
AT1G01720,AT5G52310,GRN_represses,1,34398879,,RD29A
AT1G01720,AT5G25610,GRN_represses,1,34398879,,RD22
AT1G29920,AT2G46830,GRN_regulates,1,21196476,LHCB1.1,CCA1
AT5G24470,AT1G09530,GRN_represses,1,32068156,APRR5,
AT1G26945,AT2G32950,GRN_represses,1,24387668,PRE6,
AT1G17810,AT2G18790,GRN_activates,1,24387668,TIP3-2,
AT1G17810,AT4G39400,GRN_represses,1,24387668,TIP3-2,
AT1G05250,AT2G18790,GRN_represses,1,24387668,PER2,
AT1G05250,AT4G39400,GRN_activates,1,24387668,PER2,
AT5G20730,AT5G26930,GRN_regulates,1,26287175,NPH4,
AT1G31880,AT1G19850,GRN_regulates,1,26287175,,ARF5
AT5G25900,AT1G02400,GRN_activates,1,37160969,,GA2OX6
AT5G07200,AT3G63010,GRN_regulates,1,37160969,GA20OX3,GID1B
AT5G07200,AT2G01570,GRN_regulates,1,37160969,GA20OX3,
AT5G07200,AT5G27320,GRN_regulates,1,37160969,GA20OX3,
AT5G07200,AT1G14920,GRN_regulates,1,37160969,GA20OX3,
AT1G65450,AT1G69960,GRN_represses,1,28798760,,
AT3G54180,AT3G50630,GRN_regulates,1,22204558,CDKB1-1,
AT3G19260,AT2G14610,GRN_activates,1,32647331,,PR1
AT3G52430,AT3G25540,GRN_represses,1,35463421,PAD4,
AT2G14610,AT5G03280,GRN_represses,1,36498851,PR1,
AT5G54470,AT5G62470,GRN_regulates,1,37674317,,MYB96
AT3G15950,AT2G22770,GRN_activates,1,23155454,NAI2,NAI1
AT3G09260,AT2G22770,GRN_activates,1,23155454,BGLU23,NAI1
AT5G13930,AT2G26670,GRN_represses,1,22419743,CHS,
AT5G08640,AT2G26670,GRN_represses,1,22419743,FLS1,
AT3G63270,AT2G42830,GRN_regulates,1,26642436,,SHP2
AT5G17690,AT4G28520,GRN_activates,1,27410265,,CRC
AT5G17690,AT1G24260,GRN_activates,1,27410265,,SEP3
AT5G17690,AT5G20240,GRN_activates,1,27410265,,PI
AT1G69120,AT4G09960,GRN_represses,1,32824274,AP1,STK
AT3G44750,AT5G03740,GRN_activates,1,36507458,HDT1,HDT3
AT5G03740,AT3G44750,GRN_activates,1,36507458,HDT3,HDT1
AT4G26080,AT5G03740,GRN_activates,1,36507458,,HDT3
AT5G57050,AT5G03740,GRN_activates,1,36507458,,HDT3
AT3G44750,AT4G26080,GRN_regulates,1,36507458,HDT1,
AT3G44750,AT1G12480,GRN_regulates,1,36507458,HDT1,
AT5G03740,AT1G12480,GRN_regulates,1,36507458,HDT3,
AT1G78440,AT3G44750,GRN_represses,1,36507458,,HDT1
AT1G30040,AT3G44750,GRN_represses,1,36507458,GA2OX2,HDT1
AT1G78440,AT5G03740,GRN_represses,1,36507458,,HDT3
AT1G30040,AT5G03740,GRN_represses,1,36507458,GA2OX2,HDT3
AT1G25260,AT2G16910,GRN_represses,1,35087546,,
AT1G25260,AT2G31220,GRN_represses,1,35087546,,
AT1G25260,AT1G06170,GRN_represses,1,35087546,,
AT5G51780,AT1G25260,GRN_represses,1,35087546,,
AT2G31220,AT1G25260,GRN_represses,1,35087546,,
AT1G06170,AT1G25260,GRN_represses,1,35087546,,
AT5G14740,AT2G38170,GRN_represses,1,35007463,,CAX1
AT5G22830,AT1G16310,GRN_activates,1,35007463,MRS2-11,
AT5G24030,AT4G33950,GRN_activates,1,25932909,SLAH3,
AT3G23980,AT5G05410,GRN_regulates,1,28955347,,DREB2A
AT3G23980,AT1G52890,GRN_regulates,1,28955347,,NAC019
AT3G47810,AT3G23980,GRN_represses,1,36577063,VPS29,
AT5G65210,AT1G28480,GRN_regulates,1,26696694,,GRXC9
AT1G77920,AT1G28480,GRN_represses,1,26696694,TGA7,GRXC9
AT1G64280,AT1G17170,GRN_activates,1,26696694,,GSTU24
AT5G06950,AT1G28480,GRN_activates,1,26696694,,GRXC9
AT1G28480,AT3G28740,GRN_represses,1,27624344,GRXC9,CYP81D11
AT1G28480,AT1G76690,GRN_represses,1,27624344,GRXC9,
AT1G28480,AT1G77450,GRN_represses,1,27624344,GRXC9,
AT1G17170,AT5G06950,GRN_activates,1,33188435,GSTU24,
AT5G06950,AT1G06160,GRN_regulates,1,33188435,,ERF094
AT5G06960,AT1G06160,GRN_regulates,1,33188435,TGA5,ERF094
AT3G12250,AT1G06160,GRN_regulates,1,33188435,,ERF094
AT1G64280,AT5G06960,GRN_regulates,1,33188435,,TGA5
AT1G28480,AT5G06950,GRN_regulates,1,33188435,GRXC9,
AT1G28480,AT5G06960,GRN_regulates,1,33188435,GRXC9,TGA5
AT1G28480,AT3G12250,GRN_regulates,1,33188435,GRXC9,
AT1G07530,AT5G06960,GRN_regulates,1,33188435,,TGA5
AT5G28770,AT1G09700,GRN_regulates,1,23997203,BZIP63,
AT1G30330,AT4G20910,GRN_represses,1,32351522,ARF6,
AT5G37020,AT4G20910,GRN_represses,1,32351522,ARF8,
AT2G42200,AT1G09700,GRN_activates,1,22268150,SPL9,
AT1G53160,AT1G09700,GRN_activates,1,22268150,SPL4,
AT1G27360,AT1G09700,GRN_activates,1,22268150,SPL11,
AT5G50670,AT1G09700,GRN_activates,1,22268150,SPL13A,
AT2G42200,AT4G00885,GRN_regulates,1,22268150,SPL9,
AT5G17170,AT1G09700,GRN_represses,1,22268150,ENH1,
AT5G59780,AT1G09700,GRN_represses,1,22268150,MYB59,
AT3G17790,AT1G09700,GRN_activates,1,22268150,PAP17,
AT5G53450,AT1G09700,GRN_activates,1,22268150,PAP14,
AT3G44680,AT1G73687,GRN_represses,1,37195876,HDA9,
AT1G74600,ATMG01190,GRN_regulates,1,35561225,,ATP1
AT5G18830,AT1G07610,GRN_regulates,1,35806241,,MT1C
AT1G71200,AT1G07610,GRN_regulates,1,35806241,,MT1C
AT5G18830,AT2G42200,GRN_regulates,1,35866980,,SPL9
AT5G18830,AT5G50670,GRN_regulates,1,35866980,,SPL13A
AT1G19850,AT1G28300,GRN_regulates,1,28255787,ARF5,
AT4G36730,AT1G19850,GRN_activates,1,30439956,,ARF5
AT3G05690,AT1G73590,GRN_represses,1,28469131,,PIN1
AT5G06510,AT1G73590,GRN_represses,1,28469131,,PIN1
AT1G59750,ATCG01050,GRN_represses,1,38069311,,NDHD
AT1G59750,ATCG00330,GRN_represses,1,38069311,,RPS14
AT3G44300,AT5G10140,GRN_activates,1,35665187,NIT2,
AT3G44320,AT5G10140,GRN_activates,1,35665187,NIT3,
AT4G08790,AT1G68050,GRN_represses,1,35665187,,ADO3
AT3G44320,AT1G68050,GRN_represses,1,35665187,NIT3,ADO3
AT3G44320,AT5G61380,GRN_represses,1,35665187,NIT3,
AT2G14610,AT3G07610,GRN_activates,1,31956325,PR1,
AT3G57260,AT3G07610,GRN_activates,1,31956325,BGL2,
AT3G07610,AT3G57260,GRN_activates,1,31956325,,BGL2
AT1G58602,AT5G55390,GRN_regulates,1,32925902,,EDM2
AT4G16860,AT5G55390,GRN_regulates,1,32925902,RPP4,EDM2
AT4G16900,AT5G55390,GRN_regulates,1,32925902,,EDM2
AT4G16950,AT5G55390,GRN_regulates,1,32925902,,EDM2
AT5G55390,AT4G16950,GRN_regulates,1,32925902,EDM2,
AT5G55390,AT4G16900,GRN_regulates,1,32925902,EDM2,
AT5G55390,AT4G16920,GRN_regulates,1,32925902,EDM2,
AT3G07610,AT1G68725,GRN_represses,1,35908110,,AGP19
AT3G50930,AT3G07610,GRN_activates,1,35908110,HSR4,
AT2G18660,AT3G07610,GRN_activates,1,35908110,EGC2,
AT2G43500,AT5G22500,GRN_regulates,1,27731416,,FAR1
AT5G13270,ATCG00500,GRN_regulates,1,23818871,,ACCD
AT4G38160,ATMG00460,GRN_regulates,1,33494215,pde191,
AT2G47190,AT2G30490,GRN_regulates,1,25782156,ATMYB2,
AT2G47190,AT5G13930,GRN_regulates,1,25782156,ATMYB2,CHS
AT2G16720,AT5G13930,GRN_regulates,1,25782156,,CHS
AT4G36110,AT3G17090,GRN_represses,1,29897949,,
AT4G36110,AT4G38520,GRN_represses,1,29897949,,
AT5G50760,AT1G34370,GRN_represses,1,38161730,,
AT3G12955,AT1G34370,GRN_represses,1,38161730,,
AT2G35290,AT1G34370,GRN_represses,1,38161730,,
AT5G17220,AT2G36990,GRN_represses,1,37600200,GSTF12,
AT5G56270,AT2G38470,GRN_regulates,1,30586356,,WRKY33
AT4G26440,AT2G38470,GRN_regulates,1,30586356,,WRKY33
AT3G50630,AT3G54180,GRN_regulates,1,28943880,,CDKB1-1
AT2G23380,AT4G37930,GRN_represses,1,31245749,,SHM1
AT2G45660,AT2G23380,GRN_activates,1,31245749,SOC1,
AT2G46020,AT3G54340,GRN_represses,1,25615622,,AP3
AT5G41410,AT4G28520,GRN_regulates,1,36477345,,CRC
AT2G34710,AT3G60890,GRN_activates,1,38097643,,ZPR2
AT1G30490,AT3G60890,GRN_activates,1,38097643,,ZPR2
AT3G60890,AT1G01183,GRN_represses,1,38097643,ZPR2,
AT1G01183,AT1G73590,GRN_regulates,1,38097643,,PIN1
AT1G01183,AT1G23090,GRN_activates,1,38097643,,SULTR3;3
AT1G01183,AT1G52150,GRN_represses,1,38097643,,ATHB-15
AT3G15030,AT4G28520,GRN_activates,1,37704599,,CRC
AT3G55990,AT4G34460,GRN_represses,1,28792629,ESK1,
AT1G63020,AT1G29910,GRN_represses,1,32963291,,LHCB1.1
AT2G40030,AT1G29910,GRN_represses,1,32963291,,LHCB1.1
AT4G11130,AT1G29910,GRN_represses,1,32963291,,LHCB1.1
AT2G27040,AT1G29910,GRN_represses,1,32963291,AGO4,LHCB1.1
AT2G36490,AT1G29910,GRN_represses,1,32963291,,LHCB1.1
AT2G31400,AT1G29910,GRN_represses,1,32963291,,LHCB1.1
AT2G31400,AT2G05100,GRN_represses,1,32963291,,LHCB2.1
AT2G31400,AT3G01500,GRN_represses,1,32963291,,BCA1
AT1G20450,AT2G44940,GRN_activates,1,38279327,ERD10,
AT1G65450,AT3G03250,GRN_regulates,1,18710526,,
AT4G23130,AT1G80840,GRN_regulates,1,31328047,,WRKY40
AT4G23130,AT2G25000,GRN_regulates,1,31328047,,WRKY60
AT5G50670,AT5G04275,GRN_regulates,1,27541584,SPL13A,
AT1G68830,AT2G34430,GRN_regulates,1,37612770,,LHB1B1
AT1G65450,AT3G48360,GRN_represses,1,24950222,,BT2
AT2G28160,AT3G48360,GRN_represses,1,24950222,,BT2
AT4G37460,AT3G57260,GRN_activates,1,21079790,,BGL2
AT4G16890,AT3G07040,GRN_activates,1,21079790,SNC1,
AT4G16890,ATCG00160,GRN_activates,1,21079790,SNC1,RPS2
AT4G37460,ATMG00290,GRN_represses,1,21079790,,RPS4
AT3G04740,AT3G15540,GRN_activates,1,36063057,,IAA19
AT3G04740,AT4G32280,GRN_activates,1,36063057,,IAA29
AT2G45660,AT5G13790,GRN_regulates,1,27733858,SOC1,AGL15
AT5G10140,AT5G13790,GRN_regulates,1,27733858,,AGL15
AT2G28056,AT5G13790,GRN_regulates,1,27733858,,AGL15
AT5G59250,AT1G65450,GRN_activates,1,35238373,,
AT5G39280,AT2G36530,GRN_represses,1,32983222,EXPA23,
AT5G39300,AT2G36530,GRN_represses,1,32983222,EXPA25,
AT3G62420,AT4G34590,GRN_regulates,1,32983222,,BZIP11
AT1G35720,AT5G47910,GRN_regulates,1,33419052,ANN1,
AT5G23120,AT4G03520,GRN_activates,1,30832311,HCF136,
AT3G14210,AT4G03520,GRN_activates,1,30832311,ESM1,
AT1G64860,ATCG00560,GRN_regulates,1,26865323,SIGA,PSBL
AT1G64860,ATCG00550,GRN_regulates,1,26865323,SIGA,PSBJ
AT2G15050,AT3G23050,GRN_activates,1,27137401,,IAA7
AT5G24770,AT4G15440,GRN_activates,1,23630530,VSP2,CYP74B2
AT5G56540,AT5G13790,GRN_regulates,1,35419012,AGP14,AGL15
AT2G17950,AT5G13790,GRN_regulates,1,35419012,,AGL15
AT5G13790,AT1G75080,GRN_represses,1,35419012,AGL15,
AT1G01040,AT5G13790,GRN_regulates,1,35419012,,AGL15
AT5G13790,AT3G22886,GRN_regulates,1,35419012,AGL15,
AT1G32640,AT1G28370,GRN_regulates,1,25767476,MYC2,
AT1G32640,AT1G33760,GRN_regulates,1,25767476,MYC2,ERF022
AT1G32640,AT5G07100,GRN_regulates,1,25767476,MYC2,WRKY26
AT3G20630,AT3G24650,GRN_regulates,1,31680354,,ABI3
AT2G36640,AT3G24650,GRN_regulates,1,31680354,ECP63,ABI3
AT1G19800,AT2G18950,GRN_represses,1,24600460,,HPT1
AT4G03550,AT2G18950,GRN_activates,1,24600460,,HPT1
AT2G35410,ATCG00140,GRN_regulates,1,32192026,,ATPH
AT2G35410,ATCG00350,GRN_regulates,1,32192026,,PSAA
AT4G24770,ATCG00140,GRN_regulates,1,32192026,,ATPH
AT4G24770,ATCG00280,GRN_regulates,1,32192026,,PSBC
AT4G24770,ATCG00350,GRN_regulates,1,32192026,,PSAA
AT3G53460,ATCG00140,GRN_regulates,1,32192026,CP29,ATPH
AT3G53460,ATCG00280,GRN_regulates,1,32192026,CP29,PSBC
AT3G53460,ATCG00350,GRN_regulates,1,32192026,CP29,PSAA
AT3G52380,ATCG00140,GRN_regulates,1,32192026,,ATPH
AT3G52380,ATCG00280,GRN_regulates,1,32192026,,PSBC
AT3G52380,ATCG00350,GRN_regulates,1,32192026,,PSAA
AT3G52380,ATCG00570,GRN_regulates,1,32192026,,PSBF
AT3G52380,ATCG00490,GRN_regulates,1,32192026,,RBCL
AT2G35410,ATCG00570,GRN_regulates,1,32192026,,PSBF
AT2G35410,ATCG00490,GRN_regulates,1,32192026,,RBCL
AT1G30330,AT2G42430,GRN_regulates,1,30704405,ARF6,
AT1G30330,AT2G45420,GRN_regulates,1,30704405,ARF6,
AT5G37020,AT2G42430,GRN_regulates,1,30704405,ARF8,
AT3G58190,AT1G77690,GRN_activates,1,30704405,,LAX3
AT5G43630,AT1G04050,GRN_represses,1,29686058,TZP,
AT5G43630,AT1G17455,GRN_represses,1,29686058,TZP,
AT5G43630,AT1G30330,GRN_represses,1,29686058,TZP,ARF6
AT5G12870,AT3G08500,GRN_regulates,1,24009617,MYB46,MYB83
AT5G12870,AT4G09460,GRN_regulates,1,24009617,MYB46,
AT3G08500,AT4G09460,GRN_regulates,1,24009617,MYB83,
AT3G08500,AT5G16600,GRN_regulates,1,24009617,MYB83,MYB43
AT3G08500,AT1G17950,GRN_regulates,1,24009617,MYB83,MYB52
AT3G08500,AT1G73410,GRN_regulates,1,24009617,MYB83,
AT3G08500,AT1G62990,GRN_regulates,1,24009617,MYB83,KNAT7
AT5G12870,AT1G68880,GRN_regulates,1,24009617,MYB46,
AT5G12870,AT5G41410,GRN_regulates,1,24009617,MYB46,
AT3G08500,AT1G68880,GRN_regulates,1,24009617,MYB83,
AT3G08500,AT5G41410,GRN_regulates,1,24009617,MYB83,
AT1G15360,AT4G22680,GRN_represses,1,24009617,,MYB85
AT1G15360,AT5G16600,GRN_activates,1,24009617,,MYB43
AT5G44030,AT1G32770,GRN_regulates,1,24009617,CESA4,NAC012
AT5G17420,AT1G32770,GRN_regulates,1,24009617,CESA7,NAC012
AT5G12870,AT4G34990,GRN_activates,1,24009617,MYB46,
AT3G08500,AT4G34990,GRN_activates,1,24009617,MYB83,
AT5G12870,AT2G16720,GRN_regulates,1,24009617,MYB46,
AT3G08500,AT4G38620,GRN_regulates,1,24009617,MYB83,
AT3G08500,AT2G16720,GRN_regulates,1,24009617,MYB83,
AT4G38620,AT1G32770,GRN_represses,1,24009617,,NAC012
AT2G16720,AT1G32770,GRN_represses,1,24009617,,NAC012
AT4G00220,AT5G13180,GRN_represses,1,24009617,,NAC083
AT5G13180,AT4G00220,GRN_represses,1,24009617,NAC083,
AT5G13930,AT2G01570,GRN_represses,1,35806395,CHS,
AT5G13930,AT1G14920,GRN_represses,1,35806395,CHS,
AT5G08640,AT2G01570,GRN_represses,1,35806395,FLS1,
AT5G08640,AT1G14920,GRN_represses,1,35806395,FLS1,
AT2G01570,AT5G13930,GRN_activates,1,35806395,,CHS
AT1G14920,AT5G13930,GRN_activates,1,35806395,,CHS
AT2G01570,AT5G08640,GRN_activates,1,35806395,,FLS1
AT1G14920,AT5G08640,GRN_activates,1,35806395,,FLS1
AT5G63580,AT5G66850,GRN_activates,1,33154763,FLS2,
AT4G17750,AT3G12580,GRN_regulates,1,34973146,,MED37C
AT4G17750,AT1G01470,GRN_regulates,1,34973146,,LEA14
AT4G17750,AT5G52310,GRN_regulates,1,34973146,,RD29A
AT3G22830,AT5G05410,GRN_activates,1,34973146,,DREB2A
AT2G20180,AT3G16150,GRN_regulates,1,27507985,,
AT4G02780,AT4G14960,GRN_represses,1,32354334,,TUBA6
AT1G13980,AT2G41660,GRN_represses,1,31797131,GN,
AT2G46830,AT2G45660,GRN_represses,1,27207270,CCA1,SOC1
AT5G25620,AT1G73590,GRN_activates,1,27242830,,PIN1
AT1G64360,AT3G30720,GRN_activates,1,27462324,,QQS
AT1G64360,AT1G07890,GRN_activates,1,27462324,,APX1
AT1G22900,AT1G64360,GRN_represses,1,27462324,,
AT1G07180,AT3G22370,GRN_activates,1,31234590,,AOX1A
AT3G44340,AT2G05620,GRN_activates,1,31234590,,PGR5
AT1G64860,ATCG00190,GRN_regulates,1,31639823,SIGA,
AT5G51060,AT3G25250,GRN_activates,1,32872315,,OXI1
AT3G25250,AT1G01480,GRN_activates,1,32872315,OXI1,
AT3G25250,AT4G11280,GRN_activates,1,32872315,OXI1,
AT2G17430,AT4G16890,GRN_activates,1,37427787,,SNC1
AT2G24210,AT2G39940,GRN_represses,1,23799112,TPS10,
AT1G14790,AT2G14610,GRN_regulates,1,23799112,,PR1
AT2G17950,AT1G69120,GRN_represses,1,33659013,,AP1
AT3G62980,AT1G73590,GRN_regulates,1,23737757,,PIN1
AT1G09570,AT3G26520,GRN_regulates,1,27135499,,TIP1-2
AT2G14610,AT4G01900,GRN_activates,1,37507861,PR1,
AT4G01900,AT2G14610,GRN_activates,1,37507861,,PR1
AT4G01900,AT1G75040,GRN_activates,1,37507861,,PR5
AT1G49910,AT2G44950,GRN_represses,1,25629686,,HUB1
AT1G12010,AT2G23380,GRN_represses,1,26734046,,
AT1G12010,AT4G36810,GRN_represses,1,26734046,,
AT1G12010,AT2G30950,GRN_represses,1,26734046,,VAR2
AT3G22370,AT1G02410,GRN_regulates,1,26734017,AOX1A,
AT1G02410,AT3G22370,GRN_activates,1,26734017,,AOX1A
AT1G02410,AT3G46900,GRN_activates,1,26734017,,COPT2
AT1G02410,AT1G08830,GRN_activates,1,26734017,,CSD1
AT4G14550,AT5G20730,GRN_represses,1,22527388,,NPH4
AT1G04240,AT4G26466,GRN_represses,1,22527388,SHY2,
AT3G23430,AT5G23630,GRN_activates,1,25697796,PHO1,
AT5G60410,AT5G20150,GRN_regulates,1,25697796,,SPX1
AT3G21720,ATCG00020,GRN_activates,1,33093843,ICL,PSBA
AT3G21720,AT1G03600,GRN_activates,1,33093843,ICL,PSB27-1
AT3G21720,AT4G28660,GRN_activates,1,33093843,ICL,PSB28
AT3G21720,AT1G08380,GRN_activates,1,33093843,ICL,PSAO
AT3G21720,AT4G03280,GRN_activates,1,33093843,ICL,PETC
AT1G54780,AT3G21720,GRN_activates,1,33093843,TLP18.3,ICL
AT3G49230,AT3G21720,GRN_activates,1,33093843,,ICL
AT2G35410,ATCG00020,GRN_regulates,1,36683405,,PSBA
AT4G03190,AT1G52830,GRN_activates,1,36711737,,IAA6
AT3G57260,AT2G26170,GRN_activates,1,29615990,BGL2,
AT3G12500,AT2G26170,GRN_activates,1,29615990,CHI-B,
AT2G30250,AT2G26170,GRN_activates,1,29615990,WRKY25,
AT2G38470,AT2G26170,GRN_activates,1,29615990,WRKY33,
AT5G20730,AT1G27740,GRN_activates,1,30154812,NPH4,
AT5G37020,AT1G27740,GRN_activates,1,30154812,ARF8,
AT1G19850,AT4G33880,GRN_activates,1,30154812,ARF5,
AT5G20730,AT4G33880,GRN_activates,1,30154812,NPH4,
AT5G37020,AT4G33880,GRN_activates,1,30154812,ARF8,
AT5G13630,AT5G14740,GRN_represses,1,21562844,CHLH,
AT2G28160,AT3G46900,GRN_activates,1,35173758,,COPT2
AT1G07890,AT2G05620,GRN_activates,1,31354779,APX1,PGR5
AT4G35090,AT2G05620,GRN_activates,1,31354779,,PGR5
AT4G25100,AT2G05620,GRN_activates,1,31354779,,PGR5
AT1G74770,AT3G21240,GRN_regulates,1,31413196,,4CL2
AT1G18910,AT3G21240,GRN_regulates,1,31413196,,4CL2
AT1G74770,AT3G13610,GRN_regulates,1,31413196,,F6'H1
AT1G18910,AT3G13610,GRN_regulates,1,31413196,,F6'H1
AT1G74770,AT3G53480,GRN_regulates,1,31413196,,ABCG37
AT1G18910,AT3G53480,GRN_regulates,1,31413196,,ABCG37
AT5G25620,AT3G26060,GRN_activates,1,36237515,,ATPRX Q
AT5G01530,AT3G08940,GRN_regulates,1,34618099,LHCB4.1,LHCB4.2
AT5G16820,AT3G55980,GRN_regulates,1,29697803,,SZF1
AT5G16820,AT2G46270,GRN_regulates,1,29697803,,GBF3
AT5G16820,AT2G44840,GRN_regulates,1,29697803,,ERF13
AT5G16820,AT3G15510,GRN_regulates,1,29697803,,NAC056
AT5G16820,AT5G13180,GRN_regulates,1,29697803,,NAC083
AT5G16820,AT3G10520,GRN_regulates,1,29697803,,AHB2
AT5G16820,AT5G15310,GRN_regulates,1,29697803,,ATMYB16
AT4G36990,AT3G16050,GRN_regulates,1,31684863,HSFB1,
AT1G17170,AT2G44990,GRN_represses,1,26889205,GSTU24,
AT1G17170,AT5G15580,GRN_represses,1,26889205,GSTU24,LNG1
AT1G17170,AT1G10760,GRN_represses,1,26889205,GSTU24,
AT1G17020,AT4G03550,GRN_activates,1,20367466,SRG1,
AT4G03550,AT2G14610,GRN_activates,1,20367466,,PR1
AT3G05120,AT3G63010,GRN_regulates,1,31245748,,GID1B
AT1G02065,AT5G64390,GRN_activates,1,30728422,SPL8,
AT2G45650,AT5G65070,GRN_represses,1,30728422,AGL6,
AT1G25560,AT5G64390,GRN_represses,1,30728422,TEM1,
ATMG00510,AT3G22370,GRN_activates,1,36703221,,AOX1A
AT5G25620,AT3G55560,GRN_activates,1,36345646,,AHL15
AT5G05690,AT4G14455,GRN_represses,1,28510978,CYP90A1,
AT4G17740,AT2G27820,GRN_activates,1,33610179,CTPA2,
AT1G21970,AT4G32540,GRN_activates,1,34865162,NFYB9,
AT1G21970,AT5G11320,GRN_activates,1,34865162,NFYB9,
AT1G21970,AT4G28720,GRN_activates,1,34865162,NFYB9,
AT1G32640,AT4G37580,GRN_represses,1,37467431,MYC2,
AT3G14370,AT1G32640,GRN_regulates,1,37467431,,MYC2
AT1G32640,AT1G75080,GRN_represses,1,37467431,MYC2,
AT1G19350,AT1G32640,GRN_represses,1,37467431,,MYC2
AT5G39860,AT1G58360,GRN_represses,1,29312416,PRE1,
AT1G30330,AT2G28380,GRN_activates,1,33435199,ARF6,
AT1G30330,AT3G62800,GRN_activates,1,33435199,ARF6,
AT5G37020,AT1G09700,GRN_activates,1,33435199,ARF8,
AT5G37020,AT2G28380,GRN_represses,1,33435199,ARF8,
AT5G37020,AT3G62800,GRN_represses,1,33435199,ARF8,
AT5G27200,AT1G21970,GRN_regulates,1,29483939,ACP5,NFYB9
AT5G49190,AT1G21970,GRN_regulates,1,29483939,,NFYB9
AT3G12203,AT1G21970,GRN_regulates,1,29483939,SCPL17,NFYB9
AT3G20630,AT1G21970,GRN_regulates,1,29483939,,NFYB9
AT4G34520,AT1G21970,GRN_regulates,1,29483939,FAE1,NFYB9
AT1G21970,AT5G49190,GRN_activates,1,29483939,NFYB9,
AT1G21970,AT5G15530,GRN_activates,1,29483939,NFYB9,BCCP2
AT1G21970,AT1G36160,GRN_activates,1,29483939,NFYB9,
AT5G52560,AT5G05410,GRN_activates,1,29186920,,DREB2A
AT3G30720,AT5G63110,GRN_activates,1,29466369,QQS,HDA6
AT5G13170,AT5G63110,GRN_represses,1,29466369,SWEET15,HDA6
AT3G30770,AT5G63110,GRN_activates,1,29466369,,HDA6
AT3G44070,AT5G63110,GRN_activates,1,29466369,,HDA6
AT5G01080,AT5G63110,GRN_activates,1,29466369,,HDA6
AT5G15360,AT5G63110,GRN_activates,1,29466369,,HDA6
AT5G24240,AT5G63110,GRN_activates,1,29466369,PI4KG3,HDA6
AT5G26270,AT5G63110,GRN_activates,1,29466369,,HDA6
AT5G35375,AT5G63110,GRN_activates,1,29466369,,HDA6
AT5G45570,AT5G63110,GRN_activates,1,29466369,,HDA6
AT3G50770,AT5G49160,GRN_activates,1,29466369,CML41,
AT5G13220,AT2G18790,GRN_represses,1,34276733,JAZ10,
AT2G18790,AT5G07010,GRN_activates,1,34276733,,SOT15
AT3G25250,AT1G12050,GRN_activates,1,32792583,OXI1,
AT2G01430,AT1G31330,GRN_represses,1,28358040,,PSAF
AT2G01430,AT1G52230,GRN_represses,1,28358040,,PSAH2
AT2G01430,AT4G02770,GRN_represses,1,28358040,,PSAD1
AT2G01430,AT1G55670,GRN_represses,1,28358040,,PSAG
AT2G17500,AT1G34370,GRN_regulates,1,38000714,PILS5,
AT5G25460,AT1G34370,GRN_regulates,1,38000714,,
AT5G49160,AT3G30720,GRN_regulates,1,23593031,,QQS
AT5G42800,AT4G34990,GRN_regulates,1,17419845,DFRA,
AT4G26080,AT2G14610,GRN_activates,1,32899695,,PR1
AT1G21750,AT1G47128,GRN_represses,1,22396764,,RD21A
AT1G47128,AT1G14750,GRN_activates,1,22396764,RD21A,
AT4G02780,AT2G45660,GRN_activates,1,23175671,,SOC1
AT1G25540,AT3G44680,GRN_represses,1,36537119,,HDA9
AT3G15540,AT1G04250,GRN_represses,1,36617439,IAA19,IAA17
AT4G32280,AT1G04250,GRN_represses,1,36617439,IAA29,IAA17
AT5G61270,AT5G28640,GRN_represses,1,36617439,,GIF1
AT5G13790,AT2G21060,GRN_activates,1,21282328,AGL15,
AT5G13790,AT4G38680,GRN_activates,1,21282328,AGL15,
AT2G21060,AT5G60910,GRN_activates,1,21282328,,AGL8
AT2G21060,AT2G42830,GRN_activates,1,21282328,,SHP2
AT3G54610,AT1G02205,GRN_regulates,1,29506042,HAG1,CER1
AT3G28910,AT1G01120,GRN_regulates,1,29506042,,KCS1
AT3G54610,AT5G37300,GRN_regulates,1,29506042,HAG1,WSD1
AT1G02190,AT3G54610,GRN_regulates,1,29506042,,HAG1
AT4G13840,AT3G54610,GRN_regulates,1,29506042,CER26,HAG1
AT4G33790,AT3G54610,GRN_regulates,1,29506042,FAR3,HAG1
AT5G57800,AT5G62470,GRN_activates,1,29506042,CER3,MYB96
AT5G57800,AT3G28910,GRN_activates,1,29506042,CER3,
AT5G62470,AT3G54610,GRN_activates,1,29506042,MYB96,HAG1
AT5G05410,AT4G33720,GRN_regulates,1,28443120,DREB2A,
AT5G14740,AT5G23060,GRN_regulates,1,31417591,,CAS
AT2G37170,AT3G53420,GRN_activates,1,33928350,PIP2B,
AT2G37170,AT5G60660,GRN_activates,1,33928350,PIP2B,PIP2-4
AT2G37170,AT4G23400,GRN_activates,1,33928350,PIP2B,PIP1-5
AT2G37170,AT2G16850,GRN_activates,1,33928350,PIP2B,PIP2-8
AT2G37170,AT2G37180,GRN_represses,1,33928350,PIP2B,PIP2-3
AT5G60660,AT3G53420,GRN_activates,1,33928350,PIP2-4,
AT5G60660,AT1G01620,GRN_activates,1,33928350,PIP2-4,PIP1-3
AT5G60660,AT4G23400,GRN_activates,1,33928350,PIP2-4,PIP1-5
AT5G60660,AT2G37170,GRN_activates,1,33928350,PIP2-4,PIP2B
AT2G30950,AT2G28190,GRN_activates,1,20400527,VAR2,
AT2G30950,AT4G08390,GRN_activates,1,20400527,VAR2,
AT2G30950,AT1G08830,GRN_activates,1,20400527,VAR2,CSD1
AT2G30950,AT1G12520,GRN_activates,1,20400527,VAR2,
AT3G45140,AT5G23820,GRN_activates,1,23314818,LOX2,ML3
AT5G24770,AT2G39940,GRN_represses,1,23314818,VSP2,
AT5G23820,AT3G45140,GRN_activates,1,23314818,ML3,LOX2
AT5G13630,AT3G27690,GRN_regulates,1,26809558,CHLH,LHCB2.4
AT3G20810,AT2G46790,GRN_represses,1,30774641,JMJ30,
AT5G11260,AT4G22880,GRN_activates,1,29104579,,LDOX
AT2G01570,AT5G51810,GRN_activates,1,21904598,,GA20OX2
AT2G01570,AT3G63010,GRN_activates,1,21904598,,GID1B
AT1G14920,AT1G66350,GRN_represses,1,21904598,,RGL1
AT1G14920,AT5G55250,GRN_regulates,1,21904598,,IAMT1
AT1G14920,AT3G15540,GRN_regulates,1,21904598,,IAA19
AT1G14920,AT4G32280,GRN_regulates,1,21904598,,IAA29
AT3G15660,AT2G43360,GRN_regulates,1,33856472,,BIO2
AT5G06140,AT1G73590,GRN_regulates,1,31745997,,PIN1
AT3G25250,AT1G22920,GRN_regulates,1,23335938,OXI1,
AT3G25250,AT5G04510,GRN_regulates,1,23335938,OXI1,
AT4G35450,AT5G05000,GRN_regulates,1,25566294,AKR2,
AT5G19540,AT3G56940,GRN_represses,1,29312395,,CRD1
AT5G19540,AT5G13630,GRN_represses,1,29312395,,CHLH
AT5G19540,AT4G27440,GRN_represses,1,29312395,,PORB
AT5G19540,AT3G59400,GRN_represses,1,29312395,,GUN4
AT5G19540,AT2G47450,GRN_represses,1,29312395,,CAO
AT1G62910,ATMG01360,GRN_activates,1,24634672,,COX1
AT4G37930,AT1G23380,GRN_activates,1,26150008,SHM1,
AT4G37930,AT1G65620,GRN_represses,1,26150008,SHM1,
AT5G24270,AT4G10310,GRN_represses,1,29116128,,HKT1
AT5G26030,AT2G38470,GRN_regulates,1,29116128,,WRKY33
AT1G77680,AT2G17510,GRN_regulates,1,24244451,SOV,
AT1G77680,AT5G11090,GRN_regulates,1,24244451,SOV,
AT2G17510,AT1G03360,GRN_regulates,1,24244451,,RRP4
AT3G50060,AT3G15540,GRN_activates,1,36362171,,IAA19
AT3G50060,AT4G14560,GRN_activates,1,36362171,,IAA1
AT5G51810,AT2G25930,GRN_activates,1,30477118,GA20OX2,
AT4G39370,AT2G14120,GRN_represses,1,29039787,,DRP3B
AT5G13790,AT3G58780,GRN_represses,1,33924312,AGL15,
AT4G09820,AT5G51780,GRN_regulates,1,24354533,TT8,
AT5G41315,AT4G09820,GRN_regulates,1,24354533,,TT8
AT5G18830,AT2G26975,GRN_regulates,1,30769909,,COPT6
AT1G68050,AT3G45780,GRN_regulates,1,36771626,ADO3,
AT3G19860,AT1G56430,GRN_activates,1,34768874,,NAS4
AT1G19850,AT1G19350,GRN_activates,1,31508562,ARF5,
AT1G19850,AT1G78700,GRN_activates,1,31508562,ARF5,
AT4G39400,AT1G19850,GRN_regulates,1,31508562,,ARF5
AT4G30290,AT1G19850,GRN_regulates,1,31508562,XTH19,ARF5
AT1G52830,AT1G19850,GRN_regulates,1,31508562,IAA6,ARF5
AT5G15580,AT1G19850,GRN_regulates,1,31508562,LNG1,ARF5
AT5G61270,AT1G19850,GRN_regulates,1,31508562,,ARF5
AT1G74160,AT1G65310,GRN_activates,1,31508562,,ATXTH17
AT1G18620,AT4G30270,GRN_activates,1,31508562,,XTH24
AT1G19350,AT5G15580,GRN_regulates,1,31508562,,LNG1
AT1G19350,AT3G02170,GRN_regulates,1,31508562,,LNG2
AT1G75080,AT5G15580,GRN_regulates,1,31508562,,LNG1
AT1G75080,AT3G02170,GRN_regulates,1,31508562,,LNG2
AT4G35420,AT4G37930,GRN_regulates,1,25518926,TKPR1,SHM1
AT3G28455,AT3G14440,GRN_regulates,1,34201150,,NCED3
AT2G02010,AT5G17330,GRN_activates,1,26734035,,GAD1
AT4G29720,AT3G10520,GRN_represses,1,36771539,,AHB2
AT2G16060,AT1G10470,GRN_represses,1,36771539,AHB1,
AT3G26790,AT3G11050,GRN_regulates,1,35599858,,FER2
AT1G28300,AT3G11050,GRN_regulates,1,35599858,,FER2
AT3G33520,AT4G18170,GRN_activates,1,31533258,,WRKY28
AT4G00900,AT2G45220,GRN_activates,1,34804086,,PME17
AT4G00900,AT4G02330,GRN_activates,1,34804086,,PME41
AT1G49430,AT2G45220,GRN_activates,1,34804086,LACS2,PME17
AT1G49430,AT4G02330,GRN_activates,1,34804086,LACS2,PME41
AT1G02205,AT2G45220,GRN_represses,1,34804086,CER1,PME17
AT1G02205,AT4G02330,GRN_represses,1,34804086,CER1,PME41
AT5G57800,AT2G45220,GRN_represses,1,34804086,CER3,PME17
AT5G57800,AT4G02330,GRN_represses,1,34804086,CER3,PME41
AT4G10050,AT4G02330,GRN_activates,1,34804086,,PME41
AT4G10050,AT2G45220,GRN_activates,1,34804086,,PME17
AT1G80440,AT5G03280,GRN_activates,1,35658031,,
AT5G05410,AT1G06770,GRN_regulates,1,24376497,DREB2A,DRIP1
AT5G05410,AT2G30580,GRN_regulates,1,24376497,DREB2A,
AT5G05410,AT1G52690,GRN_activates,1,24376497,DREB2A,
AT1G03310,AT4G16130,GRN_regulates,1,27166931,ISA2,
AT5G23260,AT5G60910,GRN_represses,1,27776173,,AGL8
AT5G35210,AT5G40760,GRN_activates,1,38202338,,G6PD6
AT1G07890,AT3G45640,GRN_represses,1,33806011,APX1,
AT1G02930,AT3G45640,GRN_represses,1,33806011,GSTF6,
AT3G14440,AT3G25800,GRN_represses,1,31603283,NCED3,
AT3G14440,AT3G23150,GRN_represses,1,31603283,NCED3,
AT3G14440,AT2G14610,GRN_activates,1,31603283,NCED3,PR1
AT3G24650,AT5G10140,GRN_represses,1,36722843,ABI3,
AT4G32880,AT1G73590,GRN_activates,1,25125883,,PIN1
AT5G60450,AT1G73590,GRN_regulates,1,34901702,,PIN1
AT5G60450,AT1G70940,GRN_regulates,1,34901702,,PIN3
AT1G04550,AT1G73590,GRN_regulates,1,34901702,,PIN1
AT1G04550,AT1G70940,GRN_regulates,1,34901702,,PIN3
AT1G51950,AT1G73590,GRN_regulates,1,34901702,,PIN1
AT1G51950,AT1G70940,GRN_regulates,1,34901702,,PIN3
AT5G43700,AT1G73590,GRN_regulates,1,34901702,IAA4,PIN1
AT2G28350,AT2G01420,GRN_regulates,1,34901702,,PIN4
AT2G01200,AT2G01420,GRN_regulates,1,34901702,,PIN4
AT1G04250,AT1G73590,GRN_regulates,1,34901702,IAA17,PIN1
AT1G04250,AT1G23080,GRN_regulates,1,34901702,IAA17,
AT1G52240,AT2G01420,GRN_represses,1,34901702,ROPGEF11,PIN4
AT5G24110,AT2G40750,GRN_regulates,1,22268143,,WRKY54
AT5G24110,AT3G56400,GRN_regulates,1,22268143,,WRKY70
AT5G24110,AT4G23810,GRN_regulates,1,22268143,,WRKY53
AT4G23810,AT2G40750,GRN_regulates,1,22268143,WRKY53,WRKY54
AT3G45860,AT5G51830,GRN_regulates,1,26029224,CRK4,
AT4G23140,AT5G51830,GRN_regulates,1,26029224,CRK6,
AT4G04490,AT5G51830,GRN_regulates,1,26029224,CRK36,
AT1G62830,AT2G38470,GRN_regulates,1,34194459,,WRKY33
AT1G62830,AT1G80840,GRN_regulates,1,34194459,,WRKY40
AT1G62830,AT4G23810,GRN_regulates,1,34194459,,WRKY53
AT3G13682,AT2G38470,GRN_regulates,1,34194459,,WRKY33
AT3G13682,AT1G80840,GRN_regulates,1,34194459,,WRKY40
AT3G13682,AT4G23810,GRN_regulates,1,34194459,,WRKY53
AT1G66740,AT2G34208,GRN_activates,1,36583055,ASF1A,
AT1G66740,AT3G23430,GRN_activates,1,36583055,ASF1A,PHO1
AT1G66740,AT1G76430,GRN_activates,1,36583055,ASF1A,
AT1G66740,AT2G28160,GRN_represses,1,36583055,ASF1A,
AT1G66740,AT1G01580,GRN_represses,1,36583055,ASF1A,
AT1G66740,AT4G19690,GRN_represses,1,36583055,ASF1A,
AT5G19650,AT2G26250,GRN_activates,1,29691677,,FDH
AT5G19650,AT5G59310,GRN_activates,1,29691677,,LTP4
AT5G19650,AT4G33790,GRN_activates,1,29691677,,FAR3
AT5G19650,AT1G77120,GRN_activates,1,29691677,,ADH1
AT5G19650,AT4G24510,GRN_represses,1,29691677,,CER2
AT5G19650,AT1G06360,GRN_represses,1,29691677,,
AT4G32280,AT2G43010,GRN_regulates,1,25600594,IAA29,
AT1G64280,AT2G36270,GRN_regulates,1,35336696,,ABI5
AT1G64280,AT5G52300,GRN_regulates,1,35336696,,LTI65
AT5G67320,AT2G14610,GRN_represses,1,35336696,,PR1
AT2G25000,AT1G64280,GRN_activates,1,35336696,WRKY60,
AT4G36180,AT4G25810,GRN_represses,1,32278327,,XTH23
AT4G36180,AT4G01630,GRN_represses,1,32278327,,
AT4G36180,AT2G41850,GRN_represses,1,32278327,,
AT2G27040,AT3G17310,GRN_regulates,1,25316414,AGO4,
AT4G37295,AT1G18570,GRN_activates,1,26062745,,MYB51
AT4G37295,AT2G38470,GRN_activates,1,26062745,,WRKY33
AT3G63010,AT5G25900,GRN_represses,1,22291129,GID1B,
AT5G25900,AT1G66350,GRN_activates,1,22291129,,RGL1
AT5G25900,AT5G27420,GRN_activates,1,22291129,,ATL31
AT5G25900,AT5G26920,GRN_activates,1,22291129,,CBP60G
AT5G25900,AT1G73805,GRN_activates,1,22291129,,SARD1
AT5G05690,AT3G30180,GRN_activates,1,33764637,CYP90A1,
AT4G39260,AT1G21270,GRN_activates,1,36897948,,WAK2
AT1G69310,AT1G08830,GRN_activates,1,26904091,,CSD1
AT4G36990,AT4G30870,GRN_activates,1,33711924,HSFB1,
AT1G48410,AT2G27880,GRN_regulates,1,23233858,,AGO5
AT1G31280,AT2G27880,GRN_regulates,1,23233858,,AGO5
AT3G15380,AT5G36880,GRN_regulates,1,31156671,,ACS
AT3G23240,AT3G51770,GRN_activates,1,31156671,,ETO1
AT1G25560,AT3G51770,GRN_activates,1,31156671,TEM1,ETO1
AT5G30510,AT3G28460,GRN_regulates,1,35548310,RPS1,
AT2G33800,AT3G28460,GRN_regulates,1,35548310,RPS5,
AT1G07320,AT3G28460,GRN_regulates,1,35548310,RPL4,
AT5G13930,AT5G12980,GRN_activates,1,33783355,CHS,
AT1G06770,AT4G27330,GRN_regulates,1,34618024,DRIP1,
AT5G54610,AT3G57050,GRN_regulates,1,34601582,BAD1,
AT1G80160,AT3G49600,GRN_activates,1,29387079,,
AT4G35250,ATCG00020,GRN_activates,1,33557293,,PSBA
AT1G77510,ATCG00020,GRN_represses,1,33557293,,PSBA
AT3G59060,AT3G45780,GRN_regulates,1,36552745,PIF5,
AT3G56400,AT2G28610,GRN_activates,1,25627252,WRKY70,
AT4G34730,AT1G26380,GRN_regulates,1,23733054,,FOX1
AT3G02450,AT5G05410,GRN_activates,1,34249066,,DREB2A
AT3G02450,AT5G52310,GRN_activates,1,34249066,,RD29A
AT3G02450,AT5G25610,GRN_activates,1,34249066,,RD22
AT3G02450,AT3G14440,GRN_activates,1,34249066,,NCED3
AT3G02450,AT4G15910,GRN_activates,1,34249066,,ATDI21
AT3G02450,AT1G20440,GRN_activates,1,34249066,,COR47
AT5G62230,AT1G80080,GRN_represses,1,27446127,ERL1,
AT5G49700,AT3G62680,GRN_activates,1,37577137,,PRP3
AT1G14490,AT3G62680,GRN_activates,1,37577137,,PRP3
AT5G19040,AT3G54610,GRN_represses,1,35631760,,HAG1
AT3G23630,AT3G54610,GRN_represses,1,35631760,,HAG1
AT5G38450,AT3G54610,GRN_activates,1,35631760,,HAG1
AT1G67110,AT3G54610,GRN_activates,1,35631760,,HAG1
AT3G54610,AT5G19040,GRN_activates,1,35631760,HAG1,
AT3G54610,AT3G23630,GRN_activates,1,35631760,HAG1,
AT3G54610,AT5G11950,GRN_activates,1,35631760,HAG1,
AT3G54610,AT4G29740,GRN_regulates,1,35631760,HAG1,
AT1G04220,AT5G18560,GRN_regulates,1,34691131,KCS2,
AT1G01120,AT5G18560,GRN_activates,1,34691131,KCS1,
AT3G57680,AT4G17740,GRN_activates,1,34002114,,CTPA2
AT5G46390,AT4G17740,GRN_activates,1,34002114,,CTPA2
AT5G20740,AT1G53830,GRN_represses,1,36147700,,
AT5G20740,AT3G14310,GRN_represses,1,36147700,,PME3
AT3G01090,AT1G77760,GRN_regulates,1,34740825,,NIA1
AT3G01090,AT1G37130,GRN_regulates,1,34740825,,NIA2
AT3G01090,AT1G78020,GRN_activates,1,34740825,,FLZ6
AT2G33810,AT5G67320,GRN_represses,1,29774040,SPL3,
AT5G08640,AT2G19880,GRN_regulates,1,32079157,FLS1,
AT5G13930,AT2G19880,GRN_regulates,1,32079157,CHS,
AT5G50800,AT5G43610,GRN_activates,1,28831155,SWEET13,
AT5G28770,AT5G18670,GRN_regulates,1,34053087,BZIP63,
AT1G10760,AT5G28770,GRN_regulates,1,34053087,,BZIP63
AT5G28770,AT4G14130,GRN_regulates,1,34053087,BZIP63,XTH15
AT1G76650,AT1G02900,GRN_represses,1,34608971,,RALF1
AT3G53480,AT2G43330,GRN_activates,1,30505313,ABCG37,INT1
AT3G09920,AT2G43330,GRN_activates,1,30505313,PIP5K9,INT1
AT3G02870,AT2G43330,GRN_activates,1,30505313,,INT1
AT1G31190,AT2G43330,GRN_activates,1,30505313,,INT1
AT5G63980,AT2G43330,GRN_activates,1,30505313,,INT1
AT3G24420,AT3G03990,GRN_activates,1,28970845,,
AT3G24420,AT2G42620,GRN_regulates,1,28970845,,
AT4G37470,AT3G24420,GRN_regulates,1,28970845,,
AT1G64620,AT5G60490,GRN_regulates,1,38034570,,FLA12
AT5G45890,AT3G47960,GRN_activates,1,25648767,SAG12,
AT1G66430,AT4G27330,GRN_regulates,1,29093731,,
AT1G12640,AT1G31812,GRN_activates,1,31844833,LPLAT1,
AT2G14610,AT2G42620,GRN_activates,1,25849639,PR1,
AT4G12480,AT2G21150,GRN_activates,1,34659282,EARLI1,
AT5G63580,AT2G21150,GRN_activates,1,34659282,FLS2,
AT1G74430,AT2G21150,GRN_activates,1,34659282,MYB95,
AT3G26830,AT2G21150,GRN_activates,1,34659282,CYP71B15,
AT3G56400,AT2G21150,GRN_activates,1,34659282,WRKY70,
AT3G26830,AT4G13770,GRN_represses,1,26973671,CYP71B15,CYP83A1
AT3G01090,AT2G19800,GRN_activates,1,22639659,,MIOX2
AT5G02310,AT4G27450,GRN_activates,1,25728785,,
AT5G02310,AT2G16060,GRN_activates,1,25728785,,AHB1
AT5G02310,AT3G03270,GRN_activates,1,25728785,,
AT5G02310,AT5G15120,GRN_activates,1,25728785,,PCO1
AT5G02310,AT3G11930,GRN_activates,1,25728785,,
AT5G46845,AT3G24650,GRN_regulates,1,29046688,,ABI3
AT4G22200,AT5G37500,GRN_represses,1,29561764,AKT2,GORK
AT3G16770,AT4G24020,GRN_regulates,1,34618055,RAP2-3,
AT2G17950,AT3G63500,GRN_regulates,1,27196372,,OBE4
AT2G30490,AT4G36220,GRN_regulates,1,21126354,,CYP84A1
AT4G27410,AT2G29350,GRN_regulates,1,31940839,RD26,SAG13
AT1G74710,AT4G25470,GRN_activates,1,35960653,,DREB1C
AT1G74710,AT3G45970,GRN_activates,1,35960653,,EXLA1
AT1G74710,AT2G35290,GRN_activates,1,35960653,,
AT1G74710,AT3G14440,GRN_activates,1,35960653,,NCED3
AT5G64220,AT3G45970,GRN_activates,1,35960653,,EXLA1
AT5G64220,AT2G35290,GRN_activates,1,35960653,,
AT5G64220,AT3G14440,GRN_activates,1,35960653,,NCED3
AT4G16150,AT2G35290,GRN_activates,1,35960653,,
AT4G19410,AT4G39640,GRN_represses,1,25852701,,GGT1
AT4G24780,AT4G39640,GRN_represses,1,25852701,,GGT1
AT5G20950,AT4G39640,GRN_represses,1,25852701,,GGT1
AT2G43570,AT4G39640,GRN_represses,1,25852701,CHI,GGT1
AT4G39640,AT3G49120,GRN_regulates,1,25852701,GGT1,PER34
AT4G39640,AT5G20630,GRN_regulates,1,25852701,GGT1,GER3
AT4G39640,AT1G02335,GRN_regulates,1,25852701,GGT1,GL22
AT5G14740,AT3G52430,GRN_activates,1,33897727,,PAD4
AT1G80840,AT4G26080,GRN_regulates,1,26293691,WRKY40,
AT1G80840,AT5G57050,GRN_regulates,1,26293691,WRKY40,
AT3G26090,AT5G45900,GRN_activates,1,28747924,,ATG7
AT2G14610,AT1G75080,GRN_activates,1,29468687,PR1,
AT1G75080,AT1G73590,GRN_represses,1,29468687,,PIN1
AT1G24400,AT5G40780,GRN_represses,1,31572413,,LHT1
AT1G56010,AT5G50260,GRN_activates,1,35605192,,CEP1
AT3G25760,AT2G39940,GRN_activates,1,35605192,AOC1,
AT3G01840,AT3G26830,GRN_regulates,1,34558681,,CYP71B15
AT4G37470,AT2G41100,GRN_regulates,1,30659713,,CML12
AT2G22670,AT1G13260,GRN_represses,1,32153614,IAA8,RAV1
AT4G20380,AT2G14610,GRN_represses,1,31426325,,PR1
AT5G14740,AT2G15970,GRN_regulates,1,26317213,,COR413PM1
AT5G43940,AT5G50200,GRN_regulates,1,22371078,,NRT3.1
AT5G43940,AT2G14610,GRN_activates,1,22371078,,PR1
AT2G46830,AT1G68120,GRN_represses,1,35693178,CCA1,
AT2G21240,AT1G11190,GRN_represses,1,35693178,,ENDO1
AT5G64570,AT1G19250,GRN_regulates,1,36816482,BXL4,
AT1G32640,AT1G51760,GRN_regulates,1,26672615,MYC2,
AT1G32640,AT1G44350,GRN_regulates,1,26672615,MYC2,ILL6
AT1G32640,AT3G02875,GRN_regulates,1,26672615,MYC2,
AT5G46760,AT1G44350,GRN_regulates,1,26672615,,ILL6
AT1G15580,AT1G44350,GRN_activates,1,26672615,,ILL6
AT1G44350,AT1G51760,GRN_represses,1,26672615,ILL6,
AT1G44350,AT3G02875,GRN_represses,1,26672615,ILL6,
AT1G73590,AT1G13980,GRN_regulates,1,24740985,PIN1,GN
AT1G69960,AT3G57260,GRN_regulates,1,26950157,,BGL2
AT1G69960,AT1G75040,GRN_regulates,1,26950157,,PR5
AT3G22370,AT1G32870,GRN_regulates,1,26950157,AOX1A,ANAC13
AT3G23630,AT4G37930,GRN_activates,1,35163246,,SHM1
AT5G21150,AT1G80680,GRN_regulates,1,36993852,AGO9,
AT5G10470,AT1G64500,GRN_regulates,1,35477788,,
AT3G02570,AT1G64500,GRN_regulates,1,35477788,,
AT1G35730,AT5G63110,GRN_regulates,1,27729060,,HDA6
AT5G34850,AT2G01890,GRN_activates,1,33101335,,PAP8
AT3G17790,AT2G01890,GRN_activates,1,33101335,PAP17,PAP8
AT5G44200,AT3G23125,GRN_regulates,1,19864257,CBP20,
AT5G44200,AT5G58465,GRN_regulates,1,19864257,CBP20,
AT1G32230,AT3G22370,GRN_activates,1,21172813,,AOX1A
AT1G75040,AT5G51830,GRN_regulates,1,23527067,PR5,
AT1G07890,AT5G51830,GRN_regulates,1,23527067,APX1,
AT3G57260,AT5G51830,GRN_regulates,1,23527067,BGL2,
AT1G48000,AT4G32770,GRN_activates,1,28848594,MYB112,
AT5G04340,AT1G64970,GRN_activates,1,28848594,ZAT6,VTE4
AT5G03280,AT1G64970,GRN_activates,1,28848594,,VTE4
AT3G20770,AT1G64970,GRN_activates,1,28848594,,VTE4
AT5G03730,AT1G64970,GRN_activates,1,28848594,,VTE4
AT1G73730,AT1G64970,GRN_represses,1,28848594,,VTE4
AT2G40080,AT5G39610,GRN_represses,1,33329652,,NAC92
AT1G65450,AT3G47340,GRN_represses,1,32508856,,ASN1
AT2G43010,AT5G45890,GRN_regulates,1,32508856,,SAG12
AT3G59060,AT5G45890,GRN_regulates,1,32508856,PIF5,SAG12
AT3G59060,AT4G32810,GRN_regulates,1,32508856,PIF5,
AT3G59060,AT4G13250,GRN_regulates,1,32508856,PIF5,NYC1
AT2G32460,AT5G67570,GRN_regulates,1,24278028,MYB101,
AT1G06160,AT2G38470,GRN_activates,1,26779190,ERF094,WRKY33
AT3G49500,AT5G17220,GRN_represses,1,32415123,,GSTF12
AT5G23570,AT5G17220,GRN_represses,1,32415123,,GSTF12
AT5G20320,AT5G17220,GRN_represses,1,32415123,,GSTF12
AT1G66370,AT5G17220,GRN_regulates,1,32415123,,GSTF12
AT1G66380,AT5G17220,GRN_regulates,1,32415123,,GSTF12
AT5G17220,AT3G43190,GRN_activates,1,32415123,GSTF12,
AT1G58602,AT2G36490,GRN_represses,1,28894455,,
AT5G17690,AT1G14870,GRN_represses,1,33262778,,PCR2
AT2G13370,AT3G24650,GRN_regulates,1,30900325,,ABI3
AT2G13370,AT1G21970,GRN_regulates,1,30900325,,NFYB9
AT1G73870,AT3G12820,GRN_activates,1,30963689,COL7,
AT2G27230,AT5G19530,GRN_activates,1,26879262,LHW,ACL5
AT2G27230,AT4G32880,GRN_regulates,1,26879262,LHW,
AT2G43010,AT4G24470,GRN_represses,1,36301462,,ZIM
AT1G59610,AT2G38470,GRN_regulates,1,25521759,,WRKY33
AT1G59610,AT1G80840,GRN_regulates,1,25521759,,WRKY40
AT2G32510,AT1G32640,GRN_regulates,1,36570948,MAPKKK17,MYC2
AT2G32510,AT1G64280,GRN_regulates,1,36570948,MAPKKK17,
AT2G32510,AT5G24770,GRN_regulates,1,36570948,MAPKKK17,VSP2
AT2G32510,AT2G14610,GRN_regulates,1,36570948,MAPKKK17,PR1
AT4G36950,AT1G32640,GRN_regulates,1,36570948,MAPKKK21,MYC2
AT4G36950,AT1G64280,GRN_regulates,1,36570948,MAPKKK21,
AT4G36950,AT5G24770,GRN_regulates,1,36570948,MAPKKK21,VSP2
AT1G07890,AT5G23000,GRN_activates,1,22131159,APX1,
AT2G40080,AT5G22500,GRN_regulates,1,26941752,,FAR1
AT5G22500,AT2G43010,GRN_regulates,1,26941752,FAR1,
AT4G18130,AT5G22500,GRN_regulates,1,26941752,,FAR1
AT5G42800,AT4G37470,GRN_represses,1,29131815,DFRA,
AT5G08640,AT4G37470,GRN_represses,1,29131815,FLS1,
AT3G51240,AT4G37470,GRN_represses,1,29131815,F3H,
AT1G71030,AT4G37470,GRN_activates,1,29131815,ATMYBL2,
AT5G67420,AT4G37470,GRN_activates,1,29131815,LBD37,
AT4G37540,AT4G37470,GRN_activates,1,29131815,LBD39,
AT1G02205,AT4G37470,GRN_represses,1,29131815,CER1,
AT4G33790,AT4G37470,GRN_represses,1,29131815,FAR3,
AT1G57750,AT4G37470,GRN_represses,1,29131815,CYP96A15,
AT1G51460,AT4G37470,GRN_represses,1,29131815,ABCG13,
AT2G44150,AT5G01675,GRN_activates,1,37196184,ASHH3,
AT4G02720,AT1G48410,GRN_represses,1,35639749,,
AT2G45740,AT5G12390,GRN_regulates,1,20195524,PEX11D,
AT4G38770,AT1G80680,GRN_regulates,1,30297453,PRP4,
AT5G28640,AT5G55920,GRN_regulates,1,37961382,GIF1,
AT5G48120,AT1G69120,GRN_activates,1,26053632,,AP1
AT5G48120,AT5G15800,GRN_activates,1,26053632,,SEP1
AT5G48120,AT3G02310,GRN_activates,1,26053632,,SEP2
AT3G26090,AT1G29920,GRN_regulates,1,26528314,,LHCB1.1
AT2G28550,AT2G33810,GRN_represses,1,29967634,RAP2.7,SPL3
AT2G33810,AT5G67180,GRN_activates,1,29967634,SPL3,
AT3G45140,AT4G34460,GRN_represses,1,24349286,LOX2,
AT4G13830,AT4G15560,GRN_activates,1,26815787,,DXS
AT2G27230,AT2G47460,GRN_activates,1,36651677,LHW,
AT4G18170,AT1G18870,GRN_represses,1,36909399,WRKY28,
AT3G14440,AT1G09530,GRN_activates,1,36882415,NCED3,
AT5G13080,AT2G32830,GRN_activates,1,33859661,WRKY75,
AT1G76880,AT2G15620,GRN_activates,1,36890884,,NIR1
AT1G76880,AT1G66200,GRN_regulates,1,36890884,,ATGSR2
AT2G36270,AT1G32640,GRN_regulates,1,33802953,ABI5,MYC2
AT4G01370,AT1G28480,GRN_regulates,1,33802953,,GRXC9
AT4G01370,AT1G32640,GRN_regulates,1,33802953,,MYC2
AT1G32640,AT5G17490,GRN_activates,1,33802953,MYC2,
AT3G43810,AT3G50310,GRN_regulates,1,36818282,,MAPKKK20
AT5G11260,AT3G50310,GRN_regulates,1,36818282,,MAPKKK20
AT5G40440,AT3G50310,GRN_regulates,1,36818282,,MAPKKK20
AT3G50310,AT1G32640,GRN_regulates,1,36818282,MAPKKK20,MYC2
AT1G32640,AT4G26466,GRN_regulates,1,23646119,MYC2,
AT2G46340,AT1G29910,GRN_represses,1,23646119,,LHCB1.1
AT2G46340,AT5G13930,GRN_represses,1,23646119,,CHS
AT1G69935,AT1G29930,GRN_regulates,1,23646119,,LHCB1.3
AT1G32640,AT2G27050,GRN_represses,1,31245664,MYC2,
AT2G27050,AT1G32640,GRN_represses,1,31245664,,MYC2
AT1G32640,AT4G17880,GRN_activates,1,32220954,MYC2,
AT5G51780,AT5G13170,GRN_represses,1,33391323,,SWEET15
AT2G32950,AT1G32640,GRN_activates,1,35567527,,MYC2
AT1G32640,AT1G71020,GRN_represses,1,35567527,MYC2,
AT1G32640,AT1G67090,GRN_represses,1,22424472,MYC2,RBCS-1A
AT5G24770,AT5G11260,GRN_activates,1,22424472,VSP2,
AT5G11260,AT5G24770,GRN_represses,1,22424472,,VSP2
AT1G19180,AT5G60120,GRN_represses,1,28649719,,TOE2
AT1G32640,AT2G30870,GRN_regulates,1,23009548,MYC2,GSTF10
AT1G31180,AT1G32640,GRN_activates,1,23009548,,MYC2
AT1G32640,AT1G67560,GRN_regulates,1,32170290,MYC2,
AT1G32640,AT5G42650,GRN_regulates,1,32170290,MYC2,CYP74A
AT1G32640,AT3G11020,GRN_regulates,1,32170290,MYC2,
AT1G32640,AT5G08790,GRN_regulates,1,32170290,MYC2,
AT1G32640,AT5G37260,GRN_regulates,1,32170290,MYC2,RVE2
AT1G32640,AT3G53600,GRN_regulates,1,32170290,MYC2,
AT1G32640,AT1G35560,GRN_regulates,1,32170290,MYC2,
AT1G32640,AT5G64810,GRN_regulates,1,32170290,MYC2,WRKY51
AT1G32640,AT1G27730,GRN_regulates,1,32170290,MYC2,ZAT10
AT5G46760,AT5G37260,GRN_regulates,1,32170290,,RVE2
AT5G46760,AT1G06160,GRN_regulates,1,32170290,,ERF094
AT5G46760,AT5G64810,GRN_regulates,1,32170290,,WRKY51
AT5G46760,AT1G27730,GRN_regulates,1,32170290,,ZAT10
AT1G28480,AT1G32640,GRN_regulates,1,32170290,GRXC9,MYC2
AT2G46510,AT1G32640,GRN_represses,1,32170290,,MYC2
AT1G32640,AT3G61830,GRN_activates,1,32170290,MYC2,ARF18
AT3G61830,AT1G32640,GRN_activates,1,32170290,ARF18,MYC2
AT1G32640,AT1G73500,GRN_activates,1,32170290,MYC2,
AT5G17490,AT1G32640,GRN_represses,1,32170290,,MYC2
AT3G56400,AT1G30135,GRN_activates,1,32170290,WRKY70,TIFY5A
AT1G12610,AT1G30135,GRN_activates,1,32170290,DREB1F,TIFY5A
AT1G66600,AT1G32640,GRN_regulates,1,32170290,,MYC2
AT1G74930,AT5G24770,GRN_activates,1,33289292,ERF018,VSP2
AT5G61980,AT1G14870,GRN_regulates,1,33476385,,PCR2
AT2G43790,AT1G32640,GRN_represses,1,36546827,,MYC2
AT1G32640,AT4G23600,GRN_activates,1,36546827,MYC2,CORI3
AT2G44680,AT1G32640,GRN_activates,1,36546827,,MYC2
AT5G48850,AT4G27170,GRN_represses,1,34618078,SDI1,AT2S4
AT5G48850,AT5G54740,GRN_represses,1,34618078,SDI1,SESA5
AT5G48850,AT4G27150,GRN_represses,1,34618078,SDI1,AT2S2
AT5G48850,AT4G27160,GRN_represses,1,34618078,SDI1,AT2S3
AT5G48850,AT2G22990,GRN_activates,1,34618078,SDI1,SNG1
AT4G37460,AT1G32640,GRN_activates,1,26310916,,MYC2
AT1G32640,AT2G41510,GRN_represses,1,34329421,MYC2,
AT1G32640,AT1G53000,GRN_regulates,1,34329421,MYC2,
AT1G25540,AT5G52300,GRN_represses,1,26918031,,LTI65
AT1G25540,AT5G52310,GRN_represses,1,26918031,,RD29A
AT1G32770,AT4G38620,GRN_represses,1,26179205,NAC012,
AT3G56400,AT2G25000,GRN_activates,1,30715439,WRKY70,WRKY60
AT5G64900,AT5G44585,GRN_activates,1,30715439,PEP1,
AT5G59560,AT1G68840,GRN_activates,1,25129129,,RAV2
AT1G73687,AT5G37020,GRN_regulates,1,23555288,,ARF8
AT5G41663,AT5G37020,GRN_regulates,1,23555288,,ARF8
AT4G00450,AT5G25830,GRN_regulates,1,34327811,,GATA12
AT1G17950,AT5G43350,GRN_regulates,1,35639954,MYB52,PHT1-1
AT5G43350,AT4G28610,GRN_regulates,1,35639954,PHT1-1,
AT5G43350,AT5G13080,GRN_regulates,1,35639954,PHT1-1,WRKY75
AT5G43350,AT3G01970,GRN_regulates,1,35639954,PHT1-1,WRKY45
AT5G43350,AT4G04450,GRN_regulates,1,35639954,PHT1-1,
AT5G43350,AT2G43010,GRN_regulates,1,35639954,PHT1-1,
AT5G43350,AT3G59060,GRN_regulates,1,35639954,PHT1-1,PIF5
AT5G43350,AT1G17950,GRN_regulates,1,35639954,PHT1-1,MYB52
AT4G16860,AT4G16890,GRN_regulates,1,33621240,RPP4,SNC1
ATMG00290,AT4G37460,GRN_activates,1,33621240,RPS4,
AT3G52430,AT4G37460,GRN_activates,1,33621240,PAD4,
AT3G57260,AT4G37460,GRN_activates,1,33621240,BGL2,
AT5G07100,AT5G24110,GRN_represses,1,33006643,WRKY26,
AT1G26390,AT5G26170,GRN_regulates,1,33006643,FOX2,
AT5G24110,AT4G16860,GRN_activates,1,33006643,,RPP4
AT3G59060,AT4G28720,GRN_activates,1,27984677,PIF5,
AT1G30330,AT5G18010,GRN_activates,1,27984677,ARF6,
AT1G76500,AT1G59500,GRN_activates,1,28746399,AHL29,
AT1G76500,AT1G29450,GRN_activates,1,28746399,AHL29,
AT2G45660,AT4G16280,GRN_represses,1,31032401,SOC1,
AT1G73820,AT2G23380,GRN_activates,1,31032401,,
AT4G08950,AT1G19350,GRN_regulates,1,19216774,EXO,
AT4G08950,AT1G01120,GRN_regulates,1,19216774,EXO,KCS1
AT4G08950,AT3G29030,GRN_regulates,1,19216774,EXO,EXPA5
AT3G29030,AT1G73360,GRN_activates,1,24821957,EXPA5,
AT2G47015,AT1G76100,GRN_regulates,1,36359857,,PETE1
AT2G47015,AT1G20340,GRN_regulates,1,36359857,,DRT112
AT2G47015,AT2G38080,GRN_regulates,1,36359857,,IRX12
AT5G05300,AT2G14610,GRN_represses,1,29648636,,PR1
AT1G68880,AT5G52310,GRN_regulates,1,24093718,,RD29A
AT1G68880,AT1G20440,GRN_regulates,1,24093718,,COR47
AT4G31800,AT5G42650,GRN_regulates,1,23516362,,CYP74A
AT1G80840,AT5G42650,GRN_regulates,1,23516362,WRKY40,CYP74A
AT4G31800,AT3G45140,GRN_regulates,1,23516362,,LOX2
AT1G80840,AT3G45140,GRN_regulates,1,23516362,WRKY40,LOX2
AT4G31800,AT1G30135,GRN_regulates,1,23516362,,TIFY5A
AT4G31800,AT5G13220,GRN_regulates,1,23516362,,JAZ10
AT1G80840,AT5G13220,GRN_regulates,1,23516362,WRKY40,JAZ10
AT4G31800,AT4G24470,GRN_regulates,1,23516362,,ZIM
AT1G80840,AT4G24470,GRN_regulates,1,23516362,WRKY40,ZIM
AT5G56170,AT5G63580,GRN_regulates,1,34975958,,FLS2
AT5G04340,AT5G67280,GRN_regulates,1,30501109,ZAT6,
AT2G38470,AT3G55270,GRN_regulates,1,29045691,WRKY33,
AT1G80840,AT3G55270,GRN_regulates,1,29045691,WRKY40,
AT5G13930,AT3G59410,GRN_activates,1,31850012,CHS,
AT2G30020,AT5G45890,GRN_activates,1,35088853,,SAG12
AT3G55270,AT5G45890,GRN_activates,1,35088853,,SAG12
AT2G30020,AT2G14610,GRN_activates,1,28062592,,PR1
AT2G30020,AT1G75040,GRN_activates,1,28062592,,PR5
AT2G30020,AT3G52430,GRN_activates,1,28062592,,PAD4
AT2G30020,AT1G33960,GRN_activates,1,28062592,,AIG1
AT2G30020,AT3G56400,GRN_activates,1,28062592,,WRKY70
AT2G30020,AT5G22570,GRN_activates,1,28062592,,WRKY38
AT2G30020,AT3G57240,GRN_activates,1,28062592,,BG3
AT1G33960,AT2G30020,GRN_represses,1,28062592,AIG1,
AT3G57240,AT2G30020,GRN_represses,1,28062592,BG3,
AT4G23810,AT2G30020,GRN_represses,1,28062592,WRKY53,
AT1G33960,AT3G55270,GRN_activates,1,28062592,AIG1,
AT3G57240,AT3G55270,GRN_activates,1,28062592,BG3,
AT3G52430,AT3G55270,GRN_activates,1,28062592,PAD4,
AT5G22570,AT3G55270,GRN_activates,1,28062592,WRKY38,
AT4G23810,AT3G55270,GRN_activates,1,28062592,WRKY53,
AT3G56400,AT2G30020,GRN_regulates,1,28062592,WRKY70,
AT3G56400,AT3G55270,GRN_regulates,1,28062592,WRKY70,
AT3G45640,AT1G75040,GRN_represses,1,28062592,,PR5
AT3G45640,AT5G22570,GRN_represses,1,28062592,,WRKY38
AT3G45640,AT4G23810,GRN_represses,1,28062592,,WRKY53
AT3G45640,AT3G52430,GRN_represses,1,28062592,,PAD4
AT1G75040,AT2G43790,GRN_regulates,1,28062592,PR5,
AT2G14610,AT2G43790,GRN_regulates,1,28062592,PR1,
AT3G26830,AT3G45640,GRN_activates,1,28062592,CYP71B15,
AT3G52430,AT3G45640,GRN_regulates,1,28062592,PAD4,
AT3G52430,AT2G43790,GRN_regulates,1,28062592,PAD4,
AT4G01370,AT2G26980,GRN_regulates,1,32302366,,CIPK3
AT4G01370,AT5G07100,GRN_regulates,1,32302366,,WRKY26
AT4G01370,AT4G16860,GRN_regulates,1,32302366,,RPP4
AT4G01370,AT2G13790,GRN_regulates,1,32302366,,SERK4
AT5G57710,AT1G07200,GRN_represses,1,35529949,SMAX1,
AT1G07200,AT5G52310,GRN_activates,1,35529949,,RD29A
AT1G07200,AT2G42540,GRN_activates,1,35529949,,COR15A
AT2G29970,AT2G42200,GRN_represses,1,32327664,,SPL9
AT1G35140,AT3G56390,GRN_regulates,1,32385404,EXL1,
AT1G35140,AT5G44420,GRN_activates,1,32385404,EXL1,PDF1.2A
AT1G35140,AT5G42650,GRN_activates,1,32385404,EXL1,CYP74A
AT1G35140,AT3G04720,GRN_activates,1,32385404,EXL1,HEL
AT1G35140,AT2G14610,GRN_activates,1,32385404,EXL1,PR1
AT1G35140,AT4G39030,GRN_activates,1,32385404,EXL1,
AT3G54320,AT4G15530,GRN_activates,1,29046718,,PPDK
AT5G54510,AT5G37020,GRN_regulates,1,28981783,GH3.6,ARF8
AT1G28130,AT5G37020,GRN_regulates,1,28981783,GH3.17,ARF8
AT2G23170,AT5G37020,GRN_regulates,1,28981783,GH3.3,ARF8
AT2G23170,AT3G54320,GRN_regulates,1,28981783,GH3.3,
AT5G15100,AT1G73590,GRN_regulates,1,23437008,,PIN1
AT1G19670,AT2G30950,GRN_represses,1,34946820,CLH1,VAR2
AT1G72570,AT5G44030,GRN_activates,1,25533953,,CESA4
AT1G73410,AT5G44030,GRN_activates,1,25533953,,CESA4
AT3G61910,AT5G44030,GRN_activates,1,25533953,NAC066,CESA4
AT3G63350,AT1G17170,GRN_activates,1,31145794,,GSTU24
AT3G63350,AT1G43160,GRN_activates,1,31145794,,RAP2-6
AT3G63350,AT3G23250,GRN_activates,1,31145794,,MYB15
AT1G18570,AT4G35310,GRN_activates,1,32449805,MYB51,
AT4G35310,AT1G18570,GRN_regulates,1,32449805,,MYB51
AT4G17490,AT5G57220,GRN_activates,1,32449805,,CYP81F2
AT4G17490,AT1G21100,GRN_activates,1,32449805,,IGMT1
AT4G17490,AT1G21120,GRN_activates,1,32449805,,
AT2G38470,AT4G35310,GRN_activates,1,32449805,WRKY33,
AT5G22650,AT3G45640,GRN_activates,1,28683804,HDT2,
AT5G22650,AT2G31290,GRN_regulates,1,28683804,HDT2,
AT5G22650,AT5G03350,GRN_regulates,1,28683804,HDT2,LLP
AT5G22650,AT3G11380,GRN_regulates,1,28683804,HDT2,
AT5G22650,AT2G28180,GRN_regulates,1,28683804,HDT2,CHX8
AT3G45640,AT5G03350,GRN_regulates,1,28683804,,LLP
AT3G45640,AT2G28180,GRN_regulates,1,28683804,,CHX8
AT4G01370,AT1G07000,GRN_regulates,1,24980080,,ATEXO70B2
AT4G01370,AT2G46440,GRN_regulates,1,24980080,,CNGC11
AT3G45640,AT5G57350,GRN_regulates,1,34199294,,AHA3
AT3G45640,AT5G17330,GRN_activates,1,32458527,,GAD1
AT2G43790,AT5G17330,GRN_activates,1,32458527,,GAD1
AT5G17330,AT2G38470,GRN_regulates,1,32458527,GAD1,WRKY33
AT4G01370,AT4G26760,GRN_regulates,1,24923680,,MAP65-2
AT5G66400,AT2G33070,GRN_activates,1,37571011,RAB18,
AT1G22890,AT2G33070,GRN_activates,1,37571011,,
AT1G65510,AT2G33070,GRN_activates,1,37571011,,
AT1G15210,AT2G33070,GRN_represses,1,37571011,ABCG35,
AT2G29350,AT2G33070,GRN_activates,1,37571011,SAG13,
AT5G04420,AT2G33070,GRN_activates,1,37571011,,
AT1G75040,AT2G33070,GRN_activates,1,37571011,PR5,
AT3G57260,AT3G45640,GRN_activates,1,37571011,BGL2,
AT1G08420,AT5G53210,GRN_activates,1,35508457,BSL2,
AT5G42390,AT5G52310,GRN_activates,1,24598995,,RD29A
AT5G42390,AT5G66400,GRN_activates,1,24598995,,RAB18
AT5G42390,AT2G14610,GRN_activates,1,24598995,,PR1
AT5G67300,AT5G63580,GRN_activates,1,37221824,,FLS2
AT2G18790,AT3G45140,GRN_activates,1,24916071,,LOX2
AT2G18790,AT1G17420,GRN_activates,1,24916071,,LOX3
AT2G18790,AT1G72520,GRN_activates,1,24916071,,LOX4
AT2G46400,AT2G35980,GRN_activates,1,26870073,WRKY46,NHL10
AT3G45640,AT2G46400,GRN_regulates,1,26870073,,WRKY46
AT4G35310,AT2G46400,GRN_activates,1,26870073,,WRKY46
AT2G38470,AT5G36880,GRN_regulates,1,22761583,WRKY33,ACS
AT2G38470,AT2G43790,GRN_regulates,1,22761583,WRKY33,
AT4G01370,AT3G26830,GRN_activates,1,22837762,,CYP71B15
AT5G35210,AT2G36270,GRN_regulates,1,36161329,,ABI5
AT4G36450,AT2G44840,GRN_regulates,1,36161329,,ERF13
AT4G25490,AT1G15580,GRN_activates,1,36161329,DREB1B,
AT4G25490,AT1G52830,GRN_activates,1,36161329,DREB1B,IAA6
AT4G25490,AT3G15540,GRN_activates,1,36161329,DREB1B,IAA19
AT1G51660,AT2G35980,GRN_activates,1,34659297,,NHL10
AT3G21220,AT2G35980,GRN_activates,1,34659297,,NHL10
AT1G09970,AT1G12480,GRN_activates,1,32733520,LRR XI-23,
AT2G43790,AT2G14610,GRN_regulates,1,24348271,,PR1
AT4G36990,AT2G14610,GRN_regulates,1,24348271,HSFB1,PR1
AT2G20570,AT2G31400,GRN_represses,1,22791829,GPRI1,
AT1G49760,AT3G13460,GRN_represses,1,38009565,PAB8,
AT2G05620,AT3G62410,GRN_activates,1,35946785,PGR5,CP12-2
AT3G25260,AT5G25900,GRN_regulates,1,27139299,NPF4.1,
AT3G21890,AT5G60910,GRN_represses,1,27015278,,AGL8
AT4G15248,AT5G60910,GRN_represses,1,27015278,,AGL8
AT2G42540,AT1G68840,GRN_regulates,1,25465615,COR15A,RAV2
AT5G28300,AT5G52310,GRN_regulates,1,25465615,,RD29A
AT5G28300,AT1G20450,GRN_regulates,1,25465615,,ERD10
AT5G11260,AT2G33380,GRN_regulates,1,24228871,,PXG3
AT4G36920,AT2G33380,GRN_regulates,1,24228871,,PXG3
AT2G33380,AT4G36920,GRN_represses,1,24228871,PXG3,
AT2G33380,AT5G11260,GRN_activates,1,24228871,PXG3,
AT5G06140,AT5G04200,GRN_regulates,1,27725825,,AMC9
AT4G27330,AT2G33810,GRN_represses,1,34650259,,SPL3
AT4G27330,AT2G42200,GRN_represses,1,34650259,,SPL9
AT2G38940,AT2G34208,GRN_represses,1,34961041,PHT1-4,
AT3G09922,AT1G73687,GRN_represses,1,31245688,IPS1,
AT4G02950,AT1G30680,GRN_regulates,1,22613869,,
AT3G54610,AT1G32940,GRN_regulates,1,31401648,HAG1,
AT2G34208,AT3G54610,GRN_represses,1,31401648,,HAG1
AT2G47015,AT2G29130,GRN_regulates,1,26134148,,LAC2
AT3G59884,AT1G21270,GRN_regulates,1,30372454,,WAK2
AT2G28380,AT3G09922,GRN_regulates,1,31086001,,IPS1
AT4G39800,AT5G09790,GRN_represses,1,27148278,IPS1,
AT5G55300,AT1G73590,GRN_represses,1,28495963,,PIN1
AT5G55300,AT3G23030,GRN_represses,1,28495963,,IAA2
AT5G55300,AT1G28130,GRN_activates,1,28495963,,GH3.17
AT5G55300,AT2G23170,GRN_represses,1,28495963,,GH3.3
AT5G55300,AT4G37390,GRN_represses,1,28495963,,YDK1
AT5G55300,AT2G30140,GRN_activates,1,28495963,,UGT87A2
AT5G60910,AT5G55300,GRN_represses,1,28495963,AGL8,
AT3G54340,AT5G55300,GRN_represses,1,28495963,AP3,
AT3G25110,AT3G05020,GRN_regulates,1,27342315,FATA,ACP1
AT1G32330,AT4G36990,GRN_regulates,1,37703177,,HSFB1
AT1G32330,AT1G68840,GRN_regulates,1,37703177,,RAV2
AT4G08920,AT1G68840,GRN_regulates,1,37703177,,RAV2
AT5G43410,AT3G12500,GRN_regulates,1,32813232,,CHI-B
AT5G43410,AT1G06160,GRN_regulates,1,32813232,,ERF094
AT4G01370,AT3G15950,GRN_activates,1,27324189,,NAI2
AT4G01370,AT3G16460,GRN_activates,1,27324189,,JAL34
AT2G22770,AT3G16460,GRN_regulates,1,27324189,NAI1,JAL34
AT3G56980,AT1G72150,GRN_activates,1,36493393,,PATL1
AT3G10350,AT4G14870,GRN_regulates,1,37100288,,SECE1
AT5G46910,AT1G69120,GRN_activates,1,30899015,,AP1
AT5G46910,AT3G54340,GRN_activates,1,30899015,,AP3
AT5G46910,AT2G45660,GRN_activates,1,30899015,,SOC1
AT5G46910,AT4G08150,GRN_activates,1,30899015,,KNAT1
AT3G48430,AT4G08150,GRN_regulates,1,30899015,,KNAT1
AT1G01060,AT5G46910,GRN_activates,1,30899015,,
AT2G46830,AT5G46910,GRN_activates,1,30899015,CCA1,
AT5G04240,AT2G45660,GRN_regulates,1,30899015,,SOC1
AT5G57710,AT3G24420,GRN_represses,1,33370251,SMAX1,
AT4G26070,AT3G51800,GRN_represses,1,23511202,,ATG2
AT2G18950,AT1G59940,GRN_activates,1,36212299,HPT1,
AT3G63410,AT1G59940,GRN_activates,1,36212299,VTE3,
AT5G14740,AT3G45140,GRN_activates,1,34638573,,LOX2
AT1G72520,AT5G14740,GRN_activates,1,34638573,LOX4,
AT1G17420,AT5G14740,GRN_activates,1,34638573,LOX3,
AT2G45190,AT2G27250,GRN_represses,1,24244708,YAB1,
AT5G05410,AT4G36920,GRN_activates,1,28241081,DREB2A,
AT2G42810,AT5G57710,GRN_activates,1,33372050,,SMAX1
AT2G22400,AT1G04240,GRN_activates,1,36430578,,SHY2
AT2G22400,AT3G04730,GRN_activates,1,36430578,,IAA16
AT1G09350,AT1G70940,GRN_activates,1,27998032,,PIN3
AT2G47240,AT3G57280,GRN_regulates,1,25646734,LACS1,
AT4G35420,AT1G68540,GRN_regulates,1,34593769,TKPR1,
AT1G05000,AT2G42830,GRN_regulates,1,18433060,,SHP2
AT1G19850,AT3G05530,GRN_activates,1,31156663,ARF5,
AT2G01420,AT3G05530,GRN_represses,1,31156663,PIN4,
AT1G52830,AT3G05530,GRN_represses,1,31156663,IAA6,
AT3G23050,AT3G05530,GRN_represses,1,31156663,IAA7,
AT3G05530,AT1G19850,GRN_activates,1,31156663,,ARF5
AT3G05530,AT1G73590,GRN_represses,1,31156663,,PIN1
AT3G05530,AT2G01420,GRN_represses,1,31156663,,PIN4
AT4G36730,AT1G67090,GRN_represses,1,27135347,,RBCS-1A
AT2G47670,AT4G09960,GRN_activates,1,35401607,,STK
AT1G56100,AT4G09960,GRN_activates,1,35401607,,STK
AT2G47670,AT1G17950,GRN_activates,1,35401607,,MYB52
AT1G56100,AT1G17950,GRN_activates,1,35401607,,MYB52
AT3G15210,AT5G62360,GRN_represses,1,35401607,,
AT5G18270,AT1G32230,GRN_regulates,1,31831797,ANAC087,
AT5G54610,AT2G26650,GRN_regulates,1,36167696,BAD1,AKT1
AT1G78390,AT1G68560,GRN_represses,1,27605715,,XYL1
AT1G15550,AT1G68560,GRN_represses,1,27605715,,XYL1
AT1G68560,AT1G78390,GRN_represses,1,27605715,XYL1,
AT1G68560,AT4G19230,GRN_activates,1,27605715,XYL1,
AT1G68560,AT5G45340,GRN_activates,1,27605715,XYL1,
AT1G68560,AT1G15550,GRN_activates,1,27605715,XYL1,
AT4G00710,AT4G39400,GRN_represses,1,18653891,BSK3,
AT2G43000,AT2G14610,GRN_represses,1,27159137,,PR1
AT2G43000,AT5G06960,GRN_activates,1,27159137,,TGA5
AT3G47620,AT2G46830,GRN_activates,1,27734958,,CCA1
AT1G35560,AT2G46830,GRN_activates,1,27734958,,CCA1
AT3G24650,AT2G29980,GRN_activates,1,35318532,ABI3,FAD3
AT3G24650,AT2G43710,GRN_activates,1,35318532,ABI3,
AT3G24650,AT5G46845,GRN_represses,1,35318532,ABI3,
AT2G29490,AT5G47910,GRN_activates,1,37108292,GSTU1,
AT1G17170,AT5G47910,GRN_activates,1,37108292,GSTU24,
AT3G47340,AT4G26080,GRN_represses,1,26635847,ASN1,
AT1G64570,AT4G37490,GRN_activates,1,25057814,,CYCB1-1
AT1G69120,AT5G14010,GRN_activates,1,34367223,AP1,
AT5G23260,AT1G79700,GRN_regulates,1,31291882,,
AT5G23260,AT4G00360,GRN_regulates,1,31291882,,CYP86A2
AT5G23260,AT1G01610,GRN_regulates,1,31291882,,GPAT4
AT5G23260,AT5G23940,GRN_regulates,1,31291882,,DCR
AT1G34790,AT4G00360,GRN_regulates,1,31291882,,CYP86A2
AT1G34790,AT1G01610,GRN_regulates,1,31291882,,GPAT4
AT1G34790,AT1G79700,GRN_regulates,1,31291882,,
AT4G15180,AT3G15540,GRN_activates,1,23483879,,IAA19
AT4G15180,AT5G25890,GRN_activates,1,23483879,,IAA28
AT3G10800,AT5G64510,GRN_activates,1,30254194,,TIN1
AT5G61270,AT3G59060,GRN_regulates,1,34140685,,PIF5
AT4G32880,AT5G05690,GRN_activates,1,37011193,,CYP90A1
AT1G52150,AT5G05690,GRN_activates,1,37011193,ATHB-15,CYP90A1
AT1G13980,AT1G59750,GRN_activates,1,34069034,GN,
AT3G60860,AT1G73590,GRN_regulates,1,34069034,,PIN1
AT1G32640,AT3G56970,GRN_regulates,1,33267774,MYC2,
AT1G32640,AT2G41240,GRN_regulates,1,33267774,MYC2,
AT1G32640,AT5G04150,GRN_regulates,1,33267774,MYC2,
AT1G07200,AT3G51240,GRN_regulates,1,32295207,,F3H
AT2G29970,AT3G51240,GRN_regulates,1,32295207,,F3H
AT2G40130,AT3G51240,GRN_regulates,1,32295207,,F3H
AT1G07200,AT5G37300,GRN_regulates,1,32295207,,WSD1
AT2G29970,AT5G37300,GRN_regulates,1,32295207,,WSD1
AT2G40130,AT5G37300,GRN_regulates,1,32295207,,WSD1
AT1G07200,AT5G13170,GRN_regulates,1,32295207,,SWEET15
AT2G29970,AT5G13170,GRN_regulates,1,32295207,,SWEET15
AT2G40130,AT5G13170,GRN_regulates,1,32295207,,SWEET15
AT1G07200,AT2G36270,GRN_regulates,1,32295207,,ABI5
AT2G29970,AT2G36270,GRN_regulates,1,32295207,,ABI5
AT2G40130,AT2G36270,GRN_regulates,1,32295207,,ABI5
AT1G07200,AT3G30775,GRN_regulates,1,32295207,,POX1
AT2G29970,AT3G30775,GRN_regulates,1,32295207,,POX1
AT2G40130,AT3G30775,GRN_regulates,1,32295207,,POX1
AT1G07200,AT5G38710,GRN_regulates,1,32295207,,POX2
AT2G29970,AT5G38710,GRN_regulates,1,32295207,,POX2
AT5G40820,AT4G35600,GRN_regulates,1,22357613,,CONNEXIN 32
AT2G45480,AT3G28210,GRN_regulates,1,29985961,,SAP12
AT2G45480,AT5G04340,GRN_regulates,1,29985961,,ZAT6
AT2G45480,AT1G27730,GRN_regulates,1,29985961,,ZAT10
AT2G45480,AT5G59820,GRN_regulates,1,29985961,,ZAT12
AT2G45480,AT5G49520,GRN_regulates,1,29985961,,WRKY48
AT2G45480,AT5G39610,GRN_regulates,1,29985961,,NAC92
AT2G45480,AT5G62920,GRN_represses,1,29985961,,ARR6
AT2G45480,AT2G36120,GRN_represses,1,29985961,,DOT1
AT2G45480,AT5G51190,GRN_activates,1,29985961,,ERF105
AT4G35830,AT4G25490,GRN_represses,1,26640476,,DREB1B
AT5G03280,AT5G47220,GRN_activates,1,26640476,,ERF2
AT3G44300,AT1G18150,GRN_regulates,1,32408549,NIT2,
AT2G32510,AT4G24020,GRN_activates,1,32408549,MAPKKK17,
AT1G05100,AT4G24020,GRN_activates,1,32408549,MAPKKK18,
AT5G67080,AT4G24020,GRN_activates,1,32408549,MAPKKK19,
AT1G27730,AT5G27420,GRN_regulates,1,34618142,ZAT10,ATL31
AT1G27730,AT2G38470,GRN_regulates,1,34618142,ZAT10,WRKY33
AT5G27420,AT2G38470,GRN_regulates,1,34618142,ATL31,WRKY33
AT1G14320,AT5G16000,GRN_regulates,1,19112492,RPL10A,
AT4G25050,AT3G05020,GRN_regulates,1,37658850,ACP4,ACP1
AT2G02080,AT1G07890,GRN_activates,1,30677094,,APX1
AT2G02080,AT2G38470,GRN_regulates,1,30677094,,WRKY33
AT2G02080,AT1G64860,GRN_regulates,1,30677094,,SIGA
AT2G02080,AT4G28080,GRN_regulates,1,30677094,,TSS
AT2G02080,AT4G35450,GRN_regulates,1,30677094,,AKR2
AT2G02080,AT3G22840,GRN_regulates,1,30677094,,ELIP1
AT2G02080,AT5G47560,GRN_regulates,1,30677094,,TDT
AT1G11870,AT2G22300,GRN_represses,1,26973658,,CAMTA3
AT5G26920,AT2G22300,GRN_represses,1,26973658,CBP60G,CAMTA3
AT5G10870,AT2G22300,GRN_represses,1,26973658,,CAMTA3
AT3G26744,AT2G22300,GRN_represses,1,26973658,,CAMTA3
AT4G34390,AT2G22300,GRN_represses,1,26973658,,CAMTA3
AT3G48090,AT2G22300,GRN_represses,1,26973658,,CAMTA3
AT5G65210,AT3G47340,GRN_regulates,1,32414922,,ASN1
AT2G13790,AT1G74710,GRN_represses,1,28487714,SERK4,
AT1G74710,AT2G13790,GRN_represses,1,28487714,,SERK4
AT4G39030,AT2G13790,GRN_represses,1,28487714,,SERK4
AT3G18690,AT3G22600,GRN_regulates,1,32150834,,
AT4G03320,AT1G04940,GRN_activates,1,21961525,TIC20-IV,
AT3G15730,AT5G05410,GRN_represses,1,23964284,,DREB2A
AT4G14130,AT1G74710,GRN_represses,1,22291601,XTH15,
AT4G36920,AT3G54340,GRN_represses,1,30382087,,AP3
AT5G64610,AT2G27250,GRN_activates,1,37862096,HAM1,
AT5G09740,AT2G27250,GRN_activates,1,37862096,HAM2,
AT1G50960,AT2G14610,GRN_activates,1,35700097,,PR1
AT1G50960,AT3G12500,GRN_activates,1,35700097,,CHI-B
AT1G50960,AT3G04720,GRN_activates,1,35700097,,HEL
AT1G50960,AT1G75040,GRN_activates,1,35700097,,PR5
AT4G16130,AT1G03310,GRN_represses,1,24098685,,ISA2
AT5G06860,AT3G26830,GRN_regulates,1,29053864,,CYP71B15
AT5G06870,AT3G26830,GRN_regulates,1,29053864,PGIP2,CYP71B15
AT5G06860,AT2G30750,GRN_regulates,1,29053864,,CYP71A12
AT5G06870,AT2G30750,GRN_regulates,1,29053864,PGIP2,CYP71A12
AT5G06860,AT5G57220,GRN_regulates,1,29053864,,CYP81F2
AT5G06870,AT5G57220,GRN_regulates,1,29053864,PGIP2,CYP81F2
AT5G65690,AT4G15530,GRN_activates,1,34156108,,PPDK
AT4G39410,AT3G01970,GRN_represses,1,25431577,,WRKY45
AT5G24110,AT3G01970,GRN_activates,1,25431577,,WRKY45
AT1G09570,AT4G32280,GRN_activates,1,25392478,,IAA29
AT2G18790,AT4G32280,GRN_activates,1,25392478,,IAA29
AT2G18790,AT1G04240,GRN_represses,1,25392478,,SHY2
AT1G17420,AT3G45140,GRN_activates,1,27135236,LOX3,LOX2
AT1G17420,AT1G67560,GRN_activates,1,27135236,LOX3,
AT1G72520,AT3G45140,GRN_activates,1,27135236,LOX4,LOX2
AT1G72520,AT1G67560,GRN_activates,1,27135236,LOX4,
AT5G52310,AT4G34000,GRN_represses,1,27486475,RD29A,
AT2G37330,AT1G08430,GRN_represses,1,31034704,,ALMT1
AT3G56400,AT5G22570,GRN_regulates,1,19772648,WRKY70,WRKY38
AT3G56400,AT2G46400,GRN_regulates,1,19772648,WRKY70,WRKY46
AT5G22570,AT2G46400,GRN_regulates,1,19772648,WRKY38,WRKY46
AT5G22570,AT2G40750,GRN_regulates,1,19772648,WRKY38,WRKY54
AT2G46400,AT2G40750,GRN_regulates,1,19772648,WRKY46,WRKY54
AT1G04250,AT3G11260,GRN_activates,1,34073675,IAA17,
AT4G34410,AT4G37650,GRN_regulates,1,34073675,ERF109,
AT1G32640,AT4G39950,GRN_activates,1,34073675,MYC2,CYP79B2
AT1G32640,AT1G17400,GRN_activates,1,34073675,MYC2,
AT2G33810,AT3G15030,GRN_represses,1,28628608,SPL3,
AT3G09600,AT5G02810,GRN_regulates,1,35003158,RVE8,
AT3G15540,AT5G02810,GRN_regulates,1,35003158,IAA19,
AT1G08465,AT2G45190,GRN_activates,1,23025792,YAB2,YAB1
AT2G26580,AT2G45190,GRN_activates,1,23025792,,YAB1
AT2G45190,AT4G00180,GRN_regulates,1,23025792,YAB1,YAB3
AT5G16560,AT2G45190,GRN_regulates,1,23025792,,YAB1
AT2G44910,AT4G14560,GRN_regulates,1,24609653,,IAA1
AT4G27330,AT2G28550,GRN_regulates,1,37047669,,RAP2.7
AT5G60120,AT5G41315,GRN_activates,1,37047669,TOE2,
AT1G21250,AT2G05520,GRN_regulates,1,26748394,WAK1,GRP3
AT2G27250,AT5G63580,GRN_activates,1,25188390,,FLS2
AT4G28460,AT2G38470,GRN_activates,1,25188390,,WRKY33
AT4G28460,AT4G23810,GRN_activates,1,25188390,,WRKY53
AT4G28460,AT2G14610,GRN_activates,1,25188390,,PR1
AT4G37290,AT2G38470,GRN_activates,1,25188390,,WRKY33
AT4G37290,AT4G23810,GRN_activates,1,25188390,,WRKY53
AT4G37290,AT2G14610,GRN_activates,1,25188390,,PR1
AT4G28460,AT5G63580,GRN_activates,1,25188390,,FLS2
AT5G64900,AT5G63580,GRN_activates,1,25188390,PEP1,FLS2
AT4G28460,AT5G64900,GRN_activates,1,25188390,,PEP1
AT5G64900,AT1G09970,GRN_activates,1,25188390,PEP1,LRR XI-23
AT5G22650,AT1G78390,GRN_activates,1,37372378,HDT2,
AT5G24930,AT1G69120,GRN_regulates,1,31191575,COL4,AP1
AT5G57360,AT5G24930,GRN_regulates,1,31191575,,COL4
AT2G18915,AT5G24930,GRN_regulates,1,31191575,,COL4
AT5G61380,AT5G24930,GRN_regulates,1,31191575,,COL4
AT3G42790,AT1G73590,GRN_activates,1,19858117,,PIN1
AT3G42790,AT1G62380,GRN_activates,1,19858117,,ACO2
AT3G42790,AT5G36880,GRN_activates,1,19858117,,ACS
AT2G33590,AT1G06230,GRN_regulates,1,37626962,,GTE4
AT4G37930,AT4G30972,GRN_activates,1,30555499,SHM1,
AT5G04275,AT1G05010,GRN_regulates,1,30555499,,ACO4
AT5G63580,AT2G35000,GRN_activates,1,21203445,FLS2,
AT1G17420,AT2G35000,GRN_activates,1,21203445,LOX3,
AT2G02450,AT1G69120,GRN_activates,1,17653269,,AP1
AT2G45660,AT2G02450,GRN_represses,1,17653269,SOC1,
AT5G15960,AT2G02450,GRN_activates,1,17653269,KIN1,
AT4G04920,AT2G42540,GRN_activates,1,17653269,,COR15A
AT1G34180,AT5G39610,GRN_regulates,1,33802796,anac016,NAC92
AT1G52890,AT2G47190,GRN_activates,1,33802796,NAC019,ATMYB2
AT1G52890,AT3G06490,GRN_activates,1,33802796,NAC019,
AT3G15500,AT2G47190,GRN_activates,1,33802796,NAC055,ATMYB2
AT3G15500,AT3G06490,GRN_activates,1,33802796,NAC055,
AT1G66390,AT1G52890,GRN_regulates,1,33802796,MYB90,NAC019
AT4G09820,AT1G52890,GRN_regulates,1,33802796,TT8,NAC019
AT1G29920,AT1G52340,GRN_represses,1,21253566,LHCB1.1,
AT1G29920,AT5G03730,GRN_represses,1,21253566,LHCB1.1,
AT5G27830,AT1G29920,GRN_represses,1,21253566,,LHCB1.1
AT1G29920,AT1G43670,GRN_represses,1,21253566,LHCB1.1,
AT1G29920,AT5G51830,GRN_regulates,1,21253566,LHCB1.1,
AT5G02030,AT5G60910,GRN_activates,1,26950117,,AGL8
AT2G27990,AT5G60910,GRN_activates,1,26950117,,AGL8
AT4G17840,AT2G35260,GRN_activates,1,32198392,,
AT3G11260,AT3G48340,GRN_regulates,1,34132490,,CEP2
AT3G11260,AT5G22570,GRN_regulates,1,34132490,,WRKY38
AT3G11260,AT3G63380,GRN_regulates,1,34132490,,ACA12
AT3G11260,AT1G48930,GRN_regulates,1,34132490,,AtGH9C1
AT1G19640,AT1G75380,GRN_represses,1,23393583,JMT,BBD1
AT4G36930,AT1G04240,GRN_activates,1,22514090,,SHY2
AT5G61420,AT1G15580,GRN_represses,1,31492889,MYB28,
AT3G55500,AT2G18300,GRN_regulates,1,29860272,EXPA16,
AT4G08920,AT3G55500,GRN_represses,1,29860272,,EXPA16
AT5G16560,AT5G40350,GRN_regulates,1,37168319,,MYB24
AT5G16560,AT5G61420,GRN_regulates,1,37168319,,MYB28
AT5G16560,AT2G46830,GRN_regulates,1,37168319,,CCA1
AT4G28190,AT2G33850,GRN_regulates,1,37168319,,
AT4G28190,AT3G16340,GRN_regulates,1,37168319,,ABCG29
AT4G30860,AT1G80440,GRN_represses,1,37168319,ASHR3,
AT1G68880,AT1G67090,GRN_regulates,1,26452049,,RBCS-1A
AT1G75390,AT3G47340,GRN_activates,1,26452049,BZIP44,ASN1
AT3G55530,AT5G51110,GRN_activates,1,27439598,,ATP1
AT1G32640,AT1G09730,GRN_regulates,1,30053161,MYC2,
AT5G18960,AT5G14920,GRN_represses,1,28492275,,GASA14
AT5G18960,AT5G39860,GRN_represses,1,28492275,,PRE1
AT5G18960,AT3G47500,GRN_represses,1,28492275,,CDF3
AT5G18960,AT2G39250,GRN_represses,1,28492275,,SNZ
AT5G18960,AT5G57800,GRN_represses,1,28492275,,CER3
AT1G26985,AT5G13630,GRN_regulates,1,32600430,,CHLH
AT2G42400,AT5G05410,GRN_represses,1,30477148,,DREB2A
AT5G22500,AT5G39610,GRN_represses,1,34777451,FAR1,NAC92
AT2G27050,AT5G39610,GRN_activates,1,34777451,,NAC92
AT2G27050,AT5G13080,GRN_activates,1,34777451,,WRKY75
AT3G22170,AT5G13080,GRN_regulates,1,34777451,,WRKY75
AT5G13080,AT2G27050,GRN_regulates,1,34777451,WRKY75,
AT5G22500,AT4G18170,GRN_represses,1,34777451,FAR1,WRKY28
AT3G22170,AT4G24470,GRN_regulates,1,34777451,,ZIM
AT5G13330,AT1G13710,GRN_activates,1,32960882,ERF113,
AT4G24020,AT2G33810,GRN_regulates,1,30903620,,SPL3
AT1G76940,AT1G32640,GRN_regulates,1,30186296,,MYC2
AT1G67750,AT4G31900,GRN_activates,1,37931037,,
AT3G01270,AT2G25170,GRN_activates,1,37931037,,
AT5G57550,AT3G22370,GRN_represses,1,36466234,XTH25,AOX1A
AT3G22370,AT3G05890,GRN_activates,1,36466234,AOX1A,RCI2B
AT3G22370,AT4G05010,GRN_activates,1,36466234,AOX1A,
AT3G22370,AT4G25480,GRN_activates,1,36466234,AOX1A,
AT3G22370,AT5G28640,GRN_activates,1,36466234,AOX1A,GIF1
AT3G22370,AT5G64667,GRN_activates,1,36466234,AOX1A,
AT3G22370,AT2G45450,GRN_activates,1,36466234,AOX1A,
AT3G22370,AT3G59900,GRN_activates,1,36466234,AOX1A,
AT3G22370,AT1G67080,GRN_activates,1,36466234,AOX1A,
AT3G22370,ATMG00070,GRN_represses,1,36466234,AOX1A,NAD9
AT3G22370,ATMG00580,GRN_represses,1,36466234,AOX1A,
AT3G22370,AT4G32210,GRN_represses,1,36466234,AOX1A,
AT3G22370,AT4G04750,GRN_activates,1,36466234,AOX1A,
AT3G22370,AT3G47340,GRN_represses,1,36466234,AOX1A,ASN1
AT3G22370,AT5G20250,GRN_represses,1,36466234,AOX1A,DIN10
AT3G22370,AT2G19800,GRN_represses,1,36466234,AOX1A,MIOX2
AT3G22370,AT2G01918,GRN_activates,1,36466234,AOX1A,
AT3G22370,AT4G26850,GRN_activates,1,36466234,AOX1A,
AT3G22370,AT3G55740,GRN_activates,1,36466234,AOX1A,
AT3G22370,AT2G36590,GRN_activates,1,36466234,AOX1A,
AT3G22370,AT3G28270,GRN_activates,1,36466234,AOX1A,
AT3G22370,AT3G30775,GRN_represses,1,36466234,AOX1A,POX1
AT5G42800,AT3G22370,GRN_represses,1,36466234,DFRA,AOX1A
AT4G22880,AT3G22370,GRN_represses,1,36466234,LDOX,AOX1A
AT5G49330,AT3G22370,GRN_activates,1,36466234,,AOX1A
AT5G41040,AT3G22370,GRN_activates,1,36466234,HHT1,AOX1A
AT3G44550,AT3G22370,GRN_activates,1,36466234,,AOX1A
AT1G04220,AT3G22370,GRN_activates,1,36466234,KCS2,AOX1A
AT1G65060,AT3G22370,GRN_activates,1,36466234,4CL3,AOX1A
AT3G22370,AT4G19230,GRN_activates,1,36466234,AOX1A,
AT1G80840,AT4G05020,GRN_activates,1,36466234,WRKY40,
AT3G50260,AT3G22370,GRN_represses,1,36466234,ERF011,AOX1A
AT1G68880,AT3G22370,GRN_represses,1,36466234,,AOX1A
AT4G25480,AT5G28770,GRN_regulates,1,36466234,,BZIP63
AT3G47340,AT5G28770,GRN_regulates,1,36466234,ASN1,BZIP63
AT3G30775,AT5G28770,GRN_regulates,1,36466234,POX1,BZIP63
AT5G20250,AT5G28770,GRN_regulates,1,36466234,DIN10,BZIP63
AT3G22370,AT2G35530,GRN_regulates,1,36466234,AOX1A,
AT5G64900,AT5G09980,GRN_activates,1,30907222,PEP1,PEP4
AT5G64900,AT5G09990,GRN_activates,1,30907222,PEP1,PEP5
AT1G08070,ATCG01080,GRN_regulates,1,25768119,,NDHG
AT1G65480,AT4G26170,GRN_activates,1,30252137,FT,
AT4G34390,AT2G14610,GRN_regulates,1,38255003,,PR1
AT4G34390,AT3G12500,GRN_activates,1,38255003,,CHI-B
AT4G34390,AT3G04720,GRN_activates,1,38255003,,HEL
AT4G34390,AT1G75040,GRN_activates,1,38255003,,PR5
AT2G14610,AT4G34460,GRN_activates,1,38255003,PR1,
AT5G48380,AT3G52430,GRN_represses,1,38255003,,PAD4
AT5G25610,AT4G33720,GRN_activates,1,25333723,RD22,
AT5G25610,AT5G49700,GRN_activates,1,25333723,RD22,
AT5G25610,AT2G27550,GRN_activates,1,25333723,RD22,
AT5G25610,AT1G49320,GRN_regulates,1,25333723,RD22,
AT5G47230,AT1G75830,GRN_activates,1,22563431,,PDF1.1
AT4G17490,AT1G75830,GRN_activates,1,22563431,,PDF1.1
AT5G47230,AT5G44420,GRN_activates,1,22563431,,PDF1.2A
AT4G17490,AT5G44420,GRN_activates,1,22563431,,PDF1.2A
AT5G47230,AT1G06160,GRN_activates,1,22563431,,ERF094
AT4G17490,AT1G06160,GRN_activates,1,22563431,,ERF094
AT1G06160,AT5G44420,GRN_activates,1,22563431,ERF094,PDF1.2A
AT2G36270,AT3G23430,GRN_represses,1,34440762,ABI5,PHO1
AT5G24470,AT2G36270,GRN_regulates,1,34440762,APRR5,ABI5
AT5G02810,AT2G36270,GRN_regulates,1,34440762,,ABI5
AT4G34000,AT5G13170,GRN_activates,1,34440762,,SWEET15
AT2G36270,AT4G37580,GRN_regulates,1,34440762,ABI5,
AT1G60900,AT2G36270,GRN_regulates,1,34440762,,ABI5
AT1G51700,AT1G22710,GRN_regulates,1,23755058,,SUC2
AT3G16770,AT1G44446,GRN_activates,1,25699067,RAP2-3,CAO
AT3G03950,AT3G11940,GRN_regulates,1,37816028,,RPS5B
AT5G51070,AT5G17290,GRN_activates,1,29281085,CLPD,
AT5G43060,AT5G17290,GRN_activates,1,29281085,RD21B,
AT5G10760,AT5G17290,GRN_activates,1,29281085,AED1,
AT5G45890,AT5G17290,GRN_activates,1,29281085,SAG12,
AT4G21650,AT5G17290,GRN_represses,1,29281085,SBT3.13,
AT1G64280,AT3G22370,GRN_regulates,1,25811367,,AOX1A
AT1G18100,AT2G20180,GRN_activates,1,30061395,MFT,
AT1G03790,AT4G36930,GRN_represses,1,30061395,SOM,
AT1G18100,AT5G57050,GRN_activates,1,30061395,MFT,
AT1G18100,AT4G37070,GRN_activates,1,30061395,MFT,
AT1G18100,AT2G38120,GRN_represses,1,30061395,MFT,
AT1G18100,AT4G27260,GRN_represses,1,30061395,MFT,
AT1G18100,AT3G03660,GRN_represses,1,30061395,MFT,
AT1G18100,AT1G17345,GRN_represses,1,30061395,MFT,
AT1G18100,AT5G05690,GRN_represses,1,30061395,MFT,CYP90A1
AT1G18100,AT1G74670,GRN_represses,1,30061395,MFT,GASA6
AT1G18100,AT5G14920,GRN_represses,1,30061395,MFT,GASA14
AT1G18100,AT1G69530,GRN_represses,1,30061395,MFT,ATEXPA1
AT2G36270,AT2G32950,GRN_represses,1,35199338,ABI5,
AT3G47340,AT1G09020,GRN_activates,1,35306666,ASN1,
AT3G30775,AT2G39800,GRN_activates,1,24410747,POX1,
AT1G69120,AT2G42830,GRN_represses,1,29085379,AP1,SHP2
AT1G07430,AT2G39800,GRN_regulates,1,26161086,AIP1,
AT3G62300,AT3G30775,GRN_regulates,1,26161086,,POX1
AT1G07430,AT3G30775,GRN_regulates,1,26161086,AIP1,POX1
AT4G38620,AT1G56650,GRN_represses,1,32990805,,MYB75
AT4G38620,AT1G66390,GRN_represses,1,32990805,,MYB90
AT4G38620,AT5G13930,GRN_represses,1,32990805,,CHS
AT1G52890,AT5G03280,GRN_regulates,1,24659488,NAC019,
AT1G69490,AT5G03280,GRN_regulates,1,24659488,NAC029,
AT3G04070,AT5G03280,GRN_regulates,1,24659488,NAC047,
AT3G15500,AT5G03280,GRN_regulates,1,24659488,NAC055,
AT3G29035,AT5G03280,GRN_regulates,1,24659488,NAC59,
AT5G03280,AT3G15500,GRN_regulates,1,24659488,,NAC055
AT1G69490,AT5G39610,GRN_activates,1,24659488,NAC029,NAC92
AT5G20830,AT3G25250,GRN_represses,1,33620564,,OXI1
AT1G75080,AT2G18300,GRN_activates,1,32326491,,
AT1G54580,ATCG00160,GRN_activates,1,30418084,ACP2,RPS2
AT1G54630,ATCG00160,GRN_activates,1,30418084,,RPS2
AT3G25070,AT5G63580,GRN_regulates,1,30418084,,FLS2
AT3G48740,AT5G23660,GRN_regulates,1,36911252,SWEET11,SWEET12
AT1G25580,AT3G54180,GRN_represses,1,34079040,,CDKB1-1
AT1G25580,AT1G76540,GRN_represses,1,34079040,,CDKB2-1
AT1G14410,ATCG00130,GRN_activates,1,30943245,,ATPF
AT4G00650,AT1G14900,GRN_regulates,1,34117065,,HMGA
AT3G46900,AT3G18290,GRN_activates,1,28620661,COPT2,
AT5G60910,AT4G29740,GRN_activates,1,37570908,AGL8,
AT5G60910,AT4G18170,GRN_activates,1,37570908,AGL8,WRKY28
AT5G60910,AT3G55560,GRN_activates,1,37570908,AGL8,AHL15
AT5G60910,AT3G53310,GRN_activates,1,37570908,AGL8,
AT1G14870,AT5G10140,GRN_represses,1,31331261,PCR2,
AT4G16355,AT2G14610,GRN_regulates,1,31331261,,PR1
AT5G03545,AT2G34208,GRN_regulates,1,31331261,AT4,
AT1G10940,AT1G07890,GRN_regulates,1,30609769,,APX1
AT1G60940,AT1G07890,GRN_regulates,1,30609769,,APX1
AT1G10940,AT3G49110,GRN_regulates,1,30609769,,PER33
AT1G10940,AT3G49120,GRN_regulates,1,30609769,,PER34
AT1G60940,AT3G49110,GRN_regulates,1,30609769,,PER33
AT4G17490,AT3G49110,GRN_regulates,1,30609769,,PER33
AT2G46830,ATCG00160,GRN_regulates,1,23754942,CCA1,RPS2
AT5G06960,AT3G28740,GRN_regulates,1,27073862,TGA5,CYP81D11
AT4G14130,AT1G09530,GRN_regulates,1,24420574,XTH15,
AT2G20180,AT3G59060,GRN_activates,1,24420574,,PIF5
AT1G09530,AT3G59060,GRN_activates,1,24420574,,PIF5
AT2G43010,AT3G59060,GRN_activates,1,24420574,,PIF5
AT2G46830,AT5G60100,GRN_represses,1,33675668,CCA1,
AT5G65060,AT2G45660,GRN_represses,1,28261246,,SOC1
AT2G45660,AT5G47010,GRN_represses,1,28261246,SOC1,
AT2G45660,AT1G33980,GRN_represses,1,28261246,SOC1,
AT3G09922,AT5G41663,GRN_represses,1,28106309,IPS1,
AT2G40080,AT3G22840,GRN_regulates,1,25147271,,ELIP1
AT2G46830,AT3G17609,GRN_represses,1,25147271,CCA1,
AT1G26945,AT1G75080,GRN_regulates,1,22820377,PRE6,
AT5G25220,AT2G35940,GRN_represses,1,25671434,,BLH1
AT3G55360,AT5G23060,GRN_regulates,1,34016974,,CAS
AT5G28770,AT5G20250,GRN_regulates,1,26263501,BZIP63,DIN10
AT4G19170,AT3G01472,GRN_activates,1,21406103,CCD4,
AT1G21250,AT3G01472,GRN_activates,1,21406103,WAK1,
AT3G01472,AT2G21140,GRN_regulates,1,21406103,,PRP2
AT3G01472,AT4G19170,GRN_represses,1,21406103,,CCD4
AT3G01472,AT2G40170,GRN_represses,1,21406103,,EM6
AT3G01472,AT5G62490,GRN_represses,1,21406103,,HVA22B
AT3G01472,AT4G33070,GRN_activates,1,21406103,,PDC1
AT3G01472,AT1G21250,GRN_activates,1,21406103,,WAK1
AT3G01472,AT5G44130,GRN_represses,1,21406103,,FLA13
AT3G01500,AT2G41900,GRN_regulates,1,36388557,BCA1,
AT3G10930,AT2G38470,GRN_represses,1,28586470,,WRKY33
AT3G10930,AT1G80840,GRN_represses,1,28586470,,WRKY40
AT3G10930,AT1G27730,GRN_represses,1,28586470,,ZAT10
AT3G10930,AT5G14740,GRN_represses,1,28586470,,
AT3G10930,AT3G47340,GRN_activates,1,28586470,,ASN1
AT3G10930,AT2G43010,GRN_activates,1,28586470,,
AT5G05300,AT5G59820,GRN_represses,1,28586470,,ZAT12
AT5G22570,AT5G05300,GRN_represses,1,35845701,WRKY38,
AT5G01900,AT5G05300,GRN_represses,1,35845701,WRKY62,
AT4G26080,AT5G05300,GRN_activates,1,35845701,,
AT5G57050,AT5G05300,GRN_activates,1,35845701,,
AT2G27710,AT5G14740,GRN_activates,1,34919778,RPP2B,
AT1G69780,AT3G57260,GRN_activates,1,29326734,,BGL2
AT1G69780,AT3G04720,GRN_activates,1,29326734,,HEL
AT4G23650,AT2G35980,GRN_activates,1,20497378,,NHL10
AT4G31800,AT5G49520,GRN_regulates,1,21167067,,WRKY48
AT4G25490,AT1G14790,GRN_regulates,1,36681861,DREB1B,
AT4G25490,AT4G11130,GRN_regulates,1,36681861,DREB1B,
AT4G25490,AT3G49500,GRN_regulates,1,36681861,DREB1B,
AT4G25490,AT4G07395,GRN_regulates,1,36681861,DREB1B,
AT1G03360,AT4G07395,GRN_regulates,1,36681861,RRP4,
AT3G57880,AT4G37930,GRN_regulates,1,37834339,,SHM1
AT4G37930,AT3G27010,GRN_represses,1,37834339,SHM1,
AT5G51780,AT1G32640,GRN_represses,1,34281206,,MYC2
AT3G57670,AT1G19850,GRN_regulates,1,37450945,,ARF5
AT4G10270,AT1G19850,GRN_regulates,1,37450945,,ARF5
AT4G33560,AT1G19850,GRN_regulates,1,37450945,,ARF5
AT5G61890,AT1G19850,GRN_activates,1,37450945,,ARF5
AT4G08150,AT1G19850,GRN_regulates,1,37450945,KNAT1,ARF5
AT3G54990,AT1G19850,GRN_regulates,1,37450945,,ARF5
AT1G16530,AT1G19850,GRN_regulates,1,37450945,,ARF5
AT1G20090,AT1G19850,GRN_regulates,1,37450945,,ARF5
AT5G11190,AT2G26400,GRN_activates,1,21637781,,ARD
AT5G25390,AT2G43620,GRN_activates,1,21637781,,
AT3G56710,AT2G14610,GRN_activates,1,20040062,SIB1,PR1
AT3G56710,AT3G57260,GRN_activates,1,20040062,SIB1,BGL2
AT3G56710,AT1G33960,GRN_activates,1,20040062,SIB1,AIG1
AT3G56710,AT5G44420,GRN_activates,1,20040062,SIB1,PDF1.2A
AT3G56710,AT2G26020,GRN_activates,1,20040062,SIB1,PDF1.2B
AT3G56710,AT1G08540,GRN_regulates,1,20040062,SIB1,
AT3G56710,ATCG00350,GRN_regulates,1,20040062,SIB1,PSAA
AT1G06520,AT2G19450,GRN_represses,1,37064996,GPAT1,
AT2G38110,AT2G19450,GRN_represses,1,37064996,GPAT6,
AT3G52430,AT1G32640,GRN_represses,1,32925907,PAD4,MYC2
AT3G45140,AT3G25770,GRN_regulates,1,31234561,LOX2,AOC2
AT2G35160,AT3G24650,GRN_represses,1,25852712,,ABI3
AT1G51140,AT5G46240,GRN_activates,1,27769939,,KAT1
AT1G51140,AT2G26650,GRN_activates,1,27769939,,AKT1
AT2G13790,AT5G14740,GRN_regulates,1,31679931,SERK4,
AT3G15500,AT3G25800,GRN_represses,1,30544557,NAC055,
AT5G63110,AT2G27050,GRN_regulates,1,30544557,HDA6,
AT2G27050,AT1G06160,GRN_regulates,1,30544557,,ERF094
AT1G23200,AT5G63110,GRN_represses,1,25487573,PME6,HDA6
AT5G44200,AT5G06100,GRN_represses,1,36073540,CBP20,
AT1G60940,AT4G27410,GRN_regulates,1,37621885,,RD26
AT1G60940,AT5G04340,GRN_regulates,1,37621885,,ZAT6
AT1G60940,AT2G46400,GRN_regulates,1,37621885,,WRKY46
AT5G52310,AT5G62100,GRN_activates,1,34072612,RD29A,
AT5G52310,AT2G46240,GRN_activates,1,34072612,RD29A,
AT3G14440,AT5G62100,GRN_represses,1,34072612,NCED3,
AT3G14440,AT2G46240,GRN_represses,1,34072612,NCED3,
AT3G16500,AT3G48360,GRN_represses,1,34597402,,BT2
AT5G48490,AT5G14740,GRN_regulates,1,23943091,,
AT2G33380,AT4G34050,GRN_represses,1,33919418,PXG3,CCoAOMT1
AT3G14440,AT4G34050,GRN_represses,1,33919418,NCED3,CCoAOMT1
AT1G16540,AT4G34050,GRN_represses,1,33919418,,CCoAOMT1
AT5G42180,AT5G57620,GRN_represses,1,27891649,PER64,MYB36
AT1G44970,AT5G57620,GRN_represses,1,27891649,PER9,MYB36
AT5G57050,AT1G12110,GRN_regulates,1,32526869,,NPF6.3
AT4G17615,AT1G12110,GRN_regulates,1,32526869,CBL1,NPF6.3
AT4G17615,AT1G08090,GRN_regulates,1,32526869,CBL1,
AT1G12110,AT5G60770,GRN_activates,1,32526869,NPF6.3,
AT1G12110,AT5G14740,GRN_activates,1,32526869,NPF6.3,
AT2G30950,AT4G27670,GRN_regulates,1,34203346,VAR2,
AT4G37930,AT2G23430,GRN_activates,1,26528298,SHM1,
AT1G73590,AT2G23430,GRN_activates,1,26528298,PIN1,
AT4G24570,AT2G31980,GRN_activates,1,34498076,PUMP4,CYS2
AT3G14420,AT3G14415,GRN_regulates,1,31878154,GLO1,
AT4G25140,AT2G29525,GRN_activates,1,31120963,OLEO1,
AT4G09530,AT4G34760,GRN_represses,1,35357495,,SAUR50
AT1G09000,AT4G23810,GRN_regulates,1,34991444,,WRKY53
AT5G60910,AT4G36930,GRN_regulates,1,25018763,AGL8,
AT2G42830,AT5G67110,GRN_regulates,1,25018763,SHP2,ALC
AT1G08830,AT5G14545,GRN_represses,1,30632163,CSD1,
AT4G36920,AT1G53160,GRN_represses,1,29672610,,SPL4
AT5G22470,AT4G02390,GRN_regulates,1,33324653,,
AT5G13180,AT5G39610,GRN_represses,1,37731912,NAC083,NAC92
AT5G13180,AT3G29035,GRN_represses,1,37731912,NAC083,NAC59
AT3G04720,AT3G22231,GRN_regulates,1,32552683,HEL,PCC1
AT3G12500,AT3G22231,GRN_regulates,1,32552683,CHI-B,PCC1
AT1G56650,AT5G17220,GRN_activates,1,32552683,MYB75,GSTF12
AT1G56650,AT4G09820,GRN_activates,1,32552683,MYB75,TT8
AT1G27730,AT1G56650,GRN_regulates,1,32552683,ZAT10,MYB75
AT3G21700,AT1G09530,GRN_regulates,1,28529706,SGP2,
AT3G21700,AT5G16560,GRN_regulates,1,28529706,SGP2,
AT3G59660,AT1G49050,GRN_regulates,1,36818878,,APCB1
AT5G64770,AT5G57090,GRN_regulates,1,35229426,RGF9,
AT4G25480,AT4G25490,GRN_regulates,1,28051152,,DREB1B
AT4G25490,AT5G17490,GRN_activates,1,28051152,DREB1B,
AT4G25470,AT5G17490,GRN_activates,1,28051152,DREB1C,
AT4G33430,AT4G14365,GRN_represses,1,34638807,,XBAT34
AT4G33070,AT4G14640,GRN_represses,1,34638807,PDC1,
AT2G18660,AT4G14640,GRN_activates,1,34638807,EGC2,
AT5G59310,AT4G14640,GRN_activates,1,34638807,LTP4,
AT3G25010,AT4G14640,GRN_activates,1,34638807,AtRLP41,
AT4G14365,AT4G14640,GRN_activates,1,34638807,XBAT34,
AT1G62400,AT3G01490,GRN_activates,1,36089821,,
AT5G61420,AT3G49580,GRN_regulates,1,19597944,MYB28,LSU1
AT2G17290,AT4G22200,GRN_regulates,1,33562460,,AKT2
AT2G14610,AT5G47910,GRN_activates,1,33198167,PR1,
AT5G44190,AT1G68520,GRN_activates,1,36597356,GLK2,COL6
AT5G44190,AT1G25440,GRN_activates,1,36597356,GLK2,COL16
AT5G44190,AT1G73870,GRN_activates,1,36597356,GLK2,COL7
AT2G20570,AT2G45660,GRN_represses,1,36597356,GPRI1,SOC1
AT4G20370,AT2G20570,GRN_represses,1,36597356,,GPRI1
AT2G20570,AT4G20370,GRN_represses,1,36597356,GPRI1,
AT1G68520,AT5G44190,GRN_regulates,1,36597356,COL6,GLK2
AT1G25440,AT2G20570,GRN_regulates,1,36597356,COL16,GPRI1
AT1G25440,AT5G44190,GRN_regulates,1,36597356,COL16,GLK2
AT1G73870,AT2G20570,GRN_regulates,1,36597356,COL7,GPRI1
AT2G20570,AT2G33810,GRN_regulates,1,36597356,GPRI1,SPL3
AT2G20570,AT1G53160,GRN_regulates,1,36597356,GPRI1,SPL4
AT2G20570,AT3G15270,GRN_regulates,1,36597356,GPRI1,
AT2G20570,AT2G42200,GRN_regulates,1,36597356,GPRI1,SPL9
AT2G20570,AT3G57920,GRN_regulates,1,36597356,GPRI1,
AT2G20570,AT1G44446,GRN_regulates,1,36597356,GPRI1,CAO
AT2G20570,AT3G59400,GRN_regulates,1,36597356,GPRI1,GUN4
AT2G20570,AT3G02380,GRN_regulates,1,36597356,GPRI1,
AT2G20570,AT3G21880,GRN_regulates,1,36597356,GPRI1,
AT2G20570,AT1G68190,GRN_regulates,1,36597356,GPRI1,
AT5G63860,AT5G42800,GRN_activates,1,31100755,,DFRA
AT5G63860,AT4G14690,GRN_activates,1,31100755,,ELIP2
AT1G71890,AT1G54040,GRN_activates,1,28228767,SUC5,
AT5G15120,AT3G54110,GRN_activates,1,35114096,PCO1,
AT5G39890,AT3G54110,GRN_activates,1,35114096,PCO2,
AT1G19350,AT5G24030,GRN_activates,1,36938058,,SLAH3
AT3G51860,AT1G19350,GRN_regulates,1,36938058,CAX3,
AT4G10310,AT1G19350,GRN_activates,1,36938058,HKT1,
AT1G19350,AT5G52640,GRN_activates,1,36938058,,HSP90-1
AT1G19350,AT2G38340,GRN_activates,1,36938058,,DREB2E
AT1G19350,AT1G21910,GRN_activates,1,36938058,,ERF012
AT1G19350,AT1G17170,GRN_activates,1,36938058,,GSTU24
AT1G19350,AT2G37040,GRN_activates,1,36938058,,PAL1
AT1G19350,AT5G13930,GRN_activates,1,36938058,,CHS
AT1G19350,AT3G51240,GRN_activates,1,36938058,,F3H
AT1G19350,AT5G42800,GRN_activates,1,36938058,,DFRA
AT1G19350,AT4G22880,GRN_activates,1,36938058,,LDOX
AT1G11960,AT5G14740,GRN_regulates,1,35008895,,
AT4G25470,AT2G39810,GRN_activates,1,33419060,DREB1C,
AT5G15970,AT2G39810,GRN_activates,1,33419060,KIN2,
AT4G09820,AT2G39810,GRN_activates,1,33419060,TT8,
AT2G36270,AT5G61420,GRN_regulates,1,33419060,ABI5,MYB28
AT2G36270,AT5G07690,GRN_regulates,1,33419060,ABI5,MYB29
AT2G36270,AT3G16500,GRN_regulates,1,33419060,ABI5,
AT2G36270,AT4G29080,GRN_regulates,1,33419060,ABI5,IAA27
AT1G74930,AT4G01550,GRN_regulates,1,30347890,ERF018,
AT1G74930,AT4G28530,GRN_regulates,1,30347890,ERF018,
AT4G17810,AT2G41940,GRN_represses,1,38155851,,ZFP8
AT3G45780,AT1G73590,GRN_regulates,1,24465665,,PIN1
AT4G25490,AT5G01820,GRN_represses,1,30563125,DREB1B,
AT5G01820,AT4G25490,GRN_regulates,1,30563125,,DREB1B
AT5G62470,AT4G30850,GRN_activates,1,30563125,MYB96,HHP2
AT1G19350,AT3G24650,GRN_represses,1,33815475,,ABI3
AT5G28650,AT1G02930,GRN_regulates,1,35204271,,GSTF6
AT5G27600,AT2G46830,GRN_regulates,1,25264899,,CCA1
AT5G04040,AT2G46830,GRN_activates,1,25264899,,CCA1
AT2G19450,AT2G46830,GRN_activates,1,25264899,,CCA1
AT4G39850,AT2G46830,GRN_regulates,1,25264899,PXA1,CCA1
AT4G16760,AT2G46830,GRN_represses,1,25264899,,CCA1
AT3G06860,AT2G46830,GRN_represses,1,25264899,,CCA1
AT5G14740,AT3G01310,GRN_regulates,1,31504762,,
AT5G06870,AT1G16240,GRN_regulates,1,32292410,PGIP2,
AT5G49520,AT5G24110,GRN_activates,1,18158584,WRKY48,
AT5G63110,AT4G26080,GRN_regulates,1,32158458,HDA6,
AT5G63110,AT5G57050,GRN_regulates,1,32158458,HDA6,
AT5G63110,AT3G15210,GRN_regulates,1,32158458,HDA6,
AT4G38130,AT1G50640,GRN_represses,1,32158458,HDA19,
AT4G38130,AT3G15210,GRN_represses,1,32158458,HDA19,
AT4G38130,AT3G20310,GRN_represses,1,32158458,HDA19,
AT4G38130,AT1G24190,GRN_represses,1,32158458,HDA19,
AT4G38130,AT2G45640,GRN_represses,1,32158458,HDA19,
AT3G45140,AT2G41680,GRN_activates,1,27168965,LOX2,
AT2G06050,AT2G41680,GRN_activates,1,27168965,OPR3,
AT1G32640,AT2G41680,GRN_activates,1,27168965,MYC2,
AT1G28480,AT2G41680,GRN_activates,1,27168965,GRXC9,
AT1G52890,AT2G41680,GRN_activates,1,27168965,NAC019,
AT5G11260,AT1G35720,GRN_regulates,1,34887887,,ANN1
AT5G11260,AT2G38750,GRN_regulates,1,34887887,,ANN4
AT1G29860,AT5G60910,GRN_activates,1,32351536,,AGL8
AT3G19980,AT2G36270,GRN_activates,1,33276690,,ABI5
AT3G01090,AT3G22370,GRN_activates,1,33276690,,AOX1A
AT5G46800,AT1G17745,GRN_activates,1,30559749,,PGDH
AT1G72910,AT3G52430,GRN_activates,1,33121126,,PAD4
AT1G72940,AT3G52430,GRN_activates,1,33121126,,PAD4
AT1G33560,AT3G52430,GRN_activates,1,33121126,,PAD4
AT1G72910,AT3G48090,GRN_activates,1,33121126,,
AT1G72910,AT1G64280,GRN_activates,1,33121126,,
AT1G72910,AT5G47010,GRN_activates,1,33121126,,
AT5G52310,AT2G32950,GRN_represses,1,36545005,RD29A,
AT2G42540,AT2G32950,GRN_represses,1,36545005,COR15A,
AT2G18790,AT5G39610,GRN_regulates,1,27135344,,NAC92
AT2G18790,AT4G22920,GRN_regulates,1,27135344,,SGR1
AT2G18790,AT4G13250,GRN_regulates,1,27135344,,NYC1
AT1G53910,AT5G39890,GRN_activates,1,35507656,,PCO2
AT1G53910,AT4G33070,GRN_activates,1,35507656,,PDC1
AT1G53910,AT2G16060,GRN_activates,1,35507656,,AHB1
AT3G56400,AT1G53910,GRN_activates,1,35507656,WRKY70,
AT1G27730,AT4G12560,GRN_activates,1,29018463,ZAT10,
AT2G14610,AT4G12560,GRN_regulates,1,29018463,PR1,
AT3G57260,AT4G12560,GRN_regulates,1,29018463,BGL2,
AT3G13300,AT3G54050,GRN_activates,1,33747018,,CFBP1
AT3G60140,AT2G17870,GRN_activates,1,24251108,BGLU30,
AT4G31800,AT1G27730,GRN_activates,1,24251108,,ZAT10
AT1G19020,AT1G27730,GRN_activates,1,24251108,,ZAT10
AT1G35140,AT5G59820,GRN_activates,1,24251108,EXL1,ZAT12
AT1G35140,AT2G17870,GRN_activates,1,24251108,EXL1,
AT1G02930,AT2G17870,GRN_activates,1,24251108,GSTF6,
AT1G02920,AT2G17870,GRN_activates,1,24251108,GSTF7,
AT1G22070,AT2G18660,GRN_regulates,1,18307823,,EGC2
AT5G51810,AT4G25420,GRN_activates,1,29264708,GA20OX2,
AT4G25420,AT5G51810,GRN_activates,1,29264708,,GA20OX2
AT5G07200,AT5G51810,GRN_activates,1,29264708,GA20OX3,GA20OX2
AT5G61350,AT1G69530,GRN_represses,1,36290356,,ATEXPA1
AT2G22370,AT1G75040,GRN_activates,1,32194589,,PR5
AT5G02030,AT4G00180,GRN_represses,1,22943452,,YAB3
AT2G16720,AT4G25000,GRN_represses,1,23118859,,AMY1
AT2G25900,AT1G74670,GRN_represses,1,23118859,,GASA6
AT1G54990,AT1G73590,GRN_regulates,1,33616955,,PIN1
AT5G61980,AT1G21970,GRN_represses,1,25410906,,NFYB9
AT4G32010,AT1G21970,GRN_represses,1,25410906,,NFYB9
AT5G64930,AT5G50260,GRN_regulates,1,28846731,,CEP1
AT4G31877,AT2G42200,GRN_regulates,1,37374167,,SPL9
AT1G16610,AT1G65060,GRN_regulates,1,37374167,,4CL3
AT1G16610,AT3G55120,GRN_regulates,1,37374167,,CHI1
AT3G54180,AT4G11140,GRN_represses,1,31387989,CDKB1-1,
AT5G11590,AT5G54160,GRN_represses,1,33995450,,OMT1
AT5G11590,AT5G12870,GRN_activates,1,33995450,,MYB46
AT5G11590,AT3G61910,GRN_represses,1,33995450,,NAC066
AT5G11590,AT2G46770,GRN_activates,1,33995450,,NAC043
AT5G11590,AT3G08500,GRN_represses,1,33995450,,MYB83
AT4G21120,AT2G36270,GRN_represses,1,28391398,,ABI5
AT1G78390,AT2G36270,GRN_activates,1,28391398,,ABI5
AT3G46900,AT1G08030,GRN_activates,1,25908239,COPT2,
AT2G26190,AT1G21970,GRN_represses,1,29951071,IQM4,NFYB9
AT2G26190,AT1G28300,GRN_represses,1,29951071,IQM4,
AT2G26190,AT3G24650,GRN_represses,1,29951071,IQM4,ABI3
AT2G26190,AT2G40220,GRN_represses,1,29951071,IQM4,
AT2G26190,AT5G57050,GRN_represses,1,29951071,IQM4,
AT2G26190,AT3G50500,GRN_represses,1,29951071,IQM4,
AT1G80840,AT2G47190,GRN_represses,1,29951071,WRKY40,ATMYB2
AT1G80840,AT5G66400,GRN_represses,1,29951071,WRKY40,RAB18
AT1G62710,AT5G22260,GRN_represses,1,31858133,bVPE,
AT1G62710,AT5G07280,GRN_represses,1,31858133,bVPE,EMS1
AT1G62710,AT4G27330,GRN_represses,1,31858133,bVPE,
AT1G62710,AT3G28470,GRN_activates,1,31858133,bVPE,
AT3G54050,AT3G44340,GRN_activates,1,28133462,CFBP1,
AT1G25540,AT4G39210,GRN_represses,1,26341899,,APL3
AT1G09570,AT1G30620,GRN_represses,1,26341899,,MUR4
AT2G18790,AT1G30620,GRN_represses,1,26341899,,MUR4
AT2G31400,AT1G07890,GRN_activates,1,36618674,,APX1
AT3G61590,AT5G44200,GRN_regulates,1,29244865,,CBP20
AT1G07890,AT3G09640,GRN_activates,1,23183257,APX1,
AT3G09640,AT1G07890,GRN_activates,1,23183257,,APX1
AT3G17410,AT5G52310,GRN_regulates,1,29970817,,RD29A
AT4G17870,AT5G52310,GRN_regulates,1,29970817,,RD29A
AT5G52310,AT3G17410,GRN_regulates,1,29970817,RD29A,
AT2G28900,AT3G24650,GRN_regulates,1,22155670,OEP161,ABI3
AT2G28900,AT2G36270,GRN_regulates,1,22155670,OEP161,ABI5
AT2G28900,AT3G26790,GRN_regulates,1,22155670,OEP161,
AT3G26790,AT2G28900,GRN_regulates,1,22155670,,OEP161
AT4G24020,AT4G25490,GRN_represses,1,35767615,,DREB1B
AT4G24020,AT5G07200,GRN_regulates,1,35767615,,GA20OX3
AT4G24020,AT4G25470,GRN_regulates,1,35767615,,DREB1C
AT4G24020,AT1G12610,GRN_regulates,1,35767615,,DREB1F
AT1G55920,AT4G35090,GRN_activates,1,25741355,SAT1,
AT5G67320,AT1G29930,GRN_regulates,1,35283908,,LHCB1.3
AT5G67320,AT1G67090,GRN_regulates,1,35283908,,RBCS-1A
AT5G39610,AT5G67320,GRN_represses,1,35283908,NAC92,
AT5G45890,AT5G67320,GRN_represses,1,35283908,SAG12,
AT5G13170,AT5G67320,GRN_represses,1,35283908,SWEET15,
AT1G67090,AT5G67320,GRN_activates,1,35283908,RBCS-1A,
AT2G30950,AT4G25100,GRN_represses,1,35360337,VAR2,
AT2G01980,AT2G26650,GRN_activates,1,36559553,,AKT1
AT5G53210,AT1G31580,GRN_activates,1,26157447,,ECS1
AT5G53210,AT5G61420,GRN_represses,1,26157447,,MYB28
AT5G53210,AT5G07690,GRN_represses,1,26157447,,MYB29
AT5G53210,AT5G60890,GRN_represses,1,26157447,,MYB34
AT5G16570,AT5G04140,GRN_represses,1,20307264,GLN1-4,GLU1
AT2G15620,AT5G04140,GRN_activates,1,20307264,NIR1,GLU1
AT3G47340,AT5G04140,GRN_represses,1,20307264,ASN1,GLU1
AT5G65010,AT5G04140,GRN_represses,1,20307264,ASN2,GLU1
AT5G04140,AT1G32450,GRN_activates,1,20307264,GLU1,NPF7.3
AT5G04140,AT5G14570,GRN_activates,1,20307264,GLU1,
AT5G04140,AT2G38290,GRN_activates,1,20307264,GLU1,
AT5G04140,AT5G40890,GRN_represses,1,20307264,GLU1,CLC-A
AT5G04140,AT3G26520,GRN_represses,1,20307264,GLU1,TIP1-2
AT5G04140,AT5G47450,GRN_represses,1,20307264,GLU1,
AT5G04140,AT4G26530,GRN_represses,1,20307264,GLU1,FBA5
AT5G04140,AT4G37930,GRN_represses,1,20307264,GLU1,SHM1
AT5G59820,AT5G04140,GRN_activates,1,20307264,ZAT12,GLU1
AT2G46830,AT5G04140,GRN_represses,1,20307264,CCA1,GLU1
AT2G40340,AT5G04140,GRN_activates,1,20307264,,GLU1
AT3G53260,AT5G04140,GRN_represses,1,20307264,,GLU1
AT5G04230,AT5G04140,GRN_represses,1,20307264,,GLU1
AT3G10340,AT5G04140,GRN_represses,1,20307264,PAL4,GLU1
AT4G34138,AT5G04140,GRN_activates,1,20307264,,GLU1
AT2G36790,AT5G04140,GRN_activates,1,20307264,,GLU1
AT2G42250,AT5G04140,GRN_activates,1,20307264,,GLU1
AT3G52970,AT5G04140,GRN_activates,1,20307264,,GLU1
AT5G06900,AT5G04140,GRN_activates,1,20307264,,GLU1
AT5G36140,AT5G04140,GRN_activates,1,20307264,,GLU1
AT4G39510,AT5G04140,GRN_activates,1,20307264,CYP96A12,GLU1
AT4G13770,AT5G04140,GRN_activates,1,20307264,CYP83A1,GLU1
AT3G28740,AT5G04140,GRN_activates,1,20307264,CYP81D11,GLU1
AT4G37370,AT5G04140,GRN_activates,1,20307264,CYP81D8,GLU1
AT1G05560,AT4G35090,GRN_activates,1,20307264,UGT1,
AT4G15550,AT5G04140,GRN_activates,1,20307264,UGT75D1,GLU1
AT1G05680,AT5G04140,GRN_activates,1,20307264,UGT74E2,GLU1
AT1G17170,AT5G04140,GRN_activates,1,20307264,GSTU24,GLU1
AT2G18790,AT5G37260,GRN_represses,1,27506149,,RVE2
AT4G35230,AT5G63580,GRN_regulates,1,28680425,,FLS2
AT1G73590,AT5G11320,GRN_represses,1,32105289,PIN1,
AT1G70940,AT5G11320,GRN_activates,1,32105289,PIN3,
AT1G10522,AT1G09340,GRN_regulates,1,25161659,,CRB
ATCG00350,AT1G10522,GRN_represses,1,25161659,PSAA,
ATCG00350,AT1G09340,GRN_represses,1,25161659,PSAA,CRB
ATCG00020,AT1G10522,GRN_represses,1,25161659,PSBA,
ATCG00020,AT1G09340,GRN_represses,1,25161659,PSBA,CRB
ATCG00270,AT1G10522,GRN_represses,1,25161659,PSBD,
ATCG00270,AT1G09340,GRN_represses,1,25161659,PSBD,CRB
AT1G44350,AT2G14610,GRN_regulates,1,34276735,ILL6,PR1
AT1G44350,AT3G57260,GRN_regulates,1,34276735,ILL6,BGL2
AT2G46830,AT1G20980,GRN_regulates,1,36531344,CCA1,
AT2G46510,AT1G62380,GRN_represses,1,28604689,,ACO2
AT4G10310,AT3G19350,GRN_activates,1,38202354,HKT1,
AT2G26980,AT4G26080,GRN_activates,1,38202354,CIPK3,
AT5G01810,AT5G64750,GRN_activates,1,38202354,,ABR1
AT4G25490,AT1G19550,GRN_regulates,1,27014325,DREB1B,
AT5G15970,AT1G19550,GRN_regulates,1,27014325,KIN2,
AT5G52310,AT1G19550,GRN_regulates,1,27014325,RD29A,
AT5G67070,AT2G20700,GRN_activates,1,31564495,RALFL34,LLG2
AT3G16570,AT2G20700,GRN_activates,1,31564495,,LLG2
AT1G28270,AT5G56170,GRN_activates,1,31564495,RALFL4,
AT1G07890,AT4G23100,GRN_activates,1,35052510,APX1,
AT3G11090,AT5G43810,GRN_activates,1,37958684,,AGO10
AT3G51770,AT1G01480,GRN_represses,1,16091151,ETO1,
AT3G51770,AT2G22810,GRN_represses,1,16091151,ETO1,
AT5G28360,AT3G51770,GRN_activates,1,16091151,,ETO1
AT5G42640,AT2G45660,GRN_activates,1,24415834,,SOC1
AT5G42640,AT1G69120,GRN_activates,1,24415834,,AP1
AT2G14610,AT1G06580,GRN_activates,1,37307565,PR1,
AT3G61430,AT1G01620,GRN_activates,1,36471241,,PIP1-3
AT3G61430,AT5G60660,GRN_activates,1,36471241,,PIP2-4
AT3G61430,AT4G35100,GRN_activates,1,36471241,,PIP2-7
AT3G61430,AT2G16850,GRN_activates,1,36471241,,PIP2-8
AT1G01620,AT2G45960,GRN_activates,1,36471241,PIP1-3,
AT1G01620,AT3G53420,GRN_activates,1,36471241,PIP1-3,
AT1G01620,AT5G60660,GRN_activates,1,36471241,PIP1-3,PIP2-4
AT2G37180,AT2G45960,GRN_activates,1,36471241,PIP2-3,
AT2G37180,AT1G01620,GRN_activates,1,36471241,PIP2-3,PIP1-3
AT2G37180,AT4G00430,GRN_activates,1,36471241,PIP2-3,
AT2G37180,AT3G53420,GRN_activates,1,36471241,PIP2-3,
AT2G37180,AT5G60660,GRN_activates,1,36471241,PIP2-3,PIP2-4
AT2G39010,AT2G45960,GRN_activates,1,36471241,PIP2-6,
AT2G39010,AT4G00430,GRN_activates,1,36471241,PIP2-6,
AT2G39010,AT3G53420,GRN_activates,1,36471241,PIP2-6,
AT2G39010,AT2G16850,GRN_activates,1,36471241,PIP2-6,PIP2-8
AT3G01490,AT1G12480,GRN_activates,1,33343603,,
AT1G80330,AT3G63010,GRN_activates,1,37275251,,GID1B
AT5G47910,AT4G25490,GRN_represses,1,34573090,,DREB1B
AT5G47910,AT1G20440,GRN_represses,1,34573090,,COR47
AT5G47910,AT1G20450,GRN_represses,1,34573090,,ERD10
AT5G47910,AT5G15960,GRN_represses,1,34573090,,KIN1
AT3G26744,AT5G26000,GRN_activates,1,30286083,,TGG1
AT3G26744,AT5G25980,GRN_activates,1,30286083,,TGG2
AT3G26744,AT5G66400,GRN_represses,1,30286083,,RAB18
AT3G26744,AT3G50970,GRN_represses,1,30286083,,XERO2
AT3G26744,AT5G54510,GRN_represses,1,30286083,,GH3.6
AT3G26744,AT3G48360,GRN_represses,1,30286083,,BT2
AT4G29140,AT2G14610,GRN_regulates,1,36835638,,PR1
AT4G16280,AT2G36270,GRN_represses,1,23307919,,ABI5
AT1G09450,AT4G37390,GRN_activates,1,35463436,,YDK1
AT1G68010,AT4G35090,GRN_represses,1,34977450,HPR,
AT1G12110,AT5G35630,GRN_represses,1,34400629,NPF6.3,GLN2
AT5G13300,AT1G73590,GRN_regulates,1,35723181,,PIN1
AT3G12580,AT2G41680,GRN_activates,1,34618130,MED37C,
AT1G27730,AT4G25480,GRN_regulates,1,27439459,ZAT10,
AT2G37040,AT1G27730,GRN_regulates,1,27439459,PAL1,ZAT10
AT5G13930,AT1G27730,GRN_regulates,1,27439459,CHS,ZAT10
AT2G37040,AT3G61190,GRN_regulates,1,27439459,PAL1,
AT5G13930,AT3G61190,GRN_regulates,1,27439459,CHS,
AT2G37040,AT1G77490,GRN_regulates,1,27439459,PAL1,
AT5G13930,AT1G77490,GRN_regulates,1,27439459,CHS,
AT2G37040,AT3G26744,GRN_regulates,1,27439459,PAL1,
AT5G13930,AT3G26744,GRN_regulates,1,27439459,CHS,
AT2G43790,AT5G13930,GRN_regulates,1,27439459,,CHS
AT5G13790,AT2G45480,GRN_regulates,1,31640280,AGL15,
AT5G14740,AT5G67030,GRN_activates,1,33193463,,ZEP
AT5G04140,AT3G17810,GRN_regulates,1,34685959,GLU1,
AT2G40620,AT1G12110,GRN_activates,1,34685959,,NPF6.3
AT1G06070,AT1G12110,GRN_activates,1,34685959,,NPF6.3
AT2G40620,AT5G04140,GRN_activates,1,34685959,,GLU1
AT1G06070,AT5G04140,GRN_activates,1,34685959,,GLU1
AT1G19490,AT5G04140,GRN_regulates,1,34685959,,GLU1
AT5G22880,AT1G49430,GRN_regulates,1,36901718,H2B,LACS2
AT5G22880,AT1G02205,GRN_regulates,1,36901718,H2B,CER1
AT1G71692,AT2G42200,GRN_regulates,1,37628953,,SPL9
AT3G53320,AT1G19020,GRN_activates,1,34630448,,
AT3G53320,AT3G16670,GRN_activates,1,34630448,,
AT3G53320,AT1G27730,GRN_activates,1,34630448,,ZAT10
AT3G53320,AT1G02930,GRN_activates,1,34630448,,GSTF6
AT4G35700,AT4G38810,GRN_regulates,1,36515615,,
AT4G35700,AT3G60460,GRN_regulates,1,36515615,,
AT3G26744,AT2G43060,GRN_regulates,1,31783407,,IBH1
AT3G26744,AT2G06850,GRN_regulates,1,31783407,,XTH4
AT3G26744,AT4G38400,GRN_regulates,1,31783407,,EXLA2
AT4G25470,AT4G27440,GRN_activates,1,31783407,DREB1C,PORB
AT4G25470,AT1G03630,GRN_activates,1,31783407,DREB1C,
AT3G26744,AT4G27440,GRN_represses,1,31783407,,PORB
AT1G32770,AT2G40320,GRN_activates,1,26745802,NAC012,TBL33
AT1G14920,AT5G14920,GRN_represses,1,33669030,,GASA14
AT1G66350,AT5G14920,GRN_represses,1,33669030,RGL1,GASA14
AT5G39610,AT3G13672,GRN_regulates,1,35604104,NAC92,
AT5G39610,AT5G13170,GRN_regulates,1,35604104,NAC92,SWEET15
AT5G39610,AT3G62420,GRN_regulates,1,35604104,NAC92,
AT5G39610,AT4G16110,GRN_regulates,1,35604104,NAC92,
AT5G39610,AT3G01970,GRN_regulates,1,35604104,NAC92,WRKY45
AT1G01720,AT5G13930,GRN_regulates,1,34162988,,CHS
AT1G32770,AT1G09540,GRN_regulates,1,34162988,NAC012,MYB61
AT1G32770,AT5G26660,GRN_regulates,1,34162988,NAC012,MYB86
AT5G25830,AT1G71930,GRN_regulates,1,34162988,GATA12,
AT2G43010,AT5G57660,GRN_regulates,1,34162988,,COL5
AT2G40750,AT4G23100,GRN_represses,1,33318878,WRKY54,
AT4G34520,AT3G44460,GRN_activates,1,35388372,FAE1,
AT3G02480,AT2G03680,GRN_represses,1,32194611,,
AT2G47770,AT4G12420,GRN_activates,1,32194611,TSPO,SKU5
AT1G66200,AT5G37600,GRN_activates,1,25316065,ATGSR2,
AT1G30040,AT1G14920,GRN_regulates,1,33176130,GA2OX2,
AT4G31870,AT2G29460,GRN_represses,1,29930298,,GSTU4
AT4G31870,AT4G20860,GRN_represses,1,29930298,,FAD-OXR
AT4G20860,AT4G31870,GRN_activates,1,29930298,FAD-OXR,
AT4G20860,AT2G14610,GRN_activates,1,29930298,FAD-OXR,PR1
AT4G20860,AT3G25800,GRN_regulates,1,29930298,FAD-OXR,
AT3G02730,AT3G52180,GRN_activates,1,26367870,TRXF1,
AT3G02730,AT3G23920,GRN_activates,1,26367870,TRXF1,BAM1
AT1G48860,AT1G42970,GRN_activates,1,38248456,,GAPB
AT1G48860,AT2G21330,GRN_activates,1,38248456,,FBA1
AT1G48860,AT5G13630,GRN_activates,1,38248456,,CHLH
AT1G48860,AT5G18660,GRN_activates,1,38248456,,DVR
AT1G48860,AT4G31500,GRN_activates,1,38248456,,CYP83B1
AT1G48860,AT1G30530,GRN_activates,1,38248456,,UGT78D1
AT1G48860,AT3G01550,GRN_activates,1,38248456,,PPT2
AT3G53320,AT4G34410,GRN_represses,1,31316533,,ERF109
AT5G04950,AT4G23100,GRN_activates,1,35755678,NAS1,
AT5G25900,AT5G44580,GRN_activates,1,36559666,,
AT2G45660,AT5G44580,GRN_activates,1,36559666,SOC1,
AT5G44580,AT2G45660,GRN_represses,1,36559666,,SOC1
AT5G44580,AT1G15550,GRN_represses,1,36559666,,
AT2G20180,AT5G44580,GRN_represses,1,36559666,,
AT2G20180,AT2G45660,GRN_activates,1,36559666,,SOC1
AT5G44580,AT4G26850,GRN_activates,1,36559666,,
AT5G44580,AT3G15030,GRN_activates,1,36559666,,
AT5G44580,AT4G02780,GRN_activates,1,36559666,,
AT5G44580,AT2G20180,GRN_regulates,1,36559666,,
AT4G29080,AT5G04275,GRN_represses,1,25071407,IAA27,
AT4G21670,AT3G51910,GRN_regulates,1,30510557,,HSFA7A
AT1G73590,AT5G42050,GRN_regulates,1,30792730,PIN1,
AT3G57300,AT1G19850,GRN_activates,1,30792730,,ARF5
AT1G07890,AT3G47520,GRN_represses,1,34194454,APX1,
AT1G08630,AT3G21720,GRN_activates,1,18687588,,ICL
AT2G20670,AT3G45780,GRN_activates,1,33498294,,
AT2G43710,AT3G05020,GRN_regulates,1,28791041,,ACP1
AT5G16230,AT3G05020,GRN_regulates,1,28791041,,ACP1
AT5G26000,AT5G14740,GRN_activates,1,36870332,TGG1,
AT4G14210,AT5G26000,GRN_represses,1,36870332,,TGG1
AT3G01500,AT2G46790,GRN_represses,1,30224713,BCA1,
AT5G65410,AT1G80460,GRN_activates,1,37514340,ZHD1,
AT3G62030,AT1G55920,GRN_activates,1,25653656,ROC4,SAT1
AT3G63010,AT2G04240,GRN_represses,1,28628628,GID1B,
AT5G45830,AT3G63010,GRN_represses,1,28628628,,GID1B
AT3G63010,AT5G54070,GRN_activates,1,28628628,GID1B,HSFA9
AT3G63010,AT3G22490,GRN_activates,1,28628628,GID1B,RAB28
AT3G63010,AT2G16060,GRN_represses,1,28628628,GID1B,AHB1
AT3G63010,AT2G46240,GRN_represses,1,28628628,GID1B,
AT3G63010,AT2G40880,GRN_represses,1,28628628,GID1B,CYS3
AT3G63010,AT5G07480,GRN_represses,1,28628628,GID1B,
AT4G09610,AT3G63010,GRN_regulates,1,28628628,GASA2,GID1B
AT1G78080,AT3G11630,GRN_represses,1,28835225,,BAS1
AT5G44610,AT5G08590,GRN_activates,1,29868051,PCAP2,
AT5G44610,AT2G28610,GRN_regulates,1,29868051,PCAP2,
AT5G44610,AT3G57260,GRN_regulates,1,29868051,PCAP2,BGL2
AT5G44610,AT1G75040,GRN_regulates,1,29868051,PCAP2,PR5
AT3G24650,AT2G02040,GRN_regulates,1,31997111,ABI3,
AT1G80680,AT5G64330,GRN_activates,1,27014313,,RPT3
AT1G09570,AT1G29910,GRN_regulates,1,27014313,,LHCB1.1
AT4G26080,AT2G32510,GRN_regulates,1,32528517,,MAPKKK17
AT5G10945,AT2G33810,GRN_represses,1,34211484,,SPL3
AT1G66725,AT1G15125,GRN_regulates,1,34211484,,
AT5G64900,AT1G79340,GRN_represses,1,31272898,PEP1,
AT1G12110,AT1G32450,GRN_regulates,1,30972097,NPF6.3,NPF7.3
AT1G12110,AT4G21680,GRN_regulates,1,30972097,NPF6.3,NPF7.2
AT1G30135,AT3G25800,GRN_represses,1,34868098,TIFY5A,
AT2G22540,AT3G14440,GRN_regulates,1,33328461,,NCED3
AT2G45660,AT2G03220,GRN_activates,1,33328461,SOC1,
AT4G29080,AT4G09820,GRN_represses,1,36693864,IAA27,TT8
AT5G22270,AT3G20770,GRN_regulates,1,25330213,,
AT3G20770,AT3G19580,GRN_activates,1,25330213,,AZF2
AT3G27010,AT2G23170,GRN_regulates,1,36432807,,GH3.3
AT5G59820,AT4G35090,GRN_activates,1,33159788,ZAT12,
AT1G14350,AT5G02110,GRN_represses,1,34249046,,CYCD7-1
AT2G02820,AT5G02110,GRN_represses,1,34249046,,CYCD7-1
AT2G34710,AT5G13330,GRN_activates,1,33009513,,ERF113
AT1G30490,AT4G37930,GRN_activates,1,33009513,,SHM1
AT1G30490,AT5G13330,GRN_activates,1,33009513,,ERF113
AT3G23130,AT3G54340,GRN_regulates,1,33009513,SUP,AP3
AT2G37760,AT5G43940,GRN_activates,1,35883902,AKR4C8,
AT2G41130,AT1G27730,GRN_activates,1,25978450,,ZAT10
AT2G41130,AT3G55980,GRN_activates,1,25978450,,SZF1
AT2G41130,AT4G25470,GRN_activates,1,25978450,,DREB1C
AT2G41130,AT3G51860,GRN_activates,1,25978450,,CAX3
AT2G41130,AT3G05890,GRN_activates,1,25978450,,RCI2B
AT2G41130,AT1G12610,GRN_activates,1,25978450,,DREB1F
AT2G41130,AT3G50930,GRN_activates,1,25978450,,HSR4
AT2G41130,AT3G28210,GRN_activates,1,25978450,,SAP12
AT2G41130,AT1G30135,GRN_activates,1,25978450,,TIFY5A
AT2G41130,AT3G55970,GRN_activates,1,25978450,,JRG21
AT2G41130,AT5G59520,GRN_activates,1,25978450,,ZIP2
AT5G24770,AT5G53570,GRN_activates,1,24505423,VSP2,
AT3G20020,AT1G08970,GRN_activates,1,36304422,,NFYC9
AT3G28500,AT5G64440,GRN_activates,1,22645580,RPP2C,
AT2G17975,AT2G33380,GRN_regulates,1,28611809,,PXG3
AT4G10180,AT2G45660,GRN_represses,1,25962685,,SOC1
AT2G45660,AT4G10180,GRN_activates,1,25962685,SOC1,
AT4G20370,AT1G69120,GRN_activates,1,24845624,,AP1
AT2G17840,AT3G10910,GRN_regulates,1,33936146,,ATL72
AT1G13740,AT2G36270,GRN_activates,1,38110864,,ABI5
AT4G29920,AT2G45660,GRN_regulates,1,32157303,,SOC1
AT4G29920,AT2G33810,GRN_regulates,1,32157303,,SPL3
AT4G29920,AT2G42200,GRN_regulates,1,32157303,,SPL9
AT2G46870,AT2G45660,GRN_represses,1,27486844,,SOC1
AT4G32400,AT1G69120,GRN_represses,1,36909380,,AP1
AT4G32400,AT2G45660,GRN_represses,1,36909380,,SOC1
AT4G32400,AT5G60910,GRN_represses,1,36909380,,AGL8
AT1G24260,AT2G45660,GRN_represses,1,36909380,SEP3,SOC1
AT1G03790,AT1G80680,GRN_activates,1,29648603,SOM,
AT1G80680,AT2G36270,GRN_activates,1,29648603,,ABI5
AT1G80680,AT1G30040,GRN_activates,1,29648603,,GA2OX2
AT1G80680,AT1G03790,GRN_activates,1,29648603,,SOM
AT1G69690,AT5G02260,GRN_activates,1,32763174,TCP15,
AT3G14890,AT3G43210,GRN_activates,1,25569774,ZDP,
AT1G17600,AT5G04560,GRN_represses,1,33236824,,
AT1G72930,AT5G04560,GRN_represses,1,33236824,TIR,
AT3G49120,AT5G04560,GRN_represses,1,33236824,PER34,
AT1G12110,AT4G26466,GRN_represses,1,34357701,NPF6.3,
AT3G45860,AT5G19690,GRN_activates,1,27250875,CRK4,
AT1G08450,AT5G48380,GRN_represses,1,27250875,CRT3,
AT5G42310,ATCG00680,GRN_regulates,1,31732725,,PSBB
AT3G09650,ATCG00680,GRN_regulates,1,31732725,,PSBB
AT2G05520,AT5G49720,GRN_activates,1,26939065,GRP3,
AT2G05520,AT5G64740,GRN_activates,1,26939065,GRP3,
AT2G05520,AT1G05850,GRN_activates,1,26939065,GRP3,
AT2G05520,AT4G39400,GRN_activates,1,26939065,GRP3,
AT2G05520,AT5G06150,GRN_activates,1,26939065,GRP3,CYCB1-2
AT2G05520,AT3G09840,GRN_activates,1,26939065,GRP3,
AT5G53360,AT3G59060,GRN_activates,1,23171309,,PIF5
AT3G47950,AT1G44446,GRN_activates,1,18596930,AHA4,CAO
AT1G80680,AT3G45140,GRN_activates,1,33643340,,LOX2
AT3G52430,AT1G80680,GRN_represses,1,33643340,PAD4,
AT5G03280,AT4G35190,GRN_represses,1,33643340,,LOG5
AT1G80680,AT3G52430,GRN_represses,1,33643340,,PAD4
AT5G60450,AT3G63110,GRN_regulates,1,34668105,,IPT3
AT4G36990,AT4G16890,GRN_regulates,1,28514448,HSFB1,SNC1
AT1G68050,AT1G09570,GRN_represses,1,33572254,ADO3,
AT1G68050,AT5G17230,GRN_regulates,1,33572254,ADO3,PSY
AT4G10310,AT2G26650,GRN_regulates,1,30832374,HKT1,AKT1
AT4G10310,AT3G02850,GRN_regulates,1,30832374,HKT1,
AT4G10310,AT1G15690,GRN_regulates,1,30832374,HKT1,
AT3G02850,AT4G10310,GRN_represses,1,30832374,,HKT1
AT1G64390,AT1G04330,GRN_activates,1,32477379,AtGH9C2,
AT4G02290,AT1G04330,GRN_activates,1,32477379,AtGH9B13,
AT4G36910,AT3G55800,GRN_activates,1,38028645,,SBPASE
AT4G34120,AT3G55800,GRN_activates,1,38028645,CBSX2,SBPASE
AT4G34120,AT2G41680,GRN_regulates,1,38028645,CBSX2,
AT2G14610,AT1G17615,GRN_regulates,1,31555308,PR1,
AT3G57260,AT1G17615,GRN_regulates,1,31555308,BGL2,
AT3G52430,AT1G17615,GRN_regulates,1,31555308,PAD4,
AT5G13320,AT3G48160,GRN_activates,1,32483126,PBS3,
AT1G51680,AT3G48160,GRN_activates,1,32483126,4CL1,
AT3G21240,AT3G48160,GRN_activates,1,32483126,4CL2,
AT4G34230,AT3G48160,GRN_activates,1,32483126,CAD5,
AT2G37040,AT3G48160,GRN_activates,1,32483126,PAL1,
AT5G63580,AT4G39400,GRN_regulates,1,26472115,FLS2,
AT2G38170,AT3G51860,GRN_activates,1,28645169,CAX1,CAX3
AT1G73590,AT4G16420,GRN_represses,1,36559684,PIN1,
AT1G70940,AT3G54610,GRN_represses,1,36559684,PIN3,HAG1
AT1G70940,AT4G16420,GRN_represses,1,36559684,PIN3,
AT2G01420,AT3G54610,GRN_represses,1,36559684,PIN4,HAG1
AT2G01420,AT4G16420,GRN_represses,1,36559684,PIN4,
AT1G04240,AT3G54610,GRN_represses,1,36559684,SHY2,HAG1
AT1G04240,AT4G16420,GRN_represses,1,36559684,SHY2,
AT3G54610,AT1G70940,GRN_activates,1,36559684,HAG1,PIN3
AT4G16420,AT1G70940,GRN_activates,1,36559684,,PIN3
AT3G54610,AT2G01420,GRN_activates,1,36559684,HAG1,PIN4
AT4G16420,AT2G01420,GRN_activates,1,36559684,,PIN4
AT1G34750,AT3G21630,GRN_represses,1,34764967,,
AT1G64280,AT4G14400,GRN_represses,1,19144005,,ACD6
AT1G74710,AT4G14400,GRN_activates,1,19144005,,ACD6
AT5G65700,AT4G37650,GRN_regulates,1,33288706,BAM1,
AT2G36270,AT1G65450,GRN_regulates,1,23329848,ABI5,
AT5G24860,AT2G45660,GRN_activates,1,24626476,FPF1,SOC1
AT5G24860,AT5G10140,GRN_represses,1,24626476,FPF1,
AT5G50670,AT1G69120,GRN_activates,1,31905863,SPL13A,AP1
AT3G57920,AT1G69120,GRN_activates,1,31905863,,AP1
AT1G27360,AT5G61850,GRN_activates,1,31905863,SPL11,
AT5G50670,AT5G61850,GRN_activates,1,31905863,SPL13A,
AT5G50670,AT5G60910,GRN_activates,1,31905863,SPL13A,AGL8
AT5G43270,AT2G45660,GRN_regulates,1,31905863,,SOC1
AT1G27370,AT2G45660,GRN_regulates,1,31905863,,SOC1
AT1G27360,AT2G45660,GRN_regulates,1,31905863,SPL11,SOC1
AT5G50670,AT2G45660,GRN_regulates,1,31905863,SPL13A,SOC1
AT3G57920,AT2G45660,GRN_regulates,1,31905863,,SOC1
AT3G15210,AT1G44446,GRN_regulates,1,29045490,,CAO
AT1G44446,AT3G15210,GRN_activates,1,29045490,CAO,
AT2G46830,AT1G75060,GRN_represses,1,30833956,CCA1,
AT1G24190,AT2G46830,GRN_regulates,1,30833956,,CCA1
AT2G24540,AT2G46830,GRN_regulates,1,30833956,,CCA1
AT3G51550,AT5G13080,GRN_regulates,1,35893035,,WRKY75
AT3G51550,AT3G01970,GRN_regulates,1,35893035,,WRKY45
AT2G14610,AT2G13810,GRN_represses,1,27493611,PR1,ALD1
AT4G35350,AT2G14610,GRN_regulates,1,37542077,XCP1,PR1
AT4G14400,AT4G16890,GRN_regulates,1,30235212,ACD6,SNC1
AT3G54720,AT1G19850,GRN_represses,1,22963533,,ARF5
AT5G58740,AT5G52310,GRN_activates,1,32595686,,RD29A
AT5G22000,AT3G19150,GRN_regulates,1,22879821,RHF2A,
AT2G05920,AT5G01075,GRN_regulates,1,35412898,,
AT4G06634,AT1G45145,GRN_represses,1,37108801,,TRX5
AT2G36270,AT2G17090,GRN_regulates,1,21635767,ABI5,
AT1G22070,AT5G13800,GRN_activates,1,24324742,,PPH
AT2G42430,AT4G37490,GRN_activates,1,32032352,,CYCB1-1
AT2G45420,AT4G37490,GRN_activates,1,32032352,,CYCB1-1
AT2G31880,AT3G03710,GRN_regulates,1,35529948,SOBIR1,
AT1G78380,AT2G14610,GRN_activates,1,36232831,,PR1
AT5G48850,AT5G60890,GRN_regulates,1,27730214,SDI1,MYB34
AT5G48850,AT4G31500,GRN_regulates,1,27730214,SDI1,CYP83B1
AT5G48850,AT3G19710,GRN_regulates,1,27730214,SDI1,BCAT4
AT5G48850,AT1G16410,GRN_regulates,1,27730214,SDI1,CYP79F1
AT5G48850,AT1G16400,GRN_regulates,1,27730214,SDI1,CYP79F2
AT5G48850,AT5G23010,GRN_regulates,1,27730214,SDI1,MAM1
AT5G48850,AT5G23020,GRN_regulates,1,27730214,SDI1,MAM3
AT5G07690,AT5G48850,GRN_activates,1,27730214,MYB29,SDI1
AT5G07690,AT1G04770,GRN_activates,1,27730214,MYB29,
AT5G48850,AT2G14750,GRN_regulates,1,27730214,SDI1,
AT5G48850,AT4G39940,GRN_regulates,1,27730214,SDI1,APK2
AT1G04770,AT4G39940,GRN_regulates,1,27730214,,APK2
AT5G48850,AT3G22890,GRN_regulates,1,27730214,SDI1,
AT5G48850,AT4G14680,GRN_regulates,1,27730214,SDI1,
AT5G48850,AT4G04610,GRN_regulates,1,27730214,SDI1,
AT4G24020,AT5G67420,GRN_regulates,1,33329669,,LBD37
AT4G24020,AT3G49940,GRN_regulates,1,33329669,,LBD38
AT1G51700,AT1G53310,GRN_regulates,1,33329669,,PPC1
AT3G47500,AT5G16570,GRN_represses,1,33329669,CDF3,GLN1-4
AT3G47500,AT1G12940,GRN_represses,1,33329669,CDF3,
AT3G47500,AT5G60770,GRN_represses,1,33329669,CDF3,
AT4G08790,AT4G31500,GRN_represses,1,28174581,,CYP83B1
AT3G44300,AT4G31500,GRN_represses,1,28174581,NIT2,CYP83B1
AT3G22550,AT1G65450,GRN_activates,1,26442059,,
AT2G17950,AT4G08150,GRN_activates,1,33113787,,KNAT1
AT3G24650,AT2G17975,GRN_activates,1,28174577,ABI3,
AT2G36270,AT2G17975,GRN_activates,1,28174577,ABI5,
AT5G44200,AT1G68130,GRN_activates,1,28174577,CBP20,
AT2G17975,AT5G52310,GRN_represses,1,28174577,,RD29A
AT2G17975,AT3G51810,GRN_regulates,1,28174577,,EM1
AT2G17975,AT2G40170,GRN_regulates,1,28174577,,EM6
AT5G52310,AT2G17975,GRN_activates,1,28174577,RD29A,
AT5G52300,AT2G17975,GRN_activates,1,28174577,LTI65,
AT5G51760,AT2G36270,GRN_activates,1,35806063,,ABI5
AT5G61780,AT5G07200,GRN_regulates,1,35806063,,GA20OX3
AT3G22990,AT2G42540,GRN_activates,1,37025149,,COR15A
AT5G20270,AT3G26744,GRN_regulates,1,20566565,HHP1,
AT3G01090,AT1G19640,GRN_represses,1,34165877,,JMT
AT5G18650,AT4G25140,GRN_regulates,1,37410814,,OLEO1
AT5G10140,AT5G64900,GRN_represses,1,32369593,,PEP1
AT5G64900,AT3G57920,GRN_regulates,1,32369593,PEP1,
AT4G25810,AT1G75080,GRN_activates,1,36357887,XTH23,
AT2G46830,AT3G47340,GRN_regulates,1,20025756,CCA1,ASN1
AT3G45140,AT5G67030,GRN_represses,1,29403525,LOX2,ZEP
AT4G10310,AT4G38810,GRN_regulates,1,29084222,HKT1,
AT4G25530,AT5G02110,GRN_regulates,1,26261067,,CYCD7-1
AT4G17615,AT1G34370,GRN_activates,1,28848571,CBL1,
AT4G32460,AT4G10050,GRN_activates,1,36432778,,
AT1G56650,AT5G08640,GRN_activates,1,28959020,MYB75,FLS1
AT2G04780,AT5G06860,GRN_activates,1,34975956,FLA7,
AT2G23770,AT2G38080,GRN_regulates,1,34951090,,IRX12
AT2G23770,AT5G60490,GRN_regulates,1,34951090,,FLA12
AT3G05010,AT5G52310,GRN_activates,1,36275553,,RD29A
AT3G05010,AT5G15960,GRN_activates,1,36275553,,KIN1
AT3G05010,AT2G42540,GRN_activates,1,36275553,,COR15A
AT1G48420,AT1G14880,GRN_represses,1,36275553,,PCR1
AT1G48420,AT1G59870,GRN_represses,1,36275553,,ABCG36
AT1G77300,AT1G77080,GRN_regulates,1,35222476,EFS,
AT5G52520,AT3G54890,GRN_activates,1,23293642,,LHCA1
AT5G52520,AT3G61470,GRN_activates,1,23293642,,LHCA2
AT5G52520,AT1G31330,GRN_activates,1,23293642,,PSAF
AT5G52520,AT1G30380,GRN_activates,1,23293642,,PSAK
AT5G52520,AT1G08380,GRN_activates,1,23293642,,PSAO
AT5G52520,AT2G06520,GRN_activates,1,23293642,,PSBX
AT5G52520,AT4G02770,GRN_represses,1,23293642,,PSAD1
AT5G52520,AT3G50820,GRN_represses,1,23293642,,PSBO2
AT5G66140,AT1G19610,GRN_represses,1,25822199,,PDF1.4
AT5G66140,AT1G72930,GRN_activates,1,25822199,,TIR
AT5G66140,AT4G10270,GRN_represses,1,25822199,,
AT5G66140,AT1G17170,GRN_represses,1,25822199,,GSTU24
AT5G66140,AT1G65970,GRN_represses,1,25822199,,PRXIIC
AT4G22920,AT3G44880,GRN_regulates,1,29426284,SGR1,
AT1G77450,AT5G44420,GRN_regulates,1,35024519,,PDF1.2A
AT3G24650,AT4G32430,GRN_activates,1,27670716,ABI3,
AT5G61980,AT4G38130,GRN_activates,1,31608083,,HDA19
AT5G42310,ATCG00540,GRN_regulates,1,28261232,,PETA
AT1G14320,AT1G49230,GRN_regulates,1,35216388,RPL10A,ATL78
AT4G28610,AT5G43350,GRN_regulates,1,35216388,,PHT1-1
AT1G68320,AT5G43350,GRN_regulates,1,35216388,,PHT1-1
AT1G68320,AT2G38940,GRN_regulates,1,35216388,,PHT1-4
AT5G13080,AT2G38940,GRN_regulates,1,35216388,WRKY75,PHT1-4
AT3G01970,AT2G38940,GRN_regulates,1,35216388,WRKY45,PHT1-4
AT5G16770,AT5G58860,GRN_regulates,1,37008500,,CYP86A1
AT5G46760,AT5G13170,GRN_activates,1,32296455,,SWEET15
AT4G17880,AT5G13170,GRN_activates,1,32296455,,SWEET15
AT1G61563,AT3G51550,GRN_regulates,1,31004454,RALFL8,
AT5G60890,AT4G39950,GRN_regulates,1,36833404,MYB34,CYP79B2
AT1G77120,AT5G17290,GRN_activates,1,26566261,ADH1,
AT1G77120,AT5G45900,GRN_activates,1,26566261,ADH1,ATG7
AT4G33070,AT5G17290,GRN_activates,1,26566261,PDC1,
AT4G33070,AT5G45900,GRN_activates,1,26566261,PDC1,ATG7
AT3G02550,AT5G17290,GRN_activates,1,26566261,LBD41,
AT3G02550,AT5G45900,GRN_activates,1,26566261,LBD41,ATG7
AT5G39890,AT5G17290,GRN_activates,1,26566261,PCO2,
AT5G39890,AT5G45900,GRN_activates,1,26566261,PCO2,ATG7
AT1G20440,AT3G46930,GRN_represses,1,26222830,COR47,
AT5G05410,AT3G46930,GRN_represses,1,26222830,DREB2A,
AT1G78170,AT2G38310,GRN_regulates,1,36012319,,
AT1G22250,AT2G38310,GRN_regulates,1,36012319,,
AT1G78170,AT5G57050,GRN_regulates,1,36012319,,
AT5G08080,AT2G14610,GRN_represses,1,35348763,,PR1
AT4G28630,AT3G15540,GRN_activates,1,37306290,,IAA19
AT4G28630,AT4G32280,GRN_activates,1,37306290,,IAA29
AT1G51140,AT2G15090,GRN_represses,1,26745719,,KCS8
AT5G16820,AT3G51910,GRN_activates,1,27639974,,HSFA7A
AT1G16060,AT1G70540,GRN_regulates,1,33643370,,EDA24
AT1G13340,AT1G01040,GRN_activates,1,22439910,,
AT5G42800,AT5G24520,GRN_represses,1,29261137,DFRA,
AT4G22880,AT5G24520,GRN_represses,1,29261137,LDOX,
AT3G51240,AT5G35550,GRN_represses,1,29261137,F3H,
AT3G51240,AT5G41315,GRN_regulates,1,29261137,F3H,
AT5G53060,AT5G23270,GRN_activates,1,25985302,,STP11
AT5G53060,AT3G49620,GRN_represses,1,25985302,,DIN11
AT5G53060,AT1G17420,GRN_represses,1,25985302,,LOX3
AT5G53060,AT3G25760,GRN_represses,1,25985302,,AOC1
AT5G53060,AT2G14610,GRN_represses,1,25985302,,PR1
AT5G07170,AT4G32830,GRN_activates,1,32235723,,AUR1
AT5G62240,AT4G32830,GRN_activates,1,32235723,,AUR1
AT1G65970,AT4G37390,GRN_activates,1,32235723,PRXIIC,YDK1
AT1G65970,AT4G11990,GRN_activates,1,32235723,PRXIIC,
AT1G65970,AT4G22860,GRN_activates,1,32235723,PRXIIC,
AT1G65970,AT5G55230,GRN_activates,1,32235723,PRXIIC,
AT1G64280,AT1G77300,GRN_activates,1,32218796,,EFS
AT2G17240,AT2G05620,GRN_activates,1,34831107,,PGR5
AT3G47470,AT4G02770,GRN_represses,1,17968587,LHCA4,PSAD1
AT3G47470,AT1G68830,GRN_represses,1,17968587,LHCA4,
AT2G18660,AT1G17880,GRN_activates,1,25505478,EGC2,
AT2G18660,AT3G29090,GRN_activates,1,25505478,EGC2,
AT2G18660,AT5G07470,GRN_activates,1,25505478,EGC2,
AT5G25250,AT5G50375,GRN_represses,1,32106431,FLOT1,
AT5G63580,AT5G13710,GRN_represses,1,32106431,FLS2,
AT3G52430,AT4G33680,GRN_activates,1,37650642,PAD4,
AT5G20150,AT2G02990,GRN_regulates,1,26557133,SPX1,RNS1
AT5G20150,AT4G29080,GRN_regulates,1,26557133,SPX1,IAA27
AT5G20150,AT3G09922,GRN_regulates,1,26557133,SPX1,IPS1
AT5G20150,AT5G03545,GRN_regulates,1,26557133,SPX1,AT4
AT2G45130,AT2G38940,GRN_regulates,1,26557133,SPX3,PHT1-4
AT5G14740,AT1G35720,GRN_represses,1,27135495,,ANN1
AT1G71090,AT4G22920,GRN_regulates,1,36233359,,SGR1
AT1G18890,AT1G12110,GRN_regulates,1,31832669,,NPF6.3
AT1G74740,AT1G12110,GRN_regulates,1,31832669,,NPF6.3
AT3G57530,AT1G12110,GRN_regulates,1,31832669,,NPF6.3
AT1G73590,AT4G04910,GRN_regulates,1,33289329,PIN1,
ATCG00270,AT4G04750,GRN_activates,1,34834746,PSBD,
AT4G28660,AT4G04750,GRN_activates,1,34834746,PSB28,
AT2G29090,AT3G61850,GRN_activates,1,27613195,,DAG1
AT1G55760,AT5G52310,GRN_activates,1,31817461,,RD29A
AT1G55760,AT2G42540,GRN_activates,1,31817461,,COR15A
AT3G23030,AT5G18560,GRN_activates,1,35224628,IAA2,
AT1G73590,AT5G18560,GRN_activates,1,35224628,PIN1,
AT1G70940,AT5G18560,GRN_activates,1,35224628,PIN3,
AT2G01420,AT5G18560,GRN_activates,1,35224628,PIN4,
AT5G18560,AT5G47220,GRN_regulates,1,35224628,,ERF2
AT5G18560,AT2G20880,GRN_regulates,1,35224628,,ERF053
AT5G18560,AT1G43160,GRN_regulates,1,35224628,,RAP2-6
AT5G18560,AT1G12610,GRN_regulates,1,35224628,,DREB1F
AT1G76420,AT5G64330,GRN_activates,1,27545835,,RPT3
AT1G29910,AT3G45780,GRN_regulates,1,27545835,LHCB1.1,
AT4G33950,AT5G24470,GRN_regulates,1,35310670,,APRR5
AT5G57360,AT2G36270,GRN_regulates,1,35310670,,ABI5
AT5G57360,AT5G52310,GRN_regulates,1,35310670,,RD29A
AT4G33950,AT5G52310,GRN_regulates,1,35310670,,RD29A
AT2G46830,AT3G46640,GRN_represses,1,26468131,CCA1,
AT2G25930,AT5G24470,GRN_represses,1,26468131,,APRR5
AT5G24470,AT2G25930,GRN_represses,1,26468131,APRR5,
AT2G19540,AT4G18170,GRN_regulates,1,25358503,,WRKY28
AT4G18170,AT2G19540,GRN_activates,1,25358503,WRKY28,
AT1G32640,AT5G23960,GRN_activates,1,35111184,MYC2,
AT1G32640,AT2G18700,GRN_activates,1,35111184,MYC2,
AT5G19820,AT1G23290,GRN_activates,1,36648110,,RPL27AB
AT4G18760,AT1G73805,GRN_regulates,1,34778745,,SARD1
AT3G01090,AT1G65450,GRN_regulates,1,33902444,,
AT4G16890,AT2G04550,GRN_activates,1,26451844,SNC1,
AT2G24790,AT2G47890,GRN_activates,1,33841486,COL3,
AT2G47890,AT2G24790,GRN_regulates,1,33841486,,COL3
AT2G32950,AT5G22500,GRN_regulates,1,27685091,,FAR1
AT1G08970,AT5G11260,GRN_represses,1,27685091,NFYC9,
AT3G01370,ATCG00360,GRN_activates,1,33546419,,YCF3
AT5G26742,ATCG01230,GRN_activates,1,33546419,,RPS12B
AT4G38160,ATCG00930,GRN_activates,1,33546419,pde191,
AT4G16660,AT5G66570,GRN_regulates,1,32853383,,PSBO1
AT1G16610,AT2G14610,GRN_represses,1,29020934,,PR1
AT1G16610,AT1G75040,GRN_represses,1,29020934,,PR5
AT1G16610,AT4G14400,GRN_represses,1,29020934,,ACD6
AT1G16610,AT3G52430,GRN_represses,1,29020934,,PAD4
AT1G16610,AT3G11010,GRN_represses,1,29020934,,AtRLP34
AT1G16610,AT3G25010,GRN_represses,1,29020934,,AtRLP41
AT3G57670,AT1G72290,GRN_regulates,1,27625656,,WSCP
AT5G67060,AT1G72290,GRN_regulates,1,27625656,,WSCP
AT4G26080,AT5G36880,GRN_regulates,1,32326656,,ACS
AT1G79550,AT3G51790,GRN_regulates,1,37539947,PGK3,
AT2G38470,AT5G66140,GRN_represses,1,28894456,WRKY33,
AT5G52310,AT5G66140,GRN_represses,1,28894456,RD29A,
AT5G66140,AT2G38470,GRN_represses,1,28894456,,WRKY33
AT5G66140,AT1G67810,GRN_activates,1,28894456,,SUFE2
AT4G25490,AT5G66140,GRN_activates,1,28894456,DREB1B,
AT4G25470,AT5G66140,GRN_activates,1,28894456,DREB1C,
AT5G59820,AT5G66140,GRN_activates,1,28894456,ZAT12,
AT1G27730,AT5G66140,GRN_activates,1,28894456,ZAT10,
AT1G75040,AT4G39260,GRN_represses,1,31974310,PR5,
AT1G75040,AT5G48930,GRN_activates,1,31974310,PR5,
AT5G51890,AT5G48930,GRN_activates,1,31974310,PER66,
AT5G51890,AT4G39260,GRN_activates,1,31974310,PER66,
AT3G57510,AT4G36220,GRN_activates,1,31974310,,CYP84A1
AT4G39260,AT4G27150,GRN_activates,1,31974310,,AT2S2
AT5G47240,AT4G12720,GRN_represses,1,20704736,atnudt8,
AT2G46830,AT4G14400,GRN_represses,1,25566276,CCA1,ACD6
AT1G53480,AT4G30860,GRN_represses,1,37251780,,ASHR3
AT2G45190,AT3G07430,GRN_represses,1,29503657,YAB1,
AT2G45160,AT2G45660,GRN_represses,1,24699192,,SOC1
AT2G42200,AT5G39860,GRN_activates,1,34638756,SPL9,PRE1
AT2G42200,AT3G28857,GRN_activates,1,34638756,SPL9,
AT2G42200,AT1G26945,GRN_activates,1,34638756,SPL9,PRE6
AT3G01090,AT1G77120,GRN_regulates,1,27029354,,ADH1
AT3G01090,AT4G33070,GRN_regulates,1,27029354,,PDC1
AT1G55040,ATMG00090,GRN_activates,1,33660772,,
AT1G74710,AT3G25250,GRN_activates,1,36319610,,OXI1
AT5G54270,AT4G02510,GRN_activates,1,33219240,LHCB3,
AT4G08920,AT5G13930,GRN_regulates,1,33219240,,CHS
AT1G04400,AT4G08870,GRN_regulates,1,33219240,,ARGAH2
AT5G20630,AT5G20620,GRN_represses,1,28510882,GER3,
AT3G50310,AT5G40440,GRN_activates,1,28848569,MAPKKK20,
AT3G50310,AT1G53510,GRN_activates,1,28848569,MAPKKK20,
AT4G17615,AT1G64060,GRN_regulates,1,34630451,CBL1,
AT2G40220,AT4G39210,GRN_regulates,1,36212309,,APL3
AT5G59220,AT5G03280,GRN_activates,1,22194941,SAG113,
AT5G59220,AT2G40220,GRN_activates,1,22194941,SAG113,
AT3G24650,AT4G32320,GRN_represses,1,25482750,ABI3,
AT2G32460,AT2G13540,GRN_activates,1,23196831,MYB101,
AT2G32460,AT2G40220,GRN_represses,1,23196831,MYB101,
AT2G40220,AT3G24650,GRN_regulates,1,23196831,,ABI3
AT2G40220,AT5G66400,GRN_regulates,1,23196831,,RAB18
AT5G66400,AT2G40220,GRN_activates,1,23196831,RAB18,
AT2G40220,AT5G36880,GRN_represses,1,32528497,,ACS
AT2G23070,AT5G52310,GRN_regulates,1,24803505,,RD29A
AT2G23070,AT5G25610,GRN_regulates,1,24803505,,RD22
AT2G23070,AT5G66400,GRN_regulates,1,24803505,,RAB18
AT2G23070,AT5G15960,GRN_regulates,1,24803505,,KIN1
AT2G23070,AT5G15970,GRN_regulates,1,24803505,,KIN2
AT5G13930,AT4G26080,GRN_represses,1,25795738,CHS,
AT3G24650,AT5G66400,GRN_activates,1,18278579,ABI3,RAB18
AT2G36270,AT2G25000,GRN_regulates,1,23095997,ABI5,WRKY60
AT3G44680,AT5G10140,GRN_represses,1,32687569,HDA9,
AT3G44680,AT5G17290,GRN_regulates,1,32687569,HDA9,
AT2G21045,AT2G21660,GRN_regulates,1,36142359,HAC1,
AT4G23630,AT5G63580,GRN_regulates,1,29495267,,FLS2
AT4G11220,AT5G63580,GRN_regulates,1,29495267,,FLS2
AT1G21970,AT2G25170,GRN_activates,1,19680533,NFYB9,
AT2G25170,AT3G54340,GRN_activates,1,19680533,,AP3
AT4G38960,AT3G20810,GRN_activates,1,34164694,,JMJ30
AT5G24470,AT5G37260,GRN_regulates,1,34164694,APRR5,RVE2
AT5G56110,AT1G67290,GRN_regulates,1,25311582,,GLOX1
AT4G09960,AT5G67360,GRN_represses,1,36432874,STK,
AT5G49360,AT2G32700,GRN_activates,1,36432874,BXL1,
AT5G09870,AT4G09960,GRN_represses,1,36432874,,STK
AT1G79840,AT5G63800,GRN_regulates,1,36432874,,BGAL6
AT5G45890,AT5G67300,GRN_represses,1,24286353,SAG12,
AT2G29350,AT5G67300,GRN_represses,1,24286353,SAG13,
AT5G13170,AT5G67300,GRN_represses,1,24286353,SWEET15,
AT5G51070,AT5G67300,GRN_represses,1,24286353,CLPD,
AT5G67300,AT5G51070,GRN_represses,1,24286353,,CLPD
AT5G67300,AT5G15960,GRN_represses,1,24286353,,KIN1
AT5G67300,AT2G42540,GRN_represses,1,24286353,,COR15A
AT5G67300,AT2G42530,GRN_represses,1,24286353,,COR15B
AT5G67300,AT1G20440,GRN_represses,1,24286353,,COR47
AT1G73590,AT4G17980,GRN_represses,1,33742091,PIN1,
AT1G73590,AT1G32510,GRN_represses,1,33742091,PIN1,
AT3G24770,AT1G73590,GRN_represses,1,33742091,,PIN1
AT4G13195,AT1G73590,GRN_represses,1,33742091,,PIN1
AT1G73590,AT1G46480,GRN_represses,1,33742091,PIN1,
AT5G13930,AT1G68720,GRN_represses,1,36142550,CHS,
AT1G63650,AT4G01060,GRN_activates,1,18644155,,ETC3
AT1G47710,AT1G79340,GRN_represses,1,36769030,,
AT1G47128,AT1G47710,GRN_regulates,1,22947050,RD21A,
AT2G45660,AT3G10390,GRN_activates,1,25287450,SOC1,
AT3G56400,AT5G60410,GRN_activates,1,31925312,WRKY70,
AT2G46770,AT3G61910,GRN_activates,1,22133261,NAC043,NAC066
AT2G46770,AT1G28470,GRN_activates,1,22133261,NAC043,NAC010
AT5G62380,AT1G28470,GRN_activates,1,22133261,,NAC010
AT1G71930,AT1G28470,GRN_activates,1,22133261,,NAC010
AT2G46770,AT5G56110,GRN_activates,1,22133261,NAC043,
AT2G46770,AT4G28500,GRN_regulates,1,22133261,NAC043,NAC073
AT1G28470,AT4G18780,GRN_activates,1,22133261,NAC010,CESA8
AT4G28500,AT2G03090,GRN_activates,1,22133261,NAC073,EXPA15
AT4G28500,AT5G17420,GRN_regulates,1,22133261,NAC073,CESA7
AT4G28500,AT5G15630,GRN_regulates,1,22133261,NAC073,COBL4
AT4G28500,AT5G01360,GRN_regulates,1,22133261,NAC073,TBL3
AT4G28500,AT1G19300,GRN_regulates,1,22133261,NAC073,GATL1
AT4G28500,AT5G54690,GRN_regulates,1,22133261,NAC073,GAUT12
AT4G28500,AT1G27440,GRN_regulates,1,22133261,NAC073,IRX10
AT4G28500,AT3G50220,GRN_regulates,1,22133261,NAC073,IRX15
AT4G28500,AT3G18660,GRN_regulates,1,22133261,NAC073,GUX1
AT4G28500,AT5G59290,GRN_regulates,1,22133261,NAC073,
AT4G28500,AT2G37090,GRN_regulates,1,22133261,NAC073,IRX9
AT4G28500,AT1G51680,GRN_regulates,1,22133261,NAC073,4CL1
AT4G28500,AT2G38080,GRN_regulates,1,22133261,NAC073,IRX12
AT4G28500,AT1G16490,GRN_regulates,1,22133261,NAC073,
AT4G28500,AT1G79180,GRN_regulates,1,22133261,NAC073,
AT4G28500,AT1G52890,GRN_regulates,1,22133261,NAC073,NAC019
AT4G28500,AT4G17245,GRN_regulates,1,22133261,NAC073,
AT4G28500,AT1G72220,GRN_regulates,1,22133261,NAC073,ATL54
AT4G28500,AT5G13330,GRN_regulates,1,22133261,NAC073,ERF113
AT4G28500,AT5G03170,GRN_regulates,1,22133261,NAC073,FLA11
AT4G28500,AT3G16920,GRN_regulates,1,22133261,NAC073,CTL2
AT4G28500,AT3G15050,GRN_regulates,1,22133261,NAC073,IQD10
AT4G28500,AT1G09440,GRN_regulates,1,22133261,NAC073,
AT4G28500,AT1G56720,GRN_regulates,1,22133261,NAC073,
AT4G28500,AT5G03760,GRN_activates,1,22133261,NAC073,CSLA9
AT4G11880,AT2G42200,GRN_activates,1,36017258,,SPL9
AT5G25900,AT2G42200,GRN_activates,1,36017258,,SPL9
AT5G25900,AT5G60910,GRN_activates,1,36017258,,AGL8
AT1G69120,AT4G11880,GRN_represses,1,36017258,AP1,
AT1G75080,AT2G45660,GRN_activates,1,36017258,,SOC1
AT5G51870,AT5G45890,GRN_represses,1,35790878,,SAG12
AT5G51870,AT1G25560,GRN_represses,1,35790878,,TEM1
AT5G51860,AT5G45890,GRN_activates,1,35790878,,SAG12
AT5G51860,AT1G25560,GRN_activates,1,35790878,,TEM1
AT4G22950,AT1G25560,GRN_represses,1,35790878,,TEM1
AT2G22370,AT5G52310,GRN_represses,1,29232718,,RD29A
AT2G22370,AT2G42540,GRN_represses,1,29232718,,COR15A
AT2G22370,AT1G20440,GRN_represses,1,29232718,,COR47
AT2G22370,AT2G36270,GRN_represses,1,29232718,,ABI5
AT4G32910,AT2G36270,GRN_represses,1,29232718,,ABI5
AT1G33410,AT2G36270,GRN_represses,1,29232718,,ABI5
AT2G39810,AT2G36270,GRN_represses,1,29232718,,ABI5
AT4G09960,AT4G09820,GRN_regulates,1,25521508,STK,TT8
AT4G09960,AT1G63650,GRN_regulates,1,25521508,STK,
AT4G09960,AT5G23260,GRN_regulates,1,25521508,STK,
AT2G20570,AT5G19940,GRN_represses,1,33557197,GPRI1,PAP8
AT5G44190,AT2G20570,GRN_regulates,1,33557197,GLK2,GPRI1
AT5G39610,AT5G50260,GRN_regulates,1,29808023,NAC92,CEP1
AT5G39610,AT1G26820,GRN_activates,1,29808023,NAC92,RNS3
AT5G22500,AT2G32950,GRN_activates,1,29930561,FAR1,
AT5G22500,AT3G19720,GRN_regulates,1,29930561,FAR1,
AT5G22500,AT1G58290,GRN_regulates,1,29930561,FAR1,
AT5G22500,AT2G31250,GRN_regulates,1,29930561,FAR1,
AT3G22170,AT4G24740,GRN_regulates,1,29930561,,AFC2
AT5G22500,AT4G24740,GRN_regulates,1,29930561,FAR1,AFC2
AT5G22500,AT2G26670,GRN_regulates,1,29930561,FAR1,
AT2G27050,AT4G27440,GRN_activates,1,29930561,,PORB
AT5G22500,AT1G03310,GRN_activates,1,29930561,FAR1,ISA2
AT2G36270,AT3G22170,GRN_activates,1,29930561,ABI5,
AT2G36270,AT5G22500,GRN_activates,1,29930561,ABI5,FAR1
AT4G28610,AT5G22500,GRN_activates,1,29930561,,FAR1
AT2G46830,AT1G69740,GRN_represses,1,29930561,CCA1,
AT1G69740,AT3G52430,GRN_activates,1,25989254,,PAD4
AT1G69740,AT2G14610,GRN_activates,1,25989254,,PR1
AT5G22500,AT3G48090,GRN_represses,1,25989254,FAR1,
AT5G22500,AT1G74710,GRN_represses,1,25989254,FAR1,
AT3G22170,AT3G52430,GRN_represses,1,25989254,,PAD4
AT5G22500,AT3G52430,GRN_represses,1,25989254,FAR1,PAD4
AT5G22500,AT4G14350,GRN_represses,1,25989254,FAR1,
AT3G22170,AT1G72930,GRN_activates,1,25989254,,TIR
AT5G22500,AT1G72930,GRN_activates,1,25989254,FAR1,TIR
AT1G69740,AT5G22500,GRN_regulates,1,25989254,,FAR1
AT1G19180,AT5G22500,GRN_represses,1,35645991,,FAR1
AT5G61380,AT5G22500,GRN_represses,1,35645991,,FAR1
AT2G46830,AT5G02200,GRN_represses,1,35645991,CCA1,
AT4G04640,ATCG00080,GRN_represses,1,37298153,ATPC1,PSBI
AT4G04640,ATCG00740,GRN_represses,1,37298153,ATPC1,RPOA
AT4G04640,ATCG00190,GRN_represses,1,37298153,ATPC1,
AT4G04640,ATCG00180,GRN_represses,1,37298153,ATPC1,
AT4G04640,ATCG00170,GRN_represses,1,37298153,ATPC1,
AT4G04640,ATCG01120,GRN_represses,1,37298153,ATPC1,RPS15
AT4G04640,ATCG01000,GRN_represses,1,37298153,ATPC1,
AT4G04640,AT4G02770,GRN_represses,1,37298153,ATPC1,PSAD1
AT4G04640,AT1G03130,GRN_represses,1,37298153,ATPC1,PSAD2
AT4G04640,AT1G08380,GRN_represses,1,37298153,ATPC1,PSAO
AT4G04640,AT1G44575,GRN_represses,1,37298153,ATPC1,PSBS
AT4G04640,AT3G54890,GRN_represses,1,37298153,ATPC1,LHCA1
AT4G04640,AT1G61520,GRN_represses,1,37298153,ATPC1,LHCA3
AT4G04640,AT3G47470,GRN_represses,1,37298153,ATPC1,LHCA4
AT4G04640,AT1G29920,GRN_represses,1,37298153,ATPC1,LHCB1.1
AT4G04640,AT1G29910,GRN_represses,1,37298153,ATPC1,LHCB1.1
AT4G04640,AT5G54270,GRN_represses,1,37298153,ATPC1,LHCB3
AT4G04640,AT5G01530,GRN_represses,1,37298153,ATPC1,LHCB4.1
AT4G04640,ATCG00120,GRN_represses,1,37298153,ATPC1,ATPA
AT4G04640,ATCG00480,GRN_represses,1,37298153,ATPC1,ATPB
AT4G04640,ATCG00470,GRN_represses,1,37298153,ATPC1,ATPE
AT4G04640,ATCG00130,GRN_represses,1,37298153,ATPC1,ATPF
AT4G04640,ATCG00140,GRN_represses,1,37298153,ATPC1,ATPH
AT4G04640,ATCG00150,GRN_represses,1,37298153,ATPC1,ATPI
AT4G04640,AT3G05020,GRN_represses,1,37298153,ATPC1,ACP1
AT4G38770,AT5G50260,GRN_activates,1,30576358,PRP4,CEP1
AT3G25050,AT5G50260,GRN_activates,1,30576358,XTH3,CEP1
AT4G33220,AT5G50260,GRN_activates,1,30576358,PME44,CEP1
AT2G03300,AT2G14610,GRN_activates,1,27802841,,PR1
AT2G03300,AT3G57260,GRN_activates,1,27802841,,BGL2
AT2G03300,AT3G52430,GRN_activates,1,27802841,,PAD4
AT5G52310,AT3G22680,GRN_represses,1,20410883,RD29A,
AT5G59380,AT4G40040,GRN_regulates,1,28115468,,HTR8
AT5G13960,AT4G40040,GRN_regulates,1,28115468,,HTR8
AT4G13460,AT4G40040,GRN_regulates,1,28115468,,HTR8
AT2G38470,AT1G63700,GRN_regulates,1,36840288,WRKY33,
AT3G49250,AT2G27040,GRN_regulates,1,30739798,,AGO4
AT1G19350,AT4G26200,GRN_represses,1,29324765,,ACS7
AT1G75080,AT4G26200,GRN_represses,1,29324765,,ACS7
AT5G36880,AT2G38050,GRN_activates,1,29324765,ACS,
AT1G71880,AT1G66340,GRN_activates,1,28584283,SUC1,
AT3G20770,AT5G52310,GRN_activates,1,28300216,,RD29A
AT3G20770,AT2G42540,GRN_activates,1,28300216,,COR15A
AT5G35410,AT5G52310,GRN_activates,1,28300216,,RD29A
AT5G35410,AT2G42540,GRN_activates,1,28300216,,COR15A
AT4G35610,AT1G58440,GRN_represses,1,33139535,,
AT4G35610,AT1G76490,GRN_represses,1,33139535,,
AT1G75080,AT1G73830,GRN_regulates,1,29897568,,BEE3
AT1G30330,AT4G37800,GRN_regulates,1,29897568,ARF6,XTH7
AT1G30330,AT4G27330,GRN_activates,1,29897568,ARF6,
AT1G73830,AT5G03280,GRN_represses,1,29897568,BEE3,
AT4G37800,AT5G03280,GRN_represses,1,29897568,XTH7,
AT1G73830,AT3G20770,GRN_regulates,1,29897568,BEE3,
AT4G37800,AT3G20770,GRN_regulates,1,29897568,XTH7,
AT1G73830,AT1G30330,GRN_regulates,1,29897568,BEE3,ARF6
AT4G37800,AT1G75080,GRN_regulates,1,29897568,XTH7,
AT4G22920,AT3G20770,GRN_regulates,1,26218222,SGR1,
AT2G02955,AT5G39610,GRN_represses,1,26218222,,NAC92
AT1G32640,AT3G15210,GRN_represses,1,35371146,MYC2,
AT2G38470,AT3G15210,GRN_represses,1,35371146,WRKY33,
AT3G20770,AT1G72450,GRN_regulates,1,23795294,,TIFY11B
AT3G20770,AT3G63010,GRN_regulates,1,23795294,,GID1B
AT3G20770,AT4G32280,GRN_regulates,1,23795294,,IAA29
AT3G20770,AT3G14230,GRN_regulates,1,23795294,,RAP2-2
AT3G63010,AT1G09530,GRN_regulates,1,23840932,GID1B,
AT4G37580,AT4G27440,GRN_activates,1,27486469,,PORB
AT1G66340,AT5G62920,GRN_activates,1,31176773,,ARR6
AT1G71880,AT3G20770,GRN_activates,1,28600557,SUC1,
AT3G20770,AT1G71880,GRN_represses,1,28600557,,SUC1
AT3G01090,AT1G71880,GRN_represses,1,28600557,,SUC1
AT5G64040,AT3G01090,GRN_activates,1,28600557,PSAN,
AT3G20770,AT5G64040,GRN_represses,1,28600557,,PSAN
AT3G01090,AT5G64040,GRN_represses,1,28600557,,PSAN
AT4G02520,AT3G20770,GRN_activates,1,28600557,GSTF2,
AT5G45890,AT3G01090,GRN_activates,1,28600557,SAG12,
AT3G59060,AT5G13630,GRN_regulates,1,28861105,PIF5,CHLH
AT5G24800,AT5G52310,GRN_activates,1,37147307,BZIP9,RD29A
AT4G37120,AT3G09600,GRN_regulates,1,35222493,,RVE8
AT5G09230,AT2G14610,GRN_represses,1,20573705,,PR1
AT3G28910,AT1G22710,GRN_regulates,1,24587042,,SUC2
AT3G28910,AT2G14610,GRN_activates,1,24587042,,PR1
AT5G19430,AT5G05410,GRN_regulates,1,27615387,,DREB2A
AT5G25610,AT5G62470,GRN_regulates,1,27615387,RD22,MYB96
AT5G62470,AT4G38630,GRN_represses,1,27615387,MYB96,
AT1G77450,AT1G27950,GRN_activates,1,31388054,,LTPG1
AT1G77450,AT3G43720,GRN_activates,1,31388054,,LTPG2
AT1G77450,AT3G51600,GRN_activates,1,31388054,,LTP5
AT3G09230,AT2G47190,GRN_regulates,1,31555061,,ATMYB2
AT2G36270,AT1G23310,GRN_regulates,1,32206789,ABI5,GGAT1
AT2G36270,AT4G33010,GRN_regulates,1,32206789,ABI5,GLDP1
AT3G20810,AT4G27670,GRN_activates,1,34200465,JMJ30,
AT1G74960,AT2G15970,GRN_represses,1,30158496,,COR413PM1
AT4G34740,AT2G15970,GRN_represses,1,30158496,,COR413PM1
AT1G66430,AT2G15970,GRN_represses,1,30158496,,COR413PM1
AT5G20280,AT2G15970,GRN_represses,1,30158496,,COR413PM1
AT3G17810,AT2G15970,GRN_represses,1,30158496,,COR413PM1
AT4G13610,AT3G14210,GRN_activates,1,35088155,,ESM1
AT4G36740,AT3G14440,GRN_activates,1,37608548,,NCED3
AT3G18550,AT1G05680,GRN_regulates,1,33404550,,UGT74E2
AT3G03990,AT3G14440,GRN_activates,1,38279328,,NCED3
AT3G03990,AT3G51240,GRN_activates,1,38279328,,F3H
AT3G03990,AT5G37300,GRN_activates,1,38279328,,WSD1
AT4G18390,AT4G23713,GRN_regulates,1,26157444,TCP2,
AT1G53230,AT1G29460,GRN_activates,1,26157444,,
AT1G30210,AT2G46770,GRN_represses,1,26157444,,NAC043
AT1G30210,AT3G61910,GRN_represses,1,26157444,,NAC066
AT5G60970,AT1G69120,GRN_activates,1,35406918,,AP1
AT3G02150,AT1G69120,GRN_activates,1,35406918,,AP1
AT5G08070,AT1G69120,GRN_activates,1,35406918,,AP1
AT5G05410,AT5G41663,GRN_activates,1,35406918,DREB2A,
AT4G18390,AT2G25930,GRN_activates,1,35327958,TCP2,
AT1G64280,AT1G08450,GRN_activates,1,30815005,,CRT3
AT1G64280,AT4G36990,GRN_regulates,1,30815005,,HSFB1
AT2G30360,AT5G22570,GRN_activates,1,30815005,,WRKY38
AT2G30360,AT5G01900,GRN_activates,1,30815005,,WRKY62
AT5G10940,AT2G29980,GRN_regulates,1,33584774,,FAD3
AT2G34600,AT5G46910,GRN_regulates,1,33643367,TIFY 5B,
AT5G58140,AT2G30520,GRN_represses,1,34646282,,RPT2
AT1G75100,AT2G30520,GRN_regulates,1,34646282,,RPT2
ATCG00160,AT5G47910,GRN_activates,1,30300945,RPS2,
ATCG00160,AT5G36150,GRN_activates,1,30300945,RPS2,
AT5G63580,AT2G18960,GRN_activates,1,30300945,FLS2,
AT5G63580,AT4G30190,GRN_activates,1,30300945,FLS2,
AT1G66050,AT1G01370,GRN_represses,1,18704160,,HTR12
AT5G39550,AT1G01370,GRN_represses,1,18704160,,HTR12
AT5G12840,AT2G40170,GRN_activates,1,23637805,,EM6
AT5G56270,AT3G24650,GRN_regulates,1,19622176,,ABI3
AT1G08970,AT2G40170,GRN_regulates,1,28924726,NFYC9,EM6
AT1G08970,AT3G51810,GRN_regulates,1,28924726,NFYC9,EM1
AT1G08970,AT5G52300,GRN_regulates,1,28924726,NFYC9,LTI65
AT3G24650,AT5G04275,GRN_activates,1,23717657,ABI3,
AT2G36270,AT5G04275,GRN_activates,1,23717657,ABI5,
AT1G13260,AT3G51810,GRN_activates,1,23717657,RAV1,EM1
AT1G13260,AT2G40170,GRN_activates,1,23717657,RAV1,EM6
AT1G13260,AT5G66400,GRN_activates,1,23717657,RAV1,RAB18
AT1G13260,AT1G18100,GRN_activates,1,23717657,RAV1,MFT
AT2G23380,AT1G69120,GRN_regulates,1,17881378,,AP1
AT1G74710,AT1G22810,GRN_activates,1,32725756,,ERF019
AT2G14610,AT1G22810,GRN_activates,1,32725756,PR1,ERF019
AT5G24770,AT1G22810,GRN_activates,1,32725756,VSP2,ERF019
AT3G25800,AT1G22810,GRN_activates,1,32725756,,ERF019
AT3G45140,AT1G22810,GRN_activates,1,32725756,LOX2,ERF019
AT5G09410,AT4G27410,GRN_regulates,1,23547968,,RD26
AT5G09410,AT5G66400,GRN_regulates,1,23547968,,RAB18
AT5G09410,AT5G52310,GRN_regulates,1,23547968,,RD29A
AT5G04340,AT5G09410,GRN_regulates,1,23547968,ZAT6,
AT5G51070,AT5G06950,GRN_activates,1,30444888,CLPD,
AT5G51070,AT5G23060,GRN_represses,1,30444888,CLPD,CAS
AT2G41225,AT2G42610,GRN_represses,1,36650214,,LSH10
AT2G17950,AT2G42610,GRN_represses,1,36650214,,LSH10
AT2G36270,AT2G42610,GRN_represses,1,36650214,ABI5,LSH10
AT2G44080,AT2G42610,GRN_represses,1,36650214,,LSH10
AT4G31780,AT5G11260,GRN_activates,1,24966866,MGD1,
AT1G15820,AT5G11260,GRN_activates,1,24966866,LHCB6,
AT5G13630,AT5G11260,GRN_activates,1,24966866,CHLH,
AT4G18480,AT4G31780,GRN_represses,1,24966866,CHLI1,MGD1
AT4G18480,AT3G11670,GRN_represses,1,24966866,CHLI1,
AT2G32950,AT4G31780,GRN_represses,1,24966866,,MGD1
AT4G14550,AT5G20410,GRN_activates,1,24966866,,MGD2
AT3G23250,AT2G37040,GRN_activates,1,33042196,MYB15,PAL1
AT3G23250,AT1G51680,GRN_activates,1,33042196,MYB15,4CL1
AT3G23250,AT4G34050,GRN_activates,1,33042196,MYB15,CCoAOMT1
AT3G23250,AT5G54160,GRN_activates,1,33042196,MYB15,OMT1
AT3G23250,AT4G34230,GRN_activates,1,33042196,MYB15,CAD5
AT4G15610,AT3G23250,GRN_activates,1,33042196,,MYB15
AT2G39530,AT3G23250,GRN_activates,1,33042196,,MYB15
AT1G21700,AT4G25490,GRN_regulates,1,31979421,,DREB1B
AT1G21700,AT1G43160,GRN_regulates,1,31979421,,RAP2-6
AT1G21700,AT1G20440,GRN_activates,1,31979421,,COR47
AT3G23250,AT4G01370,GRN_regulates,1,28510716,MYB15,
AT2G46830,AT5G28770,GRN_activates,1,30078562,CCA1,BZIP63
AT1G78580,AT5G28770,GRN_regulates,1,30078562,,BZIP63
AT2G28900,AT1G65450,GRN_regulates,1,23882272,OEP161,
AT1G15330,AT2G21045,GRN_regulates,1,23882272,PV42A,HAC1
AT1G80090,AT2G21045,GRN_regulates,1,23882272,PV42B,HAC1
AT4G09610,AT2G21045,GRN_regulates,1,23882272,GASA2,HAC1
AT4G18650,AT2G21045,GRN_regulates,1,23882272,,HAC1
AT1G15570,AT4G00026,GRN_activates,1,31134102,CYCA2-3,
AT4G34160,AT4G00026,GRN_activates,1,31134102,CYCD3-1,
AT5G13790,AT2G18010,GRN_regulates,1,29258424,AGL15,
AT5G24470,AT2G18010,GRN_regulates,1,29258424,APRR5,
AT2G18010,AT1G19850,GRN_represses,1,29258424,,ARF5
AT4G36110,AT1G19850,GRN_represses,1,29258424,,ARF5
AT4G36110,AT2G43010,GRN_regulates,1,29258424,,
AT2G21220,AT2G43010,GRN_regulates,1,29258424,,
AT4G38860,AT2G43010,GRN_regulates,1,29258424,,
AT4G34760,AT2G43010,GRN_regulates,1,29258424,SAUR50,
AT1G75580,AT2G43010,GRN_regulates,1,29258424,,
AT4G36110,AT3G59060,GRN_regulates,1,29258424,,PIF5
AT2G18010,AT3G59060,GRN_regulates,1,29258424,,PIF5
AT2G21220,AT3G59060,GRN_regulates,1,29258424,,PIF5
AT4G38860,AT3G59060,GRN_regulates,1,29258424,,PIF5
AT4G34760,AT3G59060,GRN_regulates,1,29258424,SAUR50,PIF5
AT1G75580,AT3G59060,GRN_regulates,1,29258424,,PIF5
AT1G65690,AT1G45249,GRN_regulates,1,26849212,NHL6,ABF2
AT1G65690,AT3G19290,GRN_regulates,1,26849212,NHL6,
AT1G65690,AT4G34000,GRN_regulates,1,26849212,NHL6,
AT2G16500,AT5G21482,GRN_activates,1,33920993,,CKX7
AT2G16500,AT1G73590,GRN_regulates,1,33920993,,PIN1
AT4G10310,AT3G16857,GRN_activates,1,22355415,HKT1,
AT1G53000,AT4G27410,GRN_activates,1,18783601,,RD26
AT1G53000,AT3G61060,GRN_activates,1,18783601,,AtPP2-A13
AT1G53000,AT5G20230,GRN_activates,1,18783601,,BCB
AT1G53000,AT2G22860,GRN_activates,1,18783601,,PSK2
AT1G31770,AT1G53000,GRN_represses,1,36307987,ABCG14,
AT5G05860,AT1G53000,GRN_activates,1,27602043,UGT76C2,
AT1G22400,AT1G53000,GRN_activates,1,27602043,UGT85A1,
AT2G41510,AT1G22400,GRN_activates,1,27602043,,UGT85A1
AT2G19500,AT5G05870,GRN_regulates,1,27602043,CKX2,
AT1G22400,AT5G05870,GRN_represses,1,27602043,UGT85A1,
AT1G22400,AT5G05860,GRN_represses,1,27602043,UGT85A1,UGT76C2
AT2G19500,AT1G22400,GRN_regulates,1,27602043,CKX2,UGT85A1
AT3G61630,AT1G32450,GRN_regulates,1,36406052,,NPF7.3
AT1G53000,AT4G34160,GRN_activates,1,23049779,,CYCD3-1
AT2G42200,AT1G50430,GRN_represses,1,37147280,SPL9,
AT4G18710,AT2G28550,GRN_regulates,1,37147280,,RAP2.7
AT5G56970,AT1G69490,GRN_regulates,1,37789454,,NAC029
AT2G35210,AT3G48190,GRN_regulates,1,24335281,AGD10,
AT5G08020,AT5G40820,GRN_activates,1,24335281,RPA1B,
AT3G52400,AT1G13030,GRN_activates,1,35674377,SYP122,
AT5G24770,AT1G13030,GRN_represses,1,35674377,VSP2,
AT2G26040,AT1G32640,GRN_represses,1,35674377,,MYC2
AT1G25330,AT1G18400,GRN_regulates,1,32435255,,BEE1
AT5G60410,AT2G14610,GRN_activates,1,29357355,,PR1
AT5G60410,AT3G57260,GRN_activates,1,29357355,,BGL2
AT4G39400,AT3G26520,GRN_represses,1,21145502,,TIP1-2
AT4G39400,AT1G52830,GRN_represses,1,21145502,,IAA6
AT2G45050,AT1G29920,GRN_activates,1,21145502,,LHCB1.1
AT2G45050,AT1G67090,GRN_activates,1,21145502,,RBCS-1A
AT2G45050,AT1G52230,GRN_activates,1,21145502,,PSAH2
AT5G11260,AT1G77690,GRN_regulates,1,33367230,,LAX3
AT4G14130,AT3G59060,GRN_regulates,1,32392219,XTH15,PIF5
AT5G46210,AT3G59060,GRN_activates,1,30144338,,PIF5
AT5G63860,AT4G14130,GRN_represses,1,31571300,,XTH15
AT5G63860,AT3G15540,GRN_represses,1,31571300,,IAA19
AT5G63860,AT4G32280,GRN_represses,1,31571300,,IAA29
AT4G11260,AT1G58602,GRN_regulates,1,30407670,,
AT4G26010,AT1G27740,GRN_regulates,1,35288564,,
AT1G27740,AT5G39580,GRN_regulates,1,35288564,,PER62
AT2G17950,AT4G37490,GRN_activates,1,24086632,,CYCB1-1
AT5G63110,AT4G24190,GRN_regulates,1,22363501,HDA6,
AT3G07650,AT2G45660,GRN_represses,1,24492654,COL9,SOC1
AT5G52640,AT4G23100,GRN_regulates,1,29722824,HSP90-1,
AT5G52640,AT5G66140,GRN_regulates,1,29722824,HSP90-1,
AT3G27810,AT1G17170,GRN_regulates,1,29722824,,GSTU24
AT3G27810,AT3G62030,GRN_regulates,1,29722824,,ROC4
AT3G27810,AT3G50820,GRN_regulates,1,29722824,,PSBO2
AT1G26790,AT2G46830,GRN_regulates,1,30886204,,CCA1
AT2G46830,AT2G18550,GRN_regulates,1,30886204,CCA1,ATHB-21
AT5G24470,AT5G66400,GRN_activates,1,34152411,APRR5,RAB18
AT2G36270,AT5G24470,GRN_regulates,1,34152411,ABI5,APRR5
AT4G25490,AT4G26440,GRN_activates,1,20643804,DREB1B,
AT4G25470,AT4G26440,GRN_activates,1,20643804,DREB1C,
AT4G26440,AT4G25490,GRN_regulates,1,20643804,,DREB1B
AT5G05410,AT4G22910,GRN_regulates,1,22784627,DREB2A,
AT5G05410,AT2G39140,GRN_regulates,1,22784627,DREB2A,
AT3G20670,AT4G22910,GRN_regulates,1,22784627,HTA13,
AT3G20670,AT2G39140,GRN_regulates,1,22784627,HTA13,
AT3G62260,AT4G22910,GRN_regulates,1,22784627,,
AT3G62260,AT2G39140,GRN_regulates,1,22784627,,
AT3G24500,AT3G62260,GRN_activates,1,22784627,,
AT2G41225,AT2G27350,GRN_represses,1,27999174,,
AT2G14610,AT1G33560,GRN_activates,1,33055218,PR1,
AT2G14610,AT3G48090,GRN_activates,1,33055218,PR1,
AT1G19250,AT3G52430,GRN_activates,1,33055218,,PAD4
AT2G46830,AT4G20400,GRN_regulates,1,31429787,CCA1,
AT2G46830,AT4G15180,GRN_regulates,1,31429787,CCA1,
AT5G39860,AT4G15180,GRN_represses,1,34746701,PRE1,
AT1G28270,AT1G23900,GRN_represses,1,35873977,RALFL4,
AT1G61563,AT1G23900,GRN_represses,1,35873977,RALFL8,
AT2G22055,AT1G23900,GRN_represses,1,35873977,RALFL15,
AT2G33775,AT1G23900,GRN_represses,1,35873977,RALFL19,
AT1G23900,AT1G03050,GRN_represses,1,35873977,,
AT1G23900,AT4G02650,GRN_represses,1,35873977,,
AT1G23900,AT1G25240,GRN_represses,1,35873977,,
AT1G23900,AT1G68110,GRN_represses,1,35873977,,
AT4G16780,AT1G73590,GRN_represses,1,32375344,,PIN1
AT4G16780,AT1G70940,GRN_represses,1,32375344,,PIN3
AT4G16780,AT2G01420,GRN_represses,1,32375344,,PIN4
AT2G46830,AT5G37260,GRN_represses,1,32607464,CCA1,RVE2
AT2G46830,AT2G29630,GRN_represses,1,32607464,CCA1,
AT3G54610,AT2G33810,GRN_regulates,1,33922251,HAG1,SPL3
AT3G54610,AT2G42200,GRN_regulates,1,33922251,HAG1,SPL9
AT3G54610,AT3G23240,GRN_regulates,1,33922251,HAG1,
AT3G54610,AT5G25350,GRN_regulates,1,33922251,HAG1,
AT3G08040,AT3G54610,GRN_regulates,1,33922251,,HAG1
AT3G54610,AT1G48410,GRN_represses,1,33922251,HAG1,
AT3G54610,AT1G29920,GRN_regulates,1,33922251,HAG1,LHCB1.1
AT3G54610,AT1G67090,GRN_regulates,1,33922251,HAG1,RBCS-1A
AT3G54610,AT1G15750,GRN_represses,1,33562796,HAG1,
AT3G54610,AT3G54220,GRN_activates,1,33562796,HAG1,
AT3G54610,AT3G20840,GRN_activates,1,33562796,HAG1,
AT3G54610,AT1G51190,GRN_activates,1,33562796,HAG1,
AT3G54610,AT1G62300,GRN_activates,1,33562796,HAG1,WRKY6
AT1G32640,AT3G54610,GRN_represses,1,32396165,MYC2,HAG1
AT5G54250,AT3G54610,GRN_represses,1,32396165,CNGC4,HAG1
AT2G38470,AT3G54610,GRN_represses,1,32396165,WRKY33,HAG1
AT2G46450,AT3G54610,GRN_activates,1,32396165,,HAG1
AT5G62740,AT3G54610,GRN_activates,1,32396165,,HAG1
AT1G69310,AT3G54610,GRN_activates,1,32396165,,HAG1
AT5G51110,AT4G34110,GRN_regulates,1,37122016,ATP1,
AT5G20720,AT4G34110,GRN_regulates,1,37122016,CPN20,
AT5G51110,AT2G23350,GRN_regulates,1,37122016,ATP1,
AT2G36270,AT2G19430,GRN_represses,1,37122016,ABI5,
AT2G36270,AT1G76260,GRN_represses,1,37122016,ABI5,
AT2G36270,AT5G51110,GRN_represses,1,37122016,ABI5,ATP1
AT2G36270,AT5G20720,GRN_represses,1,37122016,ABI5,CPN20
AT5G52310,AT3G13460,GRN_activates,1,37122016,RD29A,
AT2G40170,AT3G13460,GRN_activates,1,37122016,EM6,
AT5G52310,AT2G36270,GRN_represses,1,37122016,RD29A,ABI5
AT3G22990,AT2G45190,GRN_regulates,1,34456957,,YAB1
AT2G33610,AT2G45190,GRN_regulates,1,34456957,,YAB1
AT5G64740,AT4G37930,GRN_regulates,1,35640153,,SHM1
AT4G37930,AT1G78440,GRN_regulates,1,35640153,SHM1,
AT1G79730,AT4G08150,GRN_represses,1,35640153,,KNAT1
AT1G79730,AT4G37930,GRN_regulates,1,35640153,,SHM1
AT2G28350,AT3G23050,GRN_activates,1,27014334,,IAA7
AT4G30080,AT3G23050,GRN_activates,1,27014334,,IAA7
AT2G28350,AT1G04250,GRN_activates,1,27014334,,IAA17
AT4G30080,AT1G04250,GRN_activates,1,27014334,,IAA17
AT3G16857,AT5G54510,GRN_regulates,1,30965632,,GH3.6
AT3G16857,AT2G47750,GRN_regulates,1,30965632,,GH3.9
AT5G49230,AT2G30520,GRN_regulates,1,22589732,,RPT2
AT5G49230,AT1G09540,GRN_regulates,1,22589732,,MYB61
AT5G63870,AT2G30520,GRN_regulates,1,22589732,PP7,RPT2
AT5G63870,AT1G08810,GRN_regulates,1,22589732,PP7,
AT5G63870,AT1G09540,GRN_regulates,1,22589732,PP7,MYB61
AT5G63870,AT5G49230,GRN_represses,1,22589732,PP7,
AT3G22370,AT5G51740,GRN_activates,1,34608962,AOX1A,
AT5G51440,AT5G51740,GRN_activates,1,34608962,HSP23.5,
AT1G65450,AT3G09640,GRN_represses,1,21441406,,
AT4G36990,AT3G25800,GRN_regulates,1,35986244,HSFB1,
AT3G16240,AT3G55990,GRN_represses,1,19061521,TIP2-1,ESK1
AT5G06600,AT5G05690,GRN_represses,1,36712126,,CYP90A1
AT3G11910,AT5G05690,GRN_represses,1,36712126,,CYP90A1
AT5G06600,AT3G59060,GRN_regulates,1,35700731,,PIF5
AT1G53170,AT5G52310,GRN_represses,1,30261844,,RD29A
AT1G53170,AT5G67030,GRN_represses,1,30261844,,ZEP
AT1G53170,AT3G14440,GRN_represses,1,30261844,,NCED3
AT1G53170,AT4G27410,GRN_represses,1,30261844,,RD26
AT1G53170,AT3G61890,GRN_represses,1,30261844,,ATHB-12
AT1G53170,AT5G66400,GRN_activates,1,30261844,,RAB18
AT1G53170,AT5G15960,GRN_activates,1,30261844,,KIN1
AT1G53170,AT3G52430,GRN_activates,1,30261844,,PAD4
AT1G53170,AT1G75040,GRN_activates,1,30261844,,PR5
AT1G53170,AT2G38470,GRN_activates,1,30261844,,WRKY33
AT1G53170,AT5G47220,GRN_activates,1,30261844,,ERF2
AT1G53170,AT5G24770,GRN_represses,1,30261844,,VSP2
AT1G53170,AT5G42650,GRN_represses,1,30261844,,CYP74A
AT1G53170,AT5G54250,GRN_represses,1,30261844,,CNGC4
AT1G19350,AT1G18400,GRN_activates,1,35682705,,BEE1
AT1G75080,AT5G65700,GRN_activates,1,35682705,,BAM1
AT4G14050,ATMG01190,GRN_regulates,1,26470017,,ATP1
AT4G14050,ATCG01230,GRN_regulates,1,26470017,,RPS12B
AT4G14050,ATMG00290,GRN_regulates,1,26470017,,RPS4
AT5G65510,AT5G10510,GRN_activates,1,37606746,,AIL6
AT5G57390,AT5G10510,GRN_activates,1,37606746,,AIL6
AT2G42680,AT5G52310,GRN_activates,1,24885401,,RD29A
AT2G42680,AT2G41430,GRN_activates,1,24885401,,ERD15
AT2G42680,AT5G15970,GRN_activates,1,24885401,,KIN2
AT5G59780,AT5G14740,GRN_regulates,1,34208611,MYB59,
AT3G27920,AT1G21970,GRN_activates,1,26579186,,NFYB9
AT1G79840,AT1G21970,GRN_activates,1,26579186,,NFYB9
AT5G41315,AT1G21970,GRN_activates,1,26579186,,NFYB9
AT2G30424,AT1G21970,GRN_represses,1,26579186,,NFYB9
AT1G01380,AT1G21970,GRN_represses,1,26579186,,NFYB9
AT2G30420,AT1G21970,GRN_represses,1,26579186,,NFYB9
AT1G21970,AT3G27920,GRN_activates,1,26579186,NFYB9,
AT1G21970,AT1G79840,GRN_activates,1,26579186,NFYB9,
AT1G21970,AT5G41315,GRN_activates,1,26579186,NFYB9,
AT1G21970,AT2G30420,GRN_represses,1,26579186,NFYB9,
AT5G40360,AT1G21970,GRN_regulates,1,26579186,,NFYB9
AT4G00270,AT4G08150,GRN_activates,1,35890483,,KNAT1
AT1G25560,AT1G69120,GRN_represses,1,24424565,TEM1,AP1
AT3G45140,AT4G28950,GRN_represses,1,38203762,LOX2,
AT2G14610,AT4G28950,GRN_represses,1,38203762,PR1,
AT2G32680,AT4G28950,GRN_represses,1,38203762,AtRLP23,
AT3G05660,AT4G28950,GRN_represses,1,38203762,AtRLP33,
AT2G15080,AT4G28950,GRN_represses,1,38203762,AtRLP19,
AT3G11010,AT4G28950,GRN_represses,1,38203762,AtRLP34,
AT3G25010,AT4G28950,GRN_represses,1,38203762,AtRLP41,
AT4G28950,AT3G45140,GRN_represses,1,38203762,,LOX2
AT5G61480,AT1G05010,GRN_activates,1,27787905,,ACO4
AT4G21330,AT4G35420,GRN_activates,1,27787905,,TKPR1
AT1G75520,AT2G32950,GRN_regulates,1,36072673,SRS5,
AT4G25470,AT5G10140,GRN_activates,1,37377797,DREB1C,
AT5G61850,AT5G24910,GRN_activates,1,34290727,,CYP714A1
AT1G51700,AT5G23010,GRN_activates,1,18094747,,MAM1
AT4G16110,AT1G14540,GRN_regulates,1,33540571,,PER4
AT4G16110,AT5G64120,GRN_regulates,1,33540571,,PER71
AT5G60910,AT5G67180,GRN_regulates,1,29422669,AGL8,
AT2G28550,AT5G60910,GRN_activates,1,29422669,RAP2.7,AGL8
AT2G39250,AT5G60910,GRN_activates,1,29422669,SNZ,AGL8
AT5G60910,AT3G03450,GRN_regulates,1,28586421,AGL8,
AT5G60910,AT1G75450,GRN_regulates,1,28586421,AGL8,
AT5G60910,AT4G39400,GRN_activates,1,28586421,AGL8,
AT5G60910,AT5G43940,GRN_activates,1,28586421,AGL8,
AT2G18010,AT1G30330,GRN_regulates,1,28586421,,ARF6
AT5G61850,AT5G60910,GRN_activates,1,19686687,,AGL8
AT1G69120,AT2G33810,GRN_regulates,1,19686687,AP1,SPL3
AT5G13790,AT2G33860,GRN_represses,1,32899394,AGL15,
AT4G37490,AT5G64930,GRN_activates,1,24945150,CYCB1-1,
AT5G06150,AT5G64930,GRN_activates,1,24945150,CYCB1-2,
AT4G37490,AT4G16890,GRN_activates,1,24945150,CYCB1-1,SNC1
AT3G57860,AT4G16890,GRN_activates,1,24945150,,SNC1
AT5G64930,AT4G16890,GRN_activates,1,24945150,,SNC1
AT3G27300,AT2G36270,GRN_represses,1,30700259,,ABI5
AT3G30775,AT1G75380,GRN_represses,1,33805821,POX1,BBD1
AT1G75380,AT1G32640,GRN_represses,1,33805821,BBD1,MYC2
AT2G40170,AT4G02940,GRN_activates,1,34386031,EM6,
AT3G51810,AT4G02940,GRN_activates,1,34386031,EM1,
AT3G14440,AT2G17820,GRN_activates,1,28449122,NCED3,
AT2G38470,AT1G45145,GRN_regulates,1,26076231,WRKY33,TRX5
AT2G38470,AT5G47230,GRN_activates,1,26076231,WRKY33,
AT2G38470,AT4G37390,GRN_represses,1,26076231,WRKY33,YDK1
AT2G38470,AT2G23170,GRN_represses,1,26076231,WRKY33,GH3.3
AT2G38470,AT5G05730,GRN_activates,1,26076231,WRKY33,
AT2G38470,AT2G30750,GRN_activates,1,26076231,WRKY33,CYP71A12
AT3G22160,AT2G38470,GRN_regulates,1,26076231,,WRKY33
AT4G20000,AT2G38470,GRN_regulates,1,26076231,,WRKY33
AT4G19230,AT3G18520,GRN_activates,1,33995439,,HDA15
AT3G24650,AT3G18520,GRN_activates,1,33995439,ABI3,HDA15
AT2G40220,AT3G18520,GRN_activates,1,33995439,,HDA15
AT4G38130,AT5G15020,GRN_represses,1,33995439,HDA19,
AT3G14440,AT1G72320,GRN_represses,1,29490615,NCED3,
AT5G52310,AT1G72320,GRN_activates,1,29490615,RD29A,
AT4G27410,AT1G72320,GRN_activates,1,29490615,RD26,
AT2G42540,AT1G72320,GRN_activates,1,29490615,COR15A,
AT5G13180,AT5G52300,GRN_activates,1,27933076,NAC083,LTI65
AT3G47620,AT1G75040,GRN_activates,1,30154809,,PR5
AT3G47620,AT2G14610,GRN_activates,1,30154809,,PR1
AT3G47620,AT3G57260,GRN_activates,1,30154809,,BGL2
AT1G69690,AT2G14610,GRN_activates,1,30154809,TCP15,PR1
AT1G69690,AT3G57260,GRN_activates,1,30154809,TCP15,BGL2
AT5G13080,AT1G75040,GRN_activates,1,31969890,WRKY75,PR5
AT2G38470,AT4G35090,GRN_regulates,1,28107453,WRKY33,
AT1G70940,AT4G36930,GRN_activates,1,28388635,PIN3,
AT3G50260,AT5G52310,GRN_represses,1,28510204,ERF011,RD29A
AT4G25490,AT2G34555,GRN_activates,1,23029105,DREB1B,
AT5G05410,AT5G25610,GRN_regulates,1,30093908,DREB2A,RD22
AT5G05410,AT1G01470,GRN_regulates,1,30093908,DREB2A,LEA14
AT4G25480,AT5G15960,GRN_regulates,1,30093908,,KIN1
AT2G32510,AT4G25480,GRN_regulates,1,36267847,MAPKKK17,
AT5G61380,AT4G25490,GRN_represses,1,23909712,,DREB1B
AT5G61380,AT4G25470,GRN_represses,1,23909712,,DREB1C
AT2G24360,AT4G25140,GRN_regulates,1,29348626,,OLEO1
AT1G69960,AT5G40890,GRN_activates,1,29116159,,CLC-A
AT1G64670,AT3G14440,GRN_regulates,1,26404089,BDG1,NCED3
AT5G10510,AT1G73590,GRN_regulates,1,29078398,AIL6,PIN1
AT5G10510,AT3G54220,GRN_regulates,1,29078398,AIL6,
AT5G10510,AT4G37650,GRN_regulates,1,29078398,AIL6,
AT5G57390,AT1G73590,GRN_regulates,1,29078398,,PIN1
AT5G65510,AT1G73590,GRN_regulates,1,29078398,,PIN1
AT1G60960,AT5G48390,GRN_regulates,1,30255457,IRT3,
AT1G60960,AT1G05300,GRN_regulates,1,30255457,IRT3,
AT1G60960,AT1G55910,GRN_regulates,1,30255457,IRT3,
AT1G60960,AT5G62160,GRN_regulates,1,30255457,IRT3,
AT2G37260,AT5G08640,GRN_activates,1,32843672,,FLS1
AT2G40970,AT5G08640,GRN_activates,1,32843672,,FLS1
AT3G29020,AT5G13930,GRN_regulates,1,32843672,,CHS
AT3G29020,AT5G42800,GRN_regulates,1,32843672,,DFRA
AT3G29020,AT4G22880,GRN_regulates,1,32843672,,LDOX
AT3G12820,AT5G13930,GRN_regulates,1,32843672,,CHS
AT3G12820,AT4G22880,GRN_regulates,1,32843672,,LDOX
AT3G12820,AT3G51240,GRN_regulates,1,32843672,,F3H
AT2G16060,AT2G42670,GRN_activates,1,36120894,AHB1,
AT1G62710,AT5G49660,GRN_activates,1,35408924,bVPE,
AT2G47190,AT1G62710,GRN_regulates,1,35408924,ATMYB2,bVPE
AT2G47190,AT4G21330,GRN_regulates,1,35408924,ATMYB2,
AT2G47190,AT3G28470,GRN_regulates,1,35408924,ATMYB2,
AT2G47190,AT2G16910,GRN_regulates,1,35408924,ATMYB2,
AT2G47190,AT5G56110,GRN_regulates,1,35408924,ATMYB2,
AT2G47190,AT5G22260,GRN_regulates,1,35408924,ATMYB2,
AT5G56110,AT2G47190,GRN_regulates,1,35408924,,ATMYB2
AT2G16910,AT2G47190,GRN_regulates,1,35408924,,ATMYB2
AT5G22260,AT2G47190,GRN_regulates,1,35408924,,ATMYB2
AT2G47190,AT4G39090,GRN_activates,1,35408924,ATMYB2,
AT2G47190,AT4G16190,GRN_activates,1,35408924,ATMYB2,RD19C
AT2G47190,AT1G47128,GRN_activates,1,35408924,ATMYB2,RD21A
AT2G03220,AT1G10960,GRN_activates,1,30778068,,FD1
AT2G23320,AT1G27730,GRN_regulates,1,29269383,,ZAT10
AT2G23320,AT1G80840,GRN_regulates,1,29269383,,WRKY40
AT2G23320,AT5G13330,GRN_regulates,1,29269383,,ERF113
AT2G23320,AT5G04340,GRN_regulates,1,29269383,,ZAT6
AT4G17490,AT1G02400,GRN_activates,1,29269383,,GA2OX6
AT3G23230,AT1G18570,GRN_activates,1,29269383,,MYB51
AT5G44210,AT1G02400,GRN_activates,1,29269383,,GA2OX6
AT2G23320,AT1G02400,GRN_activates,1,29269383,,GA2OX6
AT5G43410,AT5G24770,GRN_activates,1,26635862,,VSP2
AT2G36490,AT5G52310,GRN_regulates,1,20059743,,RD29A
AT3G22231,AT2G18790,GRN_activates,1,24475254,PCC1,
AT3G22231,AT4G08920,GRN_represses,1,24475254,PCC1,
AT3G22231,AT1G04400,GRN_represses,1,24475254,PCC1,
AT3G22231,AT2G32950,GRN_regulates,1,24475254,PCC1,
AT2G25170,AT2G42540,GRN_regulates,1,31354770,,COR15A
AT2G25170,AT2G42530,GRN_regulates,1,31354770,,COR15B
AT3G23250,AT4G25490,GRN_regulates,1,31354770,MYB15,DREB1B
AT3G23250,AT4G25470,GRN_regulates,1,31354770,MYB15,DREB1C
AT3G22840,AT2G25170,GRN_activates,1,31354770,ELIP1,
AT4G14690,AT2G25170,GRN_activates,1,31354770,ELIP2,
AT5G62360,AT2G25170,GRN_represses,1,31354770,,
AT5G15960,AT2G25170,GRN_represses,1,31354770,KIN1,
AT5G15970,AT2G25170,GRN_represses,1,31354770,KIN2,
AT3G23250,AT2G25170,GRN_represses,1,31354770,MYB15,
AT5G52310,AT2G25170,GRN_represses,1,31354770,RD29A,
AT2G42540,AT2G25170,GRN_represses,1,31354770,COR15A,
AT2G42530,AT2G25170,GRN_represses,1,31354770,COR15B,
AT4G31877,AT3G44680,GRN_activates,1,35460275,,HDA9
AT5G00540,AT2G46830,GRN_regulates,1,18426557,,CCA1
AT2G42200,AT5G62165,GRN_regulates,1,36786225,SPL9,
AT2G42200,AT2G46410,GRN_regulates,1,36786225,SPL9,
AT2G42200,AT4G01060,GRN_regulates,1,36786225,SPL9,ETC3
AT2G42200,AT1G12610,GRN_regulates,1,36786225,SPL9,DREB1F
AT2G42200,AT5G62520,GRN_regulates,1,36786225,SPL9,SRO5
AT2G42200,AT3G15500,GRN_regulates,1,36786225,SPL9,NAC055
AT2G42200,AT5G01520,GRN_regulates,1,36786225,SPL9,AIRP2
AT2G42200,AT2G47190,GRN_regulates,1,36786225,SPL9,ATMYB2
AT2G42200,AT2G42530,GRN_regulates,1,36786225,SPL9,COR15B
AT2G42200,AT4G22880,GRN_represses,1,36786225,SPL9,LDOX
AT2G42200,AT5G17050,GRN_represses,1,36786225,SPL9,
AT3G26790,AT1G13260,GRN_represses,1,22348746,,RAV1
AT3G26790,AT5G47220,GRN_represses,1,22348746,,ERF2
AT3G26790,AT1G68840,GRN_represses,1,22348746,,RAV2
AT3G26790,AT1G25560,GRN_represses,1,22348746,,TEM1
AT5G61850,AT4G34520,GRN_regulates,1,25888376,,FAE1
AT3G24650,AT4G25140,GRN_regulates,1,22730287,ABI3,OLEO1
AT3G24650,AT5G54740,GRN_regulates,1,22730287,ABI3,SESA5
AT3G24650,AT5G11260,GRN_regulates,1,22730287,ABI3,
AT3G24650,AT5G13790,GRN_regulates,1,22730287,ABI3,AGL15
AT3G24650,AT1G24260,GRN_regulates,1,22730287,ABI3,SEP3
AT3G24650,AT4G36920,GRN_regulates,1,22730287,ABI3,
AT3G24650,AT2G31980,GRN_regulates,1,22730287,ABI3,CYS2
AT5G24520,AT1G64400,GRN_represses,1,32664363,,LACS3
AT5G24520,AT5G37300,GRN_represses,1,32664363,,WSD1
AT5G24520,AT3G51600,GRN_represses,1,32664363,,LTP5
AT5G24520,AT1G52400,GRN_regulates,1,32664363,,BGLU18
AT1G21970,AT5G24520,GRN_regulates,1,32664363,NFYB9,
AT1G21970,AT3G50660,GRN_regulates,1,36684724,NFYB9,
AT3G54320,AT2G05990,GRN_regulates,1,33917507,,MOD1
AT5G15850,AT5G23060,GRN_regulates,1,25972346,,CAS
AT3G02380,AT5G23060,GRN_regulates,1,25972346,,CAS
AT4G39260,AT5G13080,GRN_activates,1,28441533,,WRKY75
AT2G25095,AT5G50670,GRN_regulates,1,23226412,,SPL13A
AT1G66783,AT5G50670,GRN_regulates,1,23226412,,SPL13A
AT5G13790,AT1G14920,GRN_regulates,1,32937992,AGL15,
AT5G63110,AT1G01040,GRN_regulates,1,32937992,HDA6,
AT5G63110,AT4G20910,GRN_regulates,1,32937992,HDA6,
AT4G38130,AT1G01040,GRN_regulates,1,32937992,HDA19,
AT4G38130,AT4G20910,GRN_regulates,1,32937992,HDA19,
AT5G13790,AT4G36920,GRN_regulates,1,32937992,AGL15,
AT5G13790,AT5G04275,GRN_regulates,1,32937992,AGL15,
AT5G39610,AT1G66390,GRN_regulates,1,24914054,NAC92,MYB90
AT1G01470,AT4G10180,GRN_activates,1,25248106,LEA14,
AT4G09820,AT2G37260,GRN_represses,1,37354456,TT8,
AT4G25480,AT4G37800,GRN_regulates,1,38239967,,XTH7
AT4G37790,AT4G20860,GRN_regulates,1,38239967,,FAD-OXR
AT2G46270,AT4G20860,GRN_regulates,1,38239967,GBF3,FAD-OXR
AT4G34000,AT4G20860,GRN_regulates,1,38239967,,FAD-OXR
AT2G46270,AT1G75170,GRN_regulates,1,28831141,GBF3,
AT2G46270,AT5G59220,GRN_regulates,1,28831141,GBF3,SAG113
AT5G49880,AT5G45890,GRN_activates,1,24336389,,SAG12
AT5G49880,AT2G29350,GRN_activates,1,24336389,,SAG13
AT5G49880,AT1G29920,GRN_represses,1,24336389,,LHCB1.1
AT5G59710,AT1G65390,GRN_activates,1,31534160,,PP2A5
AT3G50770,AT5G59710,GRN_represses,1,31534160,CML41,
AT5G20230,AT2G43120,GRN_activates,1,32479638,BCB,
AT5G53210,AT3G17520,GRN_represses,1,34451739,,
AT3G17520,AT2G20875,GRN_activates,1,34451739,,
AT1G28300,AT1G32640,GRN_represses,1,23951228,,MYC2
AT3G05120,AT5G51810,GRN_represses,1,28128230,,GA20OX2
AT3G30720,AT1G79950,GRN_represses,1,37471026,QQS,
AT1G73990,AT2G30950,GRN_activates,1,23299325,,VAR2
AT2G05620,AT2G41680,GRN_represses,1,34204867,PGR5,
AT2G31040,AT2G05620,GRN_activates,1,34204867,,PGR5
AT5G19930,AT2G05620,GRN_represses,1,33554065,,PGR5
AT3G51550,AT2G05620,GRN_activates,1,28808104,,PGR5
AT2G05620,AT3G09640,GRN_represses,1,28808104,PGR5,
AT3G56980,AT1G77920,GRN_represses,1,34380420,,TGA7
AT1G56170,AT1G77920,GRN_represses,1,34380420,NFYC2,TGA7
AT3G10390,AT1G77920,GRN_regulates,1,34380420,,TGA7
AT4G05520,AT5G63580,GRN_represses,1,19936242,,FLS2
AT5G23000,AT1G45249,GRN_activates,1,26646286,,ABF2
AT5G23000,AT5G05410,GRN_activates,1,26646286,,DREB2A
AT5G23000,AT1G32640,GRN_activates,1,26646286,,MYC2
AT1G24590,AT3G61250,GRN_activates,1,27809788,,AtMYB17
AT1G24590,AT4G08150,GRN_represses,1,27809788,,KNAT1
AT1G24590,AT4G00180,GRN_activates,1,27809788,,YAB3
AT1G24590,AT1G19850,GRN_activates,1,27809788,,ARF5
AT1G24590,AT1G70940,GRN_represses,1,27809788,,PIN3
AT1G24590,AT2G01420,GRN_represses,1,27809788,,PIN4
AT3G16857,AT1G69120,GRN_represses,1,27809788,,AP1
AT5G60910,AT2G45660,GRN_represses,1,34638672,AGL8,SOC1
AT1G15750,AT2G45660,GRN_represses,1,34638672,,SOC1
AT4G08920,AT4G18390,GRN_represses,1,26596765,,TCP2
AT1G04400,AT4G18390,GRN_represses,1,26596765,,TCP2
AT4G18390,AT2G32950,GRN_activates,1,26596765,TCP2,
AT4G18390,AT5G13930,GRN_activates,1,26596765,TCP2,CHS
AT2G41260,AT3G61850,GRN_activates,1,30367178,M17,DAG1
AT5G44120,AT3G61850,GRN_activates,1,30367178,,DAG1
AT3G61850,AT5G66400,GRN_represses,1,30367178,DAG1,RAB18
AT3G61850,AT5G64750,GRN_represses,1,30367178,DAG1,ABR1
AT3G61850,AT4G31800,GRN_regulates,1,30367178,DAG1,
AT3G61850,AT1G80840,GRN_regulates,1,30367178,DAG1,WRKY40
AT3G61850,AT1G28370,GRN_represses,1,30367178,DAG1,
AT3G61850,AT4G34760,GRN_represses,1,30367178,DAG1,SAUR50
AT3G61850,AT1G29440,GRN_represses,1,30367178,DAG1,SAUR63
AT3G61850,AT1G29460,GRN_represses,1,30367178,DAG1,
AT3G61850,AT1G29510,GRN_represses,1,30367178,DAG1,SAUR67
AT5G42050,AT5G39610,GRN_activates,1,24675811,,NAC92
AT5G22290,AT2G38470,GRN_regulates,1,24675811,,WRKY33
AT5G54680,AT1G56430,GRN_activates,1,31776249,,NAS4
AT3G18290,AT1G56430,GRN_activates,1,31776249,,NAS4
AT2G25170,AT3G24650,GRN_represses,1,28421094,,ABI3
AT4G09000,AT5G54510,GRN_regulates,1,31701146,,GH3.6
AT4G09000,AT1G70940,GRN_regulates,1,31701146,,PIN3
AT5G38480,AT4G18350,GRN_regulates,1,31701146,,NCED2
AT4G09000,AT5G59320,GRN_regulates,1,31701146,,LTP3
AT5G38480,AT3G45140,GRN_regulates,1,31701146,,LOX2
AT4G09000,AT2G20880,GRN_regulates,1,31701146,,ERF053
AT4G09000,AT5G44870,GRN_regulates,1,31701146,,LAZ5
AT4G09000,AT2G26010,GRN_regulates,1,31701146,,PDF1.3
AT4G09000,AT2G02130,GRN_regulates,1,31701146,,PDF2.3
AT4G09000,AT4G18170,GRN_regulates,1,31701146,,WRKY28
AT5G38480,AT4G33260,GRN_regulates,1,31701146,,CDC20-2
AT5G38480,AT1G79280,GRN_regulates,1,31701146,,NUA
AT5G38480,AT1G21410,GRN_regulates,1,31701146,,SKP2A
AT5G38480,AT2G20880,GRN_regulates,1,31701146,,ERF053
AT5G38480,AT5G44870,GRN_regulates,1,31701146,,LAZ5
AT5G38480,AT2G26010,GRN_regulates,1,31701146,,PDF1.3
AT5G38480,AT2G02130,GRN_regulates,1,31701146,,PDF2.3
AT5G38480,AT4G18170,GRN_regulates,1,31701146,,WRKY28
AT4G09000,AT2G33880,GRN_regulates,1,31701146,,WOX9
AT5G38480,AT2G33880,GRN_regulates,1,31701146,,WOX9
AT4G09000,AT1G32640,GRN_regulates,1,31701146,,MYC2
AT5G38480,AT1G32640,GRN_regulates,1,31701146,,MYC2
AT4G09000,AT2G18300,GRN_regulates,1,31701146,,
AT5G38480,AT2G18300,GRN_regulates,1,31701146,,
AT5G46240,AT2G19880,GRN_represses,1,31594845,KAT1,
AT5G37500,AT2G19880,GRN_represses,1,31594845,GORK,
AT5G26000,AT2G19880,GRN_represses,1,31594845,TGG1,
AT2G19880,AT1G36060,GRN_represses,1,31594845,,ERF055
AT5G13180,AT5G47250,GRN_represses,1,25215497,NAC083,
AT5G56860,AT5G24314,GRN_represses,1,31245665,,PTAC7
AT5G56860,AT2G34430,GRN_represses,1,31245665,,LHB1B1
AT5G56860,AT2G44650,GRN_represses,1,31245665,,CPN10-2
AT1G73360,AT2G33880,GRN_activates,1,33536344,,WOX9
AT1G48270,AT4G33070,GRN_regulates,1,15748298,,PDC1
AT2G20570,AT1G70730,GRN_regulates,1,15748298,GPRI1,
AT1G21970,AT1G67100,GRN_activates,1,38075399,NFYB9,LBD40
AT1G28300,AT1G67100,GRN_activates,1,38075399,,LBD40
AT3G26790,AT1G67100,GRN_activates,1,38075399,,LBD40
AT1G67100,AT3G24650,GRN_activates,1,38075399,LBD40,ABI3
AT5G24470,AT5G13790,GRN_activates,1,38075399,APRR5,AGL15
AT5G24470,AT1G67100,GRN_activates,1,38075399,APRR5,LBD40
AT2G40220,AT5G13790,GRN_represses,1,38075399,,AGL15
AT2G40220,AT1G67100,GRN_represses,1,38075399,,LBD40
AT5G64310,AT5G13790,GRN_represses,1,38075399,AGP1,AGL15
AT5G64310,AT1G67100,GRN_represses,1,38075399,AGP1,LBD40
AT5G13790,AT2G40220,GRN_represses,1,38075399,AGL15,
AT1G67100,AT2G40220,GRN_represses,1,38075399,LBD40,
AT1G67100,AT5G64310,GRN_represses,1,38075399,LBD40,AGP1
AT2G38470,AT1G66810,GRN_regulates,1,34030628,WRKY33,
AT2G38470,AT2G47090,GRN_regulates,1,34030628,WRKY33,
AT1G72930,AT5G01820,GRN_activates,1,29899210,TIR,
AT3G61830,AT5G01820,GRN_represses,1,29899210,ARF18,
AT3G15540,AT5G01820,GRN_activates,1,29899210,IAA19,
AT4G36110,AT5G01820,GRN_activates,1,29899210,,
AT4G14560,AT5G01820,GRN_represses,1,29899210,IAA1,
AT2G14610,AT5G01820,GRN_activates,1,29899210,PR1,
AT5G53210,AT1G25250,GRN_regulates,1,30623555,,AtIDD16
AT4G09820,AT2G16130,GRN_activates,1,35499047,TT8,
AT1G32640,AT5G20480,GRN_represses,1,35499047,MYC2,
AT5G01840,AT3G24650,GRN_regulates,1,35806432,,ABI3
AT5G01840,AT2G36270,GRN_regulates,1,35806432,,ABI5
AT5G01840,AT3G51810,GRN_regulates,1,35806432,,EM1
AT5G01840,AT2G40170,GRN_regulates,1,35806432,,EM6
AT5G01840,AT5G52310,GRN_regulates,1,35806432,,RD29A
AT1G25540,AT1G33760,GRN_regulates,1,31468026,,ERF022
AT1G33760,AT5G52310,GRN_regulates,1,31468026,ERF022,RD29A
AT1G02340,AT3G12980,GRN_regulates,1,31428455,,HAC5
AT1G02340,AT1G16710,GRN_regulates,1,31428455,,HAC12
AT2G47260,AT3G51240,GRN_regulates,1,36632704,,F3H
AT5G10510,AT5G28640,GRN_regulates,1,34013313,AIL6,GIF1
AT5G10510,AT5G62230,GRN_regulates,1,34013313,AIL6,ERL1
AT5G10510,AT5G61480,GRN_regulates,1,34013313,AIL6,
AT5G10510,AT2G34925,GRN_regulates,1,34013313,AIL6,
AT5G10510,AT5G60200,GRN_regulates,1,34013313,AIL6,DOF5.3
AT1G77300,AT2G45660,GRN_represses,1,35806471,EFS,SOC1
AT2G44150,AT5G10140,GRN_represses,1,35806471,ASHH3,
AT5G03720,AT2G22240,GRN_regulates,1,37254211,,IPS2
AT1G62300,AT4G04450,GRN_regulates,1,30922232,WRKY6,
AT4G23810,AT4G04450,GRN_regulates,1,30922232,WRKY53,
AT3G01090,AT3G60140,GRN_activates,1,31001332,,BGLU30
AT3G01090,AT5G20250,GRN_activates,1,31001332,,DIN10
AT3G60530,AT4G23810,GRN_activates,1,30405658,,WRKY53
AT1G72450,AT2G22540,GRN_activates,1,23759218,TIFY11B,
AT1G69120,AT5G16560,GRN_regulates,1,23759218,AP1,
AT1G69120,AT2G34710,GRN_regulates,1,23759218,AP1,
AT1G75820,AT1G69120,GRN_regulates,1,23759218,,AP1
AT2G41430,AT1G75080,GRN_regulates,1,30795735,ERD15,
AT1G75080,AT4G35100,GRN_regulates,1,30795735,,PIP2-7
AT3G47450,AT4G22920,GRN_activates,1,23418559,,SGR1
AT3G47450,AT4G13250,GRN_activates,1,23418559,,NYC1
AT3G47450,AT5G13800,GRN_activates,1,23418559,,PPH
AT3G06580,AT1G06520,GRN_regulates,1,29616064,,GPAT1
AT4G01250,AT2G14610,GRN_activates,1,27107291,,PR1
AT4G01250,AT1G28480,GRN_activates,1,27107291,,GRXC9
AT4G01250,AT5G64810,GRN_activates,1,27107291,,WRKY51
AT4G01250,AT5G01900,GRN_activates,1,27107291,,WRKY62
AT2G17420,AT1G07890,GRN_activates,1,26039478,,APX1
ATCG00270,AT5G11260,GRN_regulates,1,36997687,PSBD,
AT5G24120,ATCG01060,GRN_regulates,1,36997687,,PSAC
AT1G22710,AT2G02860,GRN_regulates,1,22021573,SUC2,SUC3
AT1G22710,AT1G09960,GRN_regulates,1,22021573,SUC2,
AT3G25070,AT3G46530,GRN_regulates,1,27465480,,RPP13
AT1G76150,AT3G21720,GRN_represses,1,34351899,,ICL
AT2G30470,AT1G21970,GRN_represses,1,25367506,,NFYB9
AT5G47670,AT2G30470,GRN_regulates,1,25367506,NFYB6,
AT5G47240,AT1G45145,GRN_represses,1,25436909,atnudt8,TRX5
AT5G47240,AT1G74710,GRN_represses,1,25436909,atnudt8,
AT5G47240,AT2G14610,GRN_represses,1,25436909,atnudt8,PR1
AT5G47240,AT4G16860,GRN_represses,1,25436909,atnudt8,RPP4
AT1G74710,AT5G47240,GRN_represses,1,25436909,,atnudt8
AT1G75540,AT5G13930,GRN_regulates,1,35555928,BBX21,CHS
AT1G75540,AT4G14690,GRN_regulates,1,35555928,BBX21,ELIP2
AT1G75540,AT3G51240,GRN_regulates,1,35555928,BBX21,F3H
AT1G75540,AT5G23730,GRN_regulates,1,35555928,BBX21,
AT1G75540,AT2G32950,GRN_regulates,1,35555928,BBX21,
AT3G20770,AT5G13180,GRN_activates,1,33830198,,NAC083
AT2G36270,AT3G54340,GRN_activates,1,33830198,ABI5,AP3
AT1G75080,AT1G52890,GRN_represses,1,33830198,,NAC019
AT1G75080,AT3G15500,GRN_represses,1,33830198,,NAC055
AT1G19350,AT1G52890,GRN_represses,1,33830198,,NAC019
AT1G19350,AT3G15500,GRN_represses,1,33830198,,NAC055
AT1G69310,AT4G30270,GRN_represses,1,33830198,,XTH24
AT2G43010,AT4G11910,GRN_regulates,1,33830198,,SGR2
AT3G59060,AT4G11910,GRN_regulates,1,33830198,PIF5,SGR2
AT3G59060,AT5G13170,GRN_regulates,1,33830198,PIF5,SWEET15
AT2G43010,AT3G15500,GRN_regulates,1,33830198,,NAC055
AT3G59060,AT3G15500,GRN_regulates,1,33830198,PIF5,NAC055
AT2G43010,AT4G25470,GRN_regulates,1,33830198,,DREB1C
AT3G59060,AT4G25470,GRN_regulates,1,33830198,PIF5,DREB1C
AT3G59060,AT4G39400,GRN_regulates,1,33830198,PIF5,
AT2G43010,AT3G48100,GRN_regulates,1,33830198,,ARR5
AT3G59060,AT3G48100,GRN_regulates,1,33830198,PIF5,ARR5
AT5G45860,AT2G36270,GRN_regulates,1,33101352,,ABI5
AT5G67030,AT2G42540,GRN_activates,1,33101352,ZEP,COR15A
AT2G36270,AT5G45860,GRN_regulates,1,33101352,ABI5,
AT3G50500,AT2G36270,GRN_regulates,1,33101352,,ABI5
AT5G66880,AT2G36270,GRN_regulates,1,33101352,,ABI5
AT3G57370,AT5G07280,GRN_represses,1,24723406,,EMS1
AT1G15360,AT3G26830,GRN_activates,1,23922943,,CYP71B15
AT1G15360,AT2G29350,GRN_activates,1,23922943,,SAG13
AT1G15360,AT2G39200,GRN_activates,1,23922943,,MLO12
AT1G15360,AT1G28480,GRN_activates,1,23922943,,GRXC9
AT1G15360,AT5G45890,GRN_activates,1,23922943,,SAG12
AT2G46990,AT1G19850,GRN_represses,1,37511169,,ARF5
AT4G16340,AT1G73590,GRN_regulates,1,26467289,,PIN1
AT2G17800,AT1G73590,GRN_regulates,1,26467289,,PIN1
AT2G17800,AT1G70940,GRN_regulates,1,26467289,,PIN3
AT5G25890,AT2G04550,GRN_represses,1,25144378,IAA28,
AT2G20570,AT2G36270,GRN_represses,1,34435636,GPRI1,ABI5
AT5G44190,AT2G36270,GRN_represses,1,34435636,GLK2,ABI5
AT2G14610,AT4G17620,GRN_activates,1,31449356,PR1,
AT3G57260,AT4G17620,GRN_activates,1,31449356,BGL2,
AT3G52430,AT4G17620,GRN_activates,1,31449356,PAD4,
AT5G03530,AT5G43900,GRN_regulates,1,21914656,,MYA2
AT3G23900,AT5G64900,GRN_represses,1,32690890,,PEP1
AT5G66210,AT5G64900,GRN_represses,1,32690890,,PEP1
AT5G64900,AT5G66210,GRN_activates,1,32690890,PEP1,
AT5G64900,AT5G45900,GRN_activates,1,25667591,PEP1,ATG7
AT5G64900,AT4G21980,GRN_activates,1,25667591,PEP1,
AT5G15550,AT5G05340,GRN_activates,1,26034129,,PER52
AT3G53920,ATCG00140,GRN_regulates,1,17175536,,ATPH
AT3G53920,ATCG00340,GRN_regulates,1,17175536,,PSAB
AT3G53920,ATCG00490,GRN_regulates,1,17175536,,RBCL
AT5G24270,AT5G24770,GRN_regulates,1,27625672,,VSP2
AT5G04275,AT2G45660,GRN_regulates,1,37176133,,SOC1
AT4G15400,AT5G05690,GRN_activates,1,22956280,,CYP90A1
AT3G50660,AT3G19820,GRN_activates,1,29432595,,DIM
AT5G05690,AT3G19820,GRN_activates,1,29432595,CYP90A1,DIM
AT3G19820,AT1G19350,GRN_represses,1,29432595,DIM,
AT3G19820,AT1G75080,GRN_represses,1,29432595,DIM,
AT2G46400,AT2G23250,GRN_regulates,1,37528987,WRKY46,
AT2G46400,AT2G40220,GRN_regulates,1,37528987,WRKY46,
AT1G25560,AT1G79840,GRN_activates,1,31111642,TEM1,
AT1G25560,AT5G06650,GRN_activates,1,31111642,TEM1,
AT1G25560,AT2G41940,GRN_activates,1,31111642,TEM1,ZFP8
AT1G68840,AT1G79840,GRN_activates,1,31111642,RAV2,
AT1G68840,AT5G06650,GRN_activates,1,31111642,RAV2,
AT1G68840,AT2G41940,GRN_activates,1,31111642,RAV2,ZFP8
AT3G54610,AT3G27920,GRN_activates,1,31111642,HAG1,
AT3G54610,AT5G41315,GRN_activates,1,31111642,HAG1,
AT3G54610,AT2G46410,GRN_activates,1,31111642,HAG1,
AT4G27765,AT2G47190,GRN_regulates,1,31111642,,ATMYB2
AT1G27740,AT1G48930,GRN_regulates,1,23173056,,AtGH9C1
AT3G54340,AT1G66340,GRN_activates,1,29559991,AP3,
AT5G63595,AT5G17220,GRN_represses,1,25849296,,GSTF12
AT5G63595,AT5G42800,GRN_represses,1,25849296,,DFRA
AT5G17220,AT5G42800,GRN_activates,1,25849296,GSTF12,DFRA
AT4G37710,AT4G14130,GRN_regulates,1,29281727,,XTH15
AT4G05520,AT4G38130,GRN_regulates,1,29052517,,HDA19
AT5G63110,AT1G79840,GRN_regulates,1,31601032,HDA6,
AT1G79840,AT3G51240,GRN_regulates,1,31601032,,F3H
AT1G79840,AT5G42800,GRN_regulates,1,31601032,,DFRA
AT1G79840,AT4G22880,GRN_regulates,1,31601032,,LDOX
AT1G79840,AT1G65310,GRN_activates,1,31601032,,ATXTH17
AT1G79840,AT3G11600,GRN_represses,1,31601032,,
AT5G47770,AT4G17190,GRN_regulates,1,23145086,FPS1,FPS2
AT3G24650,AT4G10760,GRN_regulates,1,32471221,ABI3,
AT4G23810,AT3G53320,GRN_regulates,1,35552412,WRKY53,
AT2G36490,AT5G49520,GRN_activates,1,35552412,,WRKY48
AT2G36490,AT1G02220,GRN_activates,1,35552412,,NAC003
AT2G36490,AT1G52890,GRN_activates,1,35552412,,NAC019
AT3G03450,AT1G01610,GRN_activates,1,26681322,,GPAT4
AT3G03450,AT4G00360,GRN_activates,1,26681322,,CYP86A2
AT3G03450,AT1G64670,GRN_activates,1,26681322,,BDG1
AT3G03450,AT1G49430,GRN_activates,1,26681322,,LACS2
AT3G03450,AT2G47240,GRN_activates,1,26681322,,LACS1
AT2G36270,AT1G64670,GRN_represses,1,26681322,ABI5,BDG1
AT2G36270,AT1G01610,GRN_represses,1,26681322,ABI5,GPAT4
AT2G36270,AT1G49430,GRN_represses,1,26681322,ABI5,LACS2
AT2G45660,AT2G21070,GRN_represses,1,36166469,SOC1,
AT2G16910,AT1G33430,GRN_regulates,1,36672181,,
AT5G22260,AT5G07530,GRN_activates,1,36672181,,GRP17
AT5G22260,AT5G07550,GRN_activates,1,36672181,,GRP19
AT5G22260,AT5G09440,GRN_activates,1,36672181,,EXL4
AT5G22260,AT3G02970,GRN_activates,1,36672181,,EXL6
AT3G53120,AT5G63580,GRN_regulates,1,24385929,,FLS2
AT4G05000,AT5G63580,GRN_regulates,1,24385929,,FLS2
AT2G01180,AT1G71030,GRN_represses,1,32054115,,ATMYBL2
AT2G01180,AT2G42200,GRN_represses,1,32054115,,SPL9
AT5G40730,AT5G09250,GRN_represses,1,35498668,AGP24,
AT3G57690,AT5G09250,GRN_represses,1,35498668,AGP23,
AT5G24105,AT5G09250,GRN_represses,1,35498668,AGP41,
AT2G24450,AT5G09250,GRN_represses,1,35498668,FLA3,
AT5G60490,AT5G09250,GRN_represses,1,35498668,FLA12,
AT5G50800,AT5G09250,GRN_represses,1,35498668,SWEET13,
AT5G09250,AT4G10050,GRN_regulates,1,35498668,,
AT5G20730,AT5G62000,GRN_activates,1,25422499,NPH4,
AT1G69120,AT5G06850,GRN_represses,1,22529749,AP1,
AT2G45660,AT5G06850,GRN_represses,1,22529749,SOC1,
AT1G77300,AT4G27150,GRN_activates,1,22162868,EFS,AT2S2
AT1G77300,AT4G27160,GRN_activates,1,22162868,EFS,AT2S3
AT1G77300,AT1G30040,GRN_activates,1,22162868,EFS,GA2OX2
AT2G25095,AT2G42200,GRN_regulates,1,32295287,,SPL9
AT2G42200,AT2G25095,GRN_represses,1,32295287,SPL9,
AT5G64900,AT4G03550,GRN_activates,1,35164659,PEP1,
AT5G64900,AT5G57220,GRN_activates,1,35164659,PEP1,CYP81F2
AT5G64900,AT4G34050,GRN_activates,1,35164659,PEP1,CCoAOMT1
AT5G64900,AT5G54160,GRN_activates,1,35164659,PEP1,OMT1
AT3G24650,AT1G17810,GRN_activates,1,26019256,ABI3,TIP3-2
AT2G41230,AT3G59900,GRN_regulates,1,36866373,ORS1,
AT2G41230,AT2G44080,GRN_regulates,1,36866373,ORS1,
AT5G06760,AT3G24650,GRN_regulates,1,34451755,LEA46,ABI3
AT1G68840,AT5G04275,GRN_regulates,1,31795938,RAV2,
AT1G58100,AT1G25560,GRN_activates,1,31795938,,TEM1
AT1G58100,AT1G68840,GRN_activates,1,31795938,,RAV2
AT1G58100,AT1G15570,GRN_regulates,1,31795938,,CYCA2-3
AT1G61660,AT4G26466,GRN_represses,1,28631168,BHLH112,
AT1G61660,AT2G45660,GRN_activates,1,28631168,BHLH112,SOC1
AT4G23980,AT2G30250,GRN_activates,1,33748654,,WRKY25
AT1G34310,AT2G30250,GRN_activates,1,33748654,,WRKY25
AT5G09330,AT2G38340,GRN_represses,1,33748654,,DREB2E
AT2G40750,AT2G38340,GRN_represses,1,33748654,WRKY54,DREB2E
AT2G40750,AT2G28810,GRN_represses,1,33748654,WRKY54,
AT1G04880,AT1G49720,GRN_represses,1,33748654,HMGB15,
AT1G04880,AT3G47600,GRN_represses,1,33748654,HMGB15,
AT1G04880,AT4G21750,GRN_represses,1,33748654,HMGB15,
AT1G04880,AT3G05690,GRN_represses,1,33748654,HMGB15,
AT4G25490,AT1G66350,GRN_regulates,1,31666956,DREB1B,RGL1
AT2G36270,AT1G75080,GRN_regulates,1,35154235,ABI5,
AT2G45660,AT4G27330,GRN_activates,1,26445769,SOC1,
AT3G46640,AT2G46830,GRN_regulates,1,23144785,,CCA1
AT4G32940,AT2G43790,GRN_activates,1,36901815,GAMMA-VPE,
AT4G17460,AT3G16500,GRN_represses,1,30875369,HAT1,
AT4G17460,AT5G42800,GRN_activates,1,30875369,HAT1,DFRA
AT4G17460,AT4G22880,GRN_activates,1,30875369,HAT1,LDOX
AT4G17460,AT5G54060,GRN_activates,1,30875369,HAT1,
AT4G17460,AT1G56650,GRN_represses,1,30875369,HAT1,MYB75
AT4G17460,AT1G15750,GRN_represses,1,30875369,HAT1,
AT5G66880,AT4G17460,GRN_activates,1,30875369,,HAT1
AT5G22220,AT2G40550,GRN_regulates,1,20090939,,ETG1
AT2G40550,AT5G40090,GRN_regulates,1,20090939,ETG1,
AT2G40550,AT1G04730,GRN_regulates,1,20090939,ETG1,
AT2G40550,AT5G02470,GRN_activates,1,20090939,ETG1,
AT2G25930,AT2G46830,GRN_activates,1,21236675,,CCA1
AT1G70940,AT4G09960,GRN_represses,1,35245283,PIN3,STK
AT1G75080,AT1G17560,GRN_activates,1,35245283,,HLL
AT2G46830,AT3G21890,GRN_activates,1,34015131,CCA1,
AT1G09530,AT4G34760,GRN_represses,1,34650585,,SAUR50
AT2G14610,AT5G08710,GRN_activates,1,23308205,PR1,
AT1G75830,AT5G08710,GRN_activates,1,23308205,PDF1.1,
AT4G26080,AT3G55990,GRN_activates,1,19499346,,ESK1
AT5G57050,AT3G55990,GRN_activates,1,19499346,,ESK1
AT1G72770,AT3G55990,GRN_activates,1,19499346,,ESK1
AT3G24650,AT2G32460,GRN_represses,1,36559585,ABI3,MYB101
AT2G36270,AT5G06100,GRN_represses,1,36559585,ABI5,
AT2G30140,AT5G10140,GRN_regulates,1,30271414,UGT87A2,
AT5G19530,AT5G64340,GRN_represses,1,33304375,ACL5,
AT5G11320,AT4G28520,GRN_regulates,1,31540913,,CRC
AT1G32350,AT3G22370,GRN_regulates,1,30629714,AOX3,AOX1A
AT5G03280,AT4G25490,GRN_represses,1,24598973,,DREB1B
AT4G25470,AT3G55990,GRN_regulates,1,20387039,DREB1C,ESK1
AT2G23380,AT2G45660,GRN_activates,1,36890886,,SOC1
AT1G32640,AT5G17690,GRN_activates,1,36890886,MYC2,
AT3G15500,AT5G17690,GRN_activates,1,36890886,NAC055,
AT4G28190,AT1G22590,GRN_regulates,1,31604825,,AGL87
AT4G28190,AT3G04070,GRN_regulates,1,31604825,,NAC047
AT2G23380,AT1G22590,GRN_regulates,1,31604825,,AGL87
AT2G23380,AT3G04070,GRN_regulates,1,31604825,,NAC047
AT4G28190,AT3G16400,GRN_regulates,1,31604825,,NSP1
AT2G23380,AT3G16400,GRN_regulates,1,31604825,,NSP1
AT4G28190,AT1G54000,GRN_regulates,1,31604825,,GLL22
AT2G23380,AT1G54000,GRN_regulates,1,31604825,,GLL22
AT4G28190,AT1G52030,GRN_regulates,1,31604825,,F-ATMBP
AT2G23380,AT1G52030,GRN_regulates,1,31604825,,F-ATMBP
AT4G28190,AT5G57220,GRN_regulates,1,31604825,,CYP81F2
AT2G23380,AT5G57220,GRN_regulates,1,31604825,,CYP81F2
AT4G28190,AT4G37430,GRN_regulates,1,31604825,,CYP81F1
AT2G23380,AT4G37430,GRN_regulates,1,31604825,,CYP81F1
AT4G28190,AT1G18570,GRN_represses,1,31604825,,MYB51
AT2G23380,AT5G61420,GRN_activates,1,31604825,,MYB28
AT4G28190,AT2G18550,GRN_regulates,1,31604825,,ATHB-21
AT2G23380,AT2G18550,GRN_regulates,1,31604825,,ATHB-21
AT4G28190,AT2G21045,GRN_represses,1,31604825,,HAC1
AT2G14610,AT2G23380,GRN_activates,1,31604825,PR1,
AT3G57260,AT2G23380,GRN_activates,1,31604825,BGL2,
AT1G75040,AT2G23380,GRN_activates,1,31604825,PR5,
AT1G32450,AT4G30190,GRN_activates,1,38046603,NPF7.3,
AT4G30190,AT1G32450,GRN_activates,1,38046603,,NPF7.3
AT1G12110,AT2G18960,GRN_activates,1,38046603,NPF6.3,
AT3G47950,AT4G30190,GRN_activates,1,38046603,AHA4,
AT4G10050,AT5G14740,GRN_activates,1,35265095,,
AT1G64970,AT4G35300,GRN_represses,1,37958835,VTE4,
AT1G69530,AT3G16857,GRN_regulates,1,37073485,ATEXPA1,
AT1G69530,AT4G31920,GRN_regulates,1,37073485,ATEXPA1,
AT1G69530,AT2G25180,GRN_regulates,1,37073485,ATEXPA1,
AT1G69530,AT1G19850,GRN_regulates,1,37073485,ATEXPA1,ARF5
AT1G69530,AT5G05290,GRN_activates,1,37073485,ATEXPA1,
AT1G69530,AT1G61110,GRN_represses,1,37073485,ATEXPA1,NAC025
AT4G19170,AT1G12480,GRN_activates,1,36204078,CCD4,
AT5G63580,AT1G12480,GRN_activates,1,30609843,FLS2,
AT4G33950,AT5G40890,GRN_represses,1,30609843,,CLC-A
AT5G32470,AT5G54770,GRN_activates,1,33944954,,THI1
AT2G46770,AT1G62990,GRN_regulates,1,35214825,NAC043,KNAT7
AT3G61910,AT1G62990,GRN_regulates,1,35214825,NAC066,KNAT7
AT5G62380,AT1G62990,GRN_regulates,1,35214825,,KNAT7
AT1G71930,AT1G62990,GRN_regulates,1,35214825,,KNAT7
AT1G65450,AT1G73730,GRN_activates,1,36099003,,
AT5G48850,AT4G29130,GRN_activates,1,36099003,SDI1,
AT3G49580,AT4G29130,GRN_activates,1,36099003,LSU1,
AT1G56650,AT4G27765,GRN_regulates,1,38023835,MYB75,
AT1G56650,AT3G25795,GRN_regulates,1,38023835,MYB75,
AT2G47015,AT2G44790,GRN_regulates,1,38023835,,UCC2
AT2G34208,AT3G09922,GRN_regulates,1,38023835,,IPS1
AT2G25095,AT2G33810,GRN_regulates,1,38023835,,SPL3
AT1G15580,AT5G05410,GRN_activates,1,35050466,,DREB2A
AT1G52830,AT5G05410,GRN_activates,1,35050466,IAA6,DREB2A
AT3G15540,AT5G05410,GRN_activates,1,35050466,IAA19,DREB2A
AT1G19850,AT5G53950,GRN_regulates,1,23560110,ARF5,
AT4G36930,AT4G09820,GRN_activates,1,36771679,,TT8
AT4G36930,AT3G59060,GRN_regulates,1,36771679,,PIF5
AT1G52340,AT5G57560,GRN_regulates,1,34949719,,XTH22
AT5G66470,AT5G57560,GRN_regulates,1,34949719,,XTH22
AT3G52850,AT1G03880,GRN_regulates,1,34983843,,CRB
AT1G66390,AT3G51240,GRN_regulates,1,35701743,MYB90,F3H
AT1G66390,AT5G54060,GRN_regulates,1,35701743,MYB90,
AT1G71030,AT1G66390,GRN_represses,1,35701743,ATMYBL2,MYB90
AT4G08150,AT1G65620,GRN_regulates,1,26431425,KNAT1,
AT3G11340,AT1G19250,GRN_activates,1,33955482,UGT76B1,
AT3G11340,AT1G74710,GRN_activates,1,33955482,UGT76B1,
AT5G49450,AT4G30530,GRN_represses,1,29312383,,GGP1
AT5G49450,AT1G73010,GRN_represses,1,29312383,,PS2
AT4G22950,AT3G44680,GRN_activates,1,36684790,,HDA9
AT1G22920,AT5G17230,GRN_regulates,1,27581057,,PSY
AT4G14400,AT3G52430,GRN_regulates,1,35937376,ACD6,PAD4
AT4G14400,AT3G48090,GRN_regulates,1,35937376,ACD6,
AT1G72180,AT5G46790,GRN_activates,1,31232446,CEPR2,
AT3G06080,AT5G51070,GRN_activates,1,26089831,,CLPD
AT5G60870,AT4G37490,GRN_activates,1,28262819,,CYCB1-1
AT5G60870,AT1G76540,GRN_activates,1,28262819,,CDKB2-1
ATCG00490,AT5G11470,GRN_activates,1,24420572,RBCL,
ATCG00500,AT5G11470,GRN_activates,1,24420572,ACCD,
AT1G48630,AT4G22920,GRN_regulates,1,37376011,RACK1B,SGR1
AT5G03740,AT5G39610,GRN_represses,1,37072400,HDT3,NAC92
AT4G38130,AT5G39610,GRN_represses,1,37072400,HDA19,NAC92
AT5G03740,AT5G13080,GRN_represses,1,37072400,HDT3,WRKY75
AT4G38130,AT5G13080,GRN_represses,1,37072400,HDA19,WRKY75
AT5G03740,AT3G04060,GRN_represses,1,37072400,HDT3,
AT4G38130,AT3G04060,GRN_represses,1,37072400,HDA19,
AT1G67840,ATCG00350,GRN_regulates,1,26873738,CSK,PSAA
ATCG00720,AT1G67840,GRN_activates,1,31925322,PETB,CSK
ATCG00480,AT1G67840,GRN_represses,1,31925322,ATPB,CSK
AT3G04120,AT3G26650,GRN_represses,1,25918875,,GAPA1
AT1G13440,AT3G26650,GRN_represses,1,25918875,,GAPA1
AT5G10480,AT4G21750,GRN_represses,1,23585732,PAS2,
AT2G41510,AT5G10480,GRN_represses,1,23585732,,PAS2
AT3G12810,AT2G14610,GRN_activates,1,27131447,,PR1
AT3G12810,AT1G75040,GRN_activates,1,27131447,,PR5
AT3G12810,AT5G22570,GRN_activates,1,27131447,,WRKY38
AT3G12810,AT5G01900,GRN_activates,1,27131447,,WRKY62
AT1G28480,AT3G12810,GRN_activates,1,27131447,GRXC9,
AT1G75040,AT3G33520,GRN_activates,1,27131447,PR5,
AT2G42830,AT3G33520,GRN_activates,1,29449088,SHP2,
AT1G42990,AT5G64510,GRN_regulates,1,24558072,,TIN1
AT3G49110,AT5G67030,GRN_activates,1,28421092,PER33,ZEP
AT5G63580,AT5G14800,GRN_regulates,1,37284598,FLS2,
AT5G63580,AT3G43190,GRN_regulates,1,37284598,FLS2,
AT5G63580,AT1G64190,GRN_regulates,1,37284598,FLS2,
AT2G35980,AT5G63580,GRN_activates,1,27398933,NHL10,FLS2
AT5G44030,AT5G17420,GRN_regulates,1,30627134,CESA4,CESA7
AT5G44030,AT4G18780,GRN_regulates,1,30627134,CESA4,CESA8
AT5G17420,AT4G18780,GRN_regulates,1,30627134,CESA7,CESA8
AT5G15170,AT5G12870,GRN_represses,1,32706429,,MYB46
AT5G13800,AT5G41835,GRN_regulates,1,36142407,PPH,
AT3G63110,AT5G14170,GRN_activates,1,26457678,IPT3,
AT1G08450,AT5G20480,GRN_regulates,1,35577772,CRT3,
AT5G42390,AT1G61340,GRN_activates,1,28716048,,
AT1G48000,AT2G16720,GRN_regulates,1,28716048,MYB112,
AT1G51800,AT5G64060,GRN_represses,1,36103373,IOS1,
AT1G42990,AT5G38900,GRN_regulates,1,35163331,,
AT2G47470,AT3G10800,GRN_activates,1,35163331,PDIL2-1,
AT1G69960,AT1G13980,GRN_activates,1,22027551,,GN
AT3G05630,AT1G73590,GRN_regulates,1,31430837,,PIN1
AT2G40060,AT5G64900,GRN_regulates,1,38186590,,PEP1
AT3G51890,AT5G64900,GRN_regulates,1,38186590,,PEP1
AT2G01980,AT5G17170,GRN_regulates,1,31105724,,ENH1
AT3G12980,AT5G10140,GRN_regulates,1,28740501,HAC5,
AT1G16710,AT5G10140,GRN_regulates,1,28740501,HAC12,
AT2G45660,AT2G21045,GRN_regulates,1,28740501,SOC1,HAC1
AT2G21045,AT5G63860,GRN_regulates,1,28740501,HAC1,
AT5G26920,AT1G73805,GRN_activates,1,23153277,CBP60G,SARD1
AT1G73805,AT5G26920,GRN_activates,1,23153277,SARD1,CBP60G
AT1G74710,AT5G26920,GRN_regulates,1,23153277,,CBP60G
AT5G26920,AT2G31880,GRN_regulates,1,23153277,CBP60G,SOBIR1
AT5G26920,AT4G33300,GRN_regulates,1,23153277,CBP60G,
AT1G73805,AT2G31880,GRN_regulates,1,23153277,SARD1,SOBIR1
AT1G73805,AT4G33300,GRN_regulates,1,23153277,SARD1,
AT5G26920,AT4G39030,GRN_regulates,1,37435612,CBP60G,
AT5G26920,AT5G13320,GRN_regulates,1,37435612,CBP60G,PBS3
AT1G73805,AT4G39030,GRN_regulates,1,37435612,SARD1,
AT1G73805,AT5G13320,GRN_regulates,1,37435612,SARD1,PBS3
AT5G26920,AT1G19250,GRN_activates,1,29757140,CBP60G,
AT1G32640,AT2G24210,GRN_regulates,1,29757140,MYC2,TPS10
AT5G26920,AT5G14740,GRN_activates,1,19214217,CBP60G,
AT3G10525,AT5G17700,GRN_regulates,1,27920789,,DTX25
AT1G18570,AT3G10525,GRN_activates,1,27920789,MYB51,
AT1G18570,AT4G21750,GRN_activates,1,27920789,MYB51,
AT4G36990,AT4G21750,GRN_activates,1,27920789,HSFB1,
AT4G36990,AT3G10525,GRN_activates,1,27920789,HSFB1,
AT3G10525,AT1G18570,GRN_activates,1,27920789,,MYB51
AT3G10525,AT4G36990,GRN_activates,1,27920789,,HSFB1
AT3G10525,AT2G38470,GRN_activates,1,27920789,,WRKY33
AT2G27050,AT5G63580,GRN_regulates,1,25267732,,FLS2
AT3G15500,AT1G01720,GRN_regulates,1,35787631,NAC055,
AT1G52890,AT1G32330,GRN_regulates,1,35787631,NAC019,
AT4G31200,AT3G59060,GRN_regulates,1,36282917,,PIF5
AT4G25000,AT5G49160,GRN_activates,1,34991272,AMY1,
AT4G25000,AT1G63020,GRN_activates,1,34991272,AMY1,
AT4G37390,AT5G37020,GRN_activates,1,34360673,YDK1,ARF8
AT1G80680,AT2G14610,GRN_activates,1,28824691,,PR1
AT1G80680,AT1G27730,GRN_activates,1,28824691,,ZAT10
AT3G52120,AT2G46830,GRN_regulates,1,36396657,,CCA1
AT3G01890,ATMG00290,GRN_regulates,1,35567423,,RPS4
AT3G12500,AT1G20580,GRN_represses,1,34925413,CHI-B,
AT3G04720,AT1G20580,GRN_represses,1,34925413,HEL,
AT1G75040,AT1G20580,GRN_represses,1,34925413,PR5,
AT2G26010,AT1G20580,GRN_represses,1,34925413,PDF1.3,
AT2G39030,AT1G20580,GRN_represses,1,34925413,NATA1,
AT1G52890,AT1G20580,GRN_represses,1,34925413,NAC019,
AT3G15500,AT1G20580,GRN_represses,1,34925413,NAC055,
AT4G27410,AT1G20580,GRN_represses,1,34925413,RD26,
AT3G56400,AT1G20580,GRN_represses,1,34925413,WRKY70,
AT1G20580,AT5G13320,GRN_activates,1,34925413,,PBS3
AT1G20580,AT2G13810,GRN_activates,1,34925413,,ALD1
AT1G20580,AT3G11480,GRN_activates,1,34925413,,BSMT1
AT1G20580,AT4G37150,GRN_activates,1,34925413,,MES9
AT1G20580,AT3G14440,GRN_activates,1,34925413,,NCED3
AT1G20580,AT3G45140,GRN_activates,1,34925413,,LOX2
AT1G20580,AT1G17380,GRN_activates,1,34925413,,TIFY11A
AT1G20580,AT1G70700,GRN_activates,1,34925413,,JAZ9
AT1G20580,AT3G04720,GRN_activates,1,34925413,,HEL
AT1G20580,AT1G02930,GRN_activates,1,34925413,,GSTF6
AT3G44860,AT1G20580,GRN_activates,1,34925413,FAMT,
AT1G26945,AT1G30330,GRN_activates,1,29114256,PRE6,ARF6
AT1G26945,AT5G20730,GRN_activates,1,29114256,PRE6,NPH4
AT1G26945,AT1G19220,GRN_activates,1,29114256,PRE6,
AT1G13980,AT4G15340,GRN_regulates,1,35119361,GN,
AT3G01150,AT5G53180,GRN_regulates,1,26213982,,ATPTB2
AT5G53180,AT3G01150,GRN_regulates,1,26213982,ATPTB2,
AT3G53020,AT1G09700,GRN_activates,1,38261097,RPL24B,
AT1G26370,AT1G06220,GRN_represses,1,27683728,,CLO
AT1G78080,AT5G13330,GRN_activates,1,37685925,,ERF113
AT1G78080,AT5G60850,GRN_activates,1,37685925,,DOF5.4
AT1G78080,AT1G73590,GRN_activates,1,37685925,,PIN1
AT4G30860,AT3G16857,GRN_activates,1,37685925,ASHR3,
AT4G30860,AT5G10510,GRN_activates,1,37685925,ASHR3,AIL6
AT4G30860,AT1G36060,GRN_activates,1,37685925,ASHR3,ERF055
AT1G19850,AT2G17950,GRN_activates,1,37685925,ARF5,
AT5G14000,AT5G59780,GRN_regulates,1,37685925,anac084,MYB59
AT5G14000,AT2G44950,GRN_activates,1,37685925,anac084,HUB1
AT5G10510,AT5G14000,GRN_regulates,1,37685925,AIL6,anac084
AT3G24770,AT4G15910,GRN_activates,1,37685925,,ATDI21
AT3G48580,AT1G46264,GRN_activates,1,37685925,XTH11,
AT2G28500,AT5G06720,GRN_regulates,1,37685925,,PER53
AT1G64620,AT5G06720,GRN_activates,1,37685925,,PER53
AT3G24770,AT5G06720,GRN_represses,1,37685925,,PER53
AT2G43510,AT3G24770,GRN_activates,1,37685925,ATTI1,
AT1G19220,AT1G19850,GRN_represses,1,37685925,,ARF5
AT2G29570,AT1G80680,GRN_activates,1,26983497,PCNA2,
AT1G28370,AT5G42650,GRN_activates,1,21854623,,CYP74A
AT1G57560,AT5G42650,GRN_activates,1,21854623,,CYP74A
AT5G04340,AT5G42650,GRN_activates,1,21854623,ZAT6,CYP74A
AT3G49620,AT5G42650,GRN_activates,1,21854623,DIN11,CYP74A
AT5G07010,AT5G42650,GRN_activates,1,21854623,SOT15,CYP74A
AT3G25800,AT5G42650,GRN_activates,1,21854623,,CYP74A
AT1G69260,AT5G42650,GRN_activates,1,21854623,,CYP74A
AT4G03560,AT3G57260,GRN_activates,1,21854623,,BGL2
AT4G03560,AT3G49620,GRN_activates,1,21854623,,DIN11
AT4G03560,AT3G50770,GRN_activates,1,21854623,,CML41
AT4G03560,AT1G28480,GRN_activates,1,21854623,,GRXC9
AT4G03560,AT1G45145,GRN_activates,1,21854623,,TRX5
AT3G48360,AT5G42650,GRN_activates,1,21854623,BT2,CYP74A
AT4G37610,AT5G42650,GRN_activates,1,21854623,,CYP74A
AT5G13930,AT1G56650,GRN_activates,1,24987449,CHS,MYB75
ATCG00340,ATCG00350,GRN_activates,1,36307466,PSAB,PSAA
ATCG00270,ATCG00020,GRN_activates,1,36307466,PSBD,PSBA
AT5G37020,AT3G15540,GRN_regulates,1,33882794,ARF8,IAA19
AT5G37020,AT3G13890,GRN_regulates,1,33882794,ARF8,MYB26
AT3G15210,AT4G23810,GRN_activates,1,30696119,,WRKY53
AT2G47580,AT1G08830,GRN_regulates,1,29228330,,CSD1
AT4G23810,AT1G77300,GRN_represses,1,25374573,WRKY53,EFS
AT5G14740,AT2G41100,GRN_activates,1,25374573,,CML12
AT1G68820,AT5G66400,GRN_activates,1,30658512,,RAB18
AT1G68820,AT1G20450,GRN_activates,1,30658512,,ERD10
AT1G68820,AT5G15960,GRN_activates,1,30658512,,KIN1
AT1G19350,AT5G17800,GRN_represses,1,37631206,,MYB56
AT5G45900,AT5G17290,GRN_activates,1,31483571,ATG7,
AT1G64280,AT1G29670,GRN_activates,1,31693306,,
AT3G45140,AT1G29670,GRN_represses,1,31693306,LOX2,
AT3G12500,AT1G29670,GRN_represses,1,31693306,CHI-B,
AT1G12360,AT5G46240,GRN_activates,1,31548266,,KAT1
AT3G05600,AT3G27000,GRN_activates,1,31723129,,
AT5G62000,AT3G15540,GRN_activates,1,32929162,,IAA19
AT5G45890,AT4G23810,GRN_regulates,1,28166280,SAG12,WRKY53
AT5G45890,AT1G69310,GRN_regulates,1,28166280,SAG12,
AT4G10760,AT3G24650,GRN_regulates,1,28503769,,ABI3
AT4G25470,AT4G10760,GRN_activates,1,35710867,DREB1C,
AT4G25490,AT4G10760,GRN_activates,1,35710867,DREB1B,
AT5G65800,AT3G51770,GRN_regulates,1,19132085,,ETO1
AT5G67030,AT4G16890,GRN_activates,1,30498229,ZEP,SNC1
AT5G43740,AT4G16890,GRN_represses,1,30498229,,SNC1
AT3G52430,AT4G16890,GRN_represses,1,20368979,PAD4,SNC1
AT1G80680,AT4G16890,GRN_represses,1,22902705,,SNC1
AT1G09770,AT4G16890,GRN_represses,1,19629177,,SNC1
AT1G04510,AT4G16890,GRN_represses,1,19629177,,SNC1
AT2G33340,AT4G16890,GRN_represses,1,19629177,,SNC1
AT4G24680,AT4G09820,GRN_represses,1,32993050,,TT8
AT4G24680,AT5G42800,GRN_represses,1,32993050,,DFRA
AT1G65310,AT1G79840,GRN_regulates,1,26486447,ATXTH17,
AT1G53700,AT1G70940,GRN_regulates,1,33705718,,PIN3
AT3G14370,AT1G70940,GRN_regulates,1,33705718,,PIN3
AT3G44880,AT4G18390,GRN_activates,1,35605201,,TCP2
AT5G35840,AT2G46830,GRN_activates,1,27820825,,CCA1
AT1G58602,AT2G46830,GRN_regulates,1,34353905,,CCA1
AT2G38470,AT5G14740,GRN_activates,1,30669402,WRKY33,
AT2G01420,AT2G26170,GRN_activates,1,20406451,PIN4,
AT4G12400,AT5G42020,GRN_regulates,1,28426278,HOP3,
AT4G09570,AT1G45249,GRN_activates,1,31368592,,ABF2
AT4G17870,AT1G45249,GRN_activates,1,31368592,,ABF2
AT5G08590,AT1G45249,GRN_activates,1,31368592,,ABF2
AT1G10940,AT1G45249,GRN_activates,1,31368592,,ABF2
AT5G63650,AT1G45249,GRN_activates,1,31368592,,ABF2
AT1G60940,AT1G45249,GRN_activates,1,31368592,,ABF2
AT1G10940,AT5G59220,GRN_regulates,1,31368592,,SAG113
AT1G10940,AT1G07430,GRN_regulates,1,31368592,,AIP1
AT2G27040,AT2G39675,GRN_represses,1,22434877,AGO4,
AT4G09000,AT5G04340,GRN_regulates,1,24875638,,ZAT6
AT4G09000,AT1G77920,GRN_regulates,1,24875638,,TGA7
AT1G77920,AT4G09000,GRN_represses,1,24875638,TGA7,
AT2G38470,AT4G09000,GRN_regulates,1,24875638,WRKY33,
AT2G38470,AT5G38480,GRN_regulates,1,24875638,WRKY33,
AT3G15360,AT3G44340,GRN_represses,1,31245694,ATHM4,
AT2G41680,AT2G05620,GRN_regulates,1,31245694,,PGR5
AT2G41680,AT1G65450,GRN_activates,1,24115951,,
AT2G41680,AT3G56940,GRN_regulates,1,30384439,,CRD1
AT2G31400,AT1G67090,GRN_represses,1,31732672,,RBCS-1A
AT2G31400,AT5G13630,GRN_represses,1,31732672,,CHLH
AT2G31400,AT4G24740,GRN_activates,1,31732672,,AFC2
AT3G11200,AT3G48100,GRN_activates,1,20399479,,ARR5
AT2G37250,AT3G48100,GRN_activates,1,20399479,,ARR5
AT2G32950,AT2G24790,GRN_regulates,1,30169501,,COL3
AT1G76930,AT1G26250,GRN_activates,1,26257758,ATEXT4,
AT1G05240,AT2G06850,GRN_regulates,1,35628189,,XTH4
AT4G26010,AT2G06850,GRN_regulates,1,35628189,,XTH4
AT5G67400,AT2G06850,GRN_regulates,1,35628189,,XTH4
AT1G27740,AT4G26010,GRN_regulates,1,35628189,,
AT5G39580,AT2G06850,GRN_regulates,1,35628189,PER62,XTH4
AT5G64100,AT2G06850,GRN_regulates,1,35628189,PER69,XTH4
AT3G49120,AT4G38240,GRN_activates,1,34276718,PER34,
AT1G33760,AT4G26200,GRN_represses,1,25534944,ERF022,ACS7
AT3G24650,AT1G33760,GRN_regulates,1,25534944,ABI3,ERF022
AT5G61850,AT1G33760,GRN_regulates,1,25534944,,ERF022
AT1G21970,AT5G59340,GRN_represses,1,38235196,NFYB9,
AT1G21970,AT5G12840,GRN_activates,1,38235196,NFYB9,
AT1G21970,AT1G54160,GRN_activates,1,38235196,NFYB9,
AT1G21970,AT3G20910,GRN_activates,1,38235196,NFYB9,
AT3G57390,AT1G21970,GRN_activates,1,38235196,,NFYB9
AT1G21970,AT3G27785,GRN_activates,1,38235196,NFYB9,
AT1G21970,AT1G75240,GRN_activates,1,38235196,NFYB9,ZHD5
AT3G27785,AT1G75240,GRN_activates,1,38235196,,ZHD5
AT1G75240,AT1G28300,GRN_activates,1,38235196,ZHD5,
AT1G75240,AT5G17430,GRN_activates,1,38235196,ZHD5,
AT5G13790,AT3G04730,GRN_regulates,1,32079138,AGL15,IAA16
AT1G19850,AT1G70560,GRN_regulates,1,32079138,ARF5,
AT1G19850,AT4G32540,GRN_regulates,1,32079138,ARF5,
AT1G19850,AT4G28720,GRN_regulates,1,32079138,ARF5,
AT1G19850,AT5G60200,GRN_regulates,1,32079138,ARF5,DOF5.3
AT1G19850,AT3G18010,GRN_regulates,1,32079138,ARF5,
AT1G19850,AT5G59340,GRN_regulates,1,32079138,ARF5,
AT1G19850,AT5G45980,GRN_regulates,1,32079138,ARF5,
AT1G19850,AT2G33880,GRN_regulates,1,32079138,ARF5,WOX9
AT1G21970,AT3G04730,GRN_regulates,1,32079138,NFYB9,IAA16
AT1G28300,AT3G17600,GRN_regulates,1,32079138,,IAA31
AT5G17430,AT1G73590,GRN_regulates,1,32079138,,PIN1
AT5G17430,AT2G01420,GRN_regulates,1,32079138,,PIN4
AT5G17430,AT1G30330,GRN_regulates,1,32079138,,ARF6
AT5G17430,AT3G23030,GRN_regulates,1,32079138,,IAA2
AT5G17430,AT3G23050,GRN_regulates,1,32079138,,IAA7
AT5G17430,AT5G25890,GRN_regulates,1,32079138,,IAA28
AT1G28300,AT1G77590,GRN_activates,1,25790072,,LACS9
AT1G28300,AT4G25140,GRN_activates,1,25790072,,OLEO1
AT1G28300,AT5G40420,GRN_activates,1,25790072,,OLEO2
AT1G12640,AT1G28300,GRN_activates,1,25790072,LPLAT1,
AT2G30980,AT1G19850,GRN_activates,1,35885964,,ARF5
AT5G62380,AT5G12870,GRN_regulates,1,35885964,,MYB46
AT5G62380,AT3G08500,GRN_regulates,1,35885964,,MYB83
AT3G23240,AT3G04720,GRN_regulates,1,22397531,,HEL
AT1G30680,AT1G32640,GRN_regulates,1,32411168,,MYC2
AT1G31280,AT1G17170,GRN_represses,1,32411168,,GSTU24
AT5G04950,AT1G27730,GRN_represses,1,36110357,NAS1,ZAT10
AT5G09740,AT1G80680,GRN_regulates,1,25120553,HAM2,
AT1G25580,AT2G30250,GRN_regulates,1,30541889,,WRKY25
AT2G30250,AT3G48160,GRN_represses,1,30541889,WRKY25,
AT3G12280,AT5G02110,GRN_regulates,1,32865261,,CYCD7-1
AT5G67070,AT5G26930,GRN_regulates,1,37108821,RALFL34,
AT3G09600,AT5G60100,GRN_activates,1,23638299,RVE8,
AT3G09600,AT2G46830,GRN_represses,1,23638299,RVE8,CCA1
AT3G18990,AT1G69120,GRN_activates,1,26420429,,AP1
AT3G15540,AT5G51780,GRN_activates,1,28396964,IAA19,
AT5G15730,AT3G45640,GRN_represses,1,34884660,CRLK2,
AT5G15730,AT2G43790,GRN_represses,1,34884660,CRLK2,
AT4G38130,AT1G66410,GRN_regulates,1,17485478,HDA19,
AT5G22650,AT1G66410,GRN_regulates,1,17485478,HDT2,
AT4G22680,AT1G51680,GRN_activates,1,30873196,MYB85,4CL1
AT1G04400,AT2G18300,GRN_represses,1,37556549,,
AT1G04510,AT3G15540,GRN_regulates,1,37556549,,IAA19
AT1G04510,AT5G13930,GRN_regulates,1,37556549,,CHS
AT3G11940,AT4G36290,GRN_regulates,1,37208763,RPS5B,
AT3G11940,AT1G18950,GRN_regulates,1,37208763,RPS5B,
AT2G40950,AT2G46680,GRN_activates,1,17662035,,ATHB-7
AT5G50920,AT4G15560,GRN_regulates,1,28937985,,DXS
AT5G13630,AT4G24190,GRN_represses,1,28937985,CHLH,
AT5G13630,AT5G15450,GRN_activates,1,28937985,CHLH,
AT3G15030,AT4G17460,GRN_regulates,1,30742619,,HAT1
AT1G58340,AT2G39175,GRN_represses,1,37233717,DTX48,
AT1G58340,AT1G67980,GRN_activates,1,37233717,DTX48,CCOAMT
AT1G58340,AT4G27550,GRN_activates,1,37233717,DTX48,
AT1G58340,AT5G42600,GRN_activates,1,37233717,DTX48,
AT1G58340,AT5G48010,GRN_activates,1,37233717,DTX48,
AT1G58340,AT2G30750,GRN_activates,1,37233717,DTX48,CYP71A12
AT1G58340,AT2G29350,GRN_activates,1,37233717,DTX48,SAG13
AT1G58340,AT5G57220,GRN_activates,1,37233717,DTX48,CYP81F2
AT1G58340,AT4G31970,GRN_activates,1,37233717,DTX48,
AT1G58340,AT2G18700,GRN_activates,1,37233717,DTX48,
AT1G58340,AT2G39800,GRN_activates,1,37233717,DTX48,
AT1G58340,AT3G28740,GRN_activates,1,37233717,DTX48,CYP81D11
AT1G58340,AT2G39030,GRN_activates,1,37233717,DTX48,NATA1
AT1G58340,AT1G03060,GRN_activates,1,37233717,DTX48,
AT1G58340,AT1G17860,GRN_activates,1,37233717,DTX48,
AT1G58340,AT1G72290,GRN_activates,1,37233717,DTX48,WSCP
AT1G58340,AT2G43510,GRN_activates,1,37233717,DTX48,ATTI1
AT1G58340,AT5G43580,GRN_activates,1,37233717,DTX48,
AT1G58340,AT3G57260,GRN_activates,1,37233717,DTX48,BGL2
AT1G58340,AT1G74590,GRN_activates,1,37233717,DTX48,
AT1G58340,AT3G29250,GRN_activates,1,37233717,DTX48,
AT1G58340,AT3G02040,GRN_activates,1,37233717,DTX48,GDPD1
AT1G73410,AT1G32770,GRN_regulates,1,37233717,,NAC012
AT1G64860,AT1G09570,GRN_represses,1,24078666,SIGA,
AT1G64860,AT2G18790,GRN_represses,1,24078666,SIGA,
AT4G24020,AT1G78090,GRN_regulates,1,28489820,,TPPB
AT5G14740,AT3G55800,GRN_represses,1,24328790,,SBPASE
AT2G46650,AT1G66340,GRN_represses,1,24635651,CYTB5-C,
AT4G34950,AT4G36920,GRN_activates,1,31807981,,
AT3G21630,AT2G14610,GRN_regulates,1,23750228,,PR1
AT4G23110,AT1G69120,GRN_activates,1,30597831,,AP1
AT4G23110,AT3G54340,GRN_activates,1,30597831,,AP3
AT4G23110,AT2G42830,GRN_activates,1,30597831,,SHP2
AT4G23110,AT4G09960,GRN_activates,1,30597831,,STK
AT4G15370,AT1G18570,GRN_activates,1,19095898,,MYB51
AT2G37570,AT5G56750,GRN_represses,1,34571915,,NDL1
AT1G08980,AT3G14440,GRN_activates,1,33068437,,NCED3
AT4G35100,AT3G11820,GRN_regulates,1,33537055,PIP2-7,
AT3G11820,AT2G39010,GRN_regulates,1,33537055,,PIP2-6
AT5G20730,AT4G37290,GRN_regulates,1,34054893,NPH4,
AT2G13810,AT1G19250,GRN_activates,1,33463678,ALD1,
AT2G13810,AT5G63580,GRN_regulates,1,33463678,ALD1,FLS2
AT2G13810,AT4G33430,GRN_regulates,1,33463678,ALD1,
AT2G31230,AT4G23810,GRN_represses,1,26388886,,WRKY53
AT5G47230,AT4G23810,GRN_represses,1,26388886,,WRKY53
AT2G23470,AT2G46770,GRN_represses,1,34034658,,NAC043
AT2G23470,AT3G61910,GRN_represses,1,34034658,,NAC066
AT5G04340,AT4G18240,GRN_activates,1,22898356,ZAT6,
AT3G17609,AT2G36270,GRN_regulates,1,30566447,,ABI5
AT2G36270,AT2G21650,GRN_represses,1,30566447,ABI5,RL2
AT5G52310,AT2G21650,GRN_represses,1,30566447,RD29A,RL2
AT3G51810,AT2G21650,GRN_represses,1,30566447,EM1,RL2
AT2G40170,AT2G21650,GRN_represses,1,30566447,EM6,RL2
AT5G66400,AT2G21650,GRN_represses,1,30566447,RAB18,RL2
AT4G34000,AT2G21650,GRN_represses,1,30566447,,RL2
AT3G19290,AT2G21650,GRN_represses,1,30566447,,RL2
AT4G26080,AT2G21650,GRN_regulates,1,30566447,,RL2
AT5G57050,AT2G21650,GRN_regulates,1,30566447,,RL2
AT3G50500,AT2G21650,GRN_regulates,1,30566447,,RL2
AT5G66880,AT2G21650,GRN_regulates,1,30566447,,RL2
AT2G21650,AT5G10140,GRN_activates,1,30566447,RL2,
AT2G21650,AT2G04240,GRN_represses,1,30566447,RL2,
AT2G21650,AT3G55990,GRN_activates,1,30566447,RL2,ESK1
AT2G21650,AT3G24650,GRN_regulates,1,30566447,RL2,ABI3
AT2G21650,AT2G40220,GRN_regulates,1,30566447,RL2,
AT2G21650,AT5G52310,GRN_regulates,1,30566447,RL2,RD29A
AT2G21650,AT3G51810,GRN_regulates,1,30566447,RL2,EM1
AT2G21650,AT2G40170,GRN_regulates,1,30566447,RL2,EM6
AT2G21650,AT5G66400,GRN_regulates,1,30566447,RL2,RAB18
AT2G21650,AT1G45249,GRN_regulates,1,30566447,RL2,ABF2
AT2G21650,AT4G34000,GRN_regulates,1,30566447,RL2,
AT2G21650,AT3G19290,GRN_regulates,1,30566447,RL2,
AT1G16260,AT1G22710,GRN_regulates,1,32123097,,SUC2
AT4G37790,AT1G77300,GRN_regulates,1,18387196,,EFS
AT4G37790,AT3G47340,GRN_regulates,1,18387196,,ASN1
AT4G37790,AT4G15530,GRN_regulates,1,18387196,,PPDK
AT5G20720,AT5G57180,GRN_regulates,1,35106435,CPN20,
AT5G57180,AT5G20720,GRN_regulates,1,35106435,,CPN20
AT5G57180,AT5G44190,GRN_regulates,1,35106435,,GLK2
AT5G57180,AT3G54340,GRN_represses,1,35106435,,AP3
AT5G18830,AT5G59520,GRN_regulates,1,26516126,,ZIP2
AT3G46900,AT5G11260,GRN_regulates,1,26516126,COPT2,
AT4G25100,ATCG00065,GRN_activates,1,37728561,,RPS12A
AT4G25100,AT1G07890,GRN_regulates,1,37728561,,APX1
AT2G20610,AT1G18570,GRN_activates,1,32082343,SUR1,MYB51
AT1G74080,AT4G39950,GRN_regulates,1,32082343,,CYP79B2
AT3G53260,AT1G15380,GRN_represses,1,34834827,,
AT3G19450,AT1G15380,GRN_represses,1,34834827,,
AT1G48860,AT1G15380,GRN_represses,1,34834827,,
AT2G32460,AT1G73687,GRN_regulates,1,21029441,MYB101,
AT2G42200,AT5G60120,GRN_represses,1,19703400,SPL9,TOE2
AT2G42440,AT5G20730,GRN_regulates,1,35763576,,NPH4
AT2G14610,AT2G17265,GRN_activates,1,23818978,PR1,
AT5G04140,AT5G53000,GRN_activates,1,25399018,GLU1,
AT3G47340,AT5G53000,GRN_activates,1,25399018,ASN1,
AT3G44990,AT5G53000,GRN_activates,1,25399018,XTH31,
AT1G46480,AT5G60200,GRN_activates,1,34539713,,DOF5.3
AT1G02220,AT4G13195,GRN_activates,1,34539713,NAC003,
AT3G17790,AT3G06670,GRN_activates,1,28678890,PAP17,
AT1G07430,AT3G06670,GRN_activates,1,28678890,AIP1,
AT1G02205,AT3G06670,GRN_activates,1,28678890,CER1,
AT2G36270,AT3G06670,GRN_activates,1,28678890,ABI5,
AT1G07500,AT3G06670,GRN_activates,1,28678890,SMR5,
AT3G06670,AT1G07500,GRN_activates,1,28678890,,SMR5
AT3G18690,AT2G38470,GRN_regulates,1,21203436,,WRKY33
AT1G09000,AT1G18370,GRN_activates,1,20802223,,KIN7A
AT3G43210,AT5G56580,GRN_activates,1,20802223,,MKK6
AT1G64860,ATCG00020,GRN_regulates,1,31245709,SIGA,PSBA
AT1G64860,ATCG00270,GRN_regulates,1,31245709,SIGA,PSBD
AT1G64860,ATCG00680,GRN_regulates,1,31245709,SIGA,PSBB
AT1G64860,ATCG00700,GRN_regulates,1,31245709,SIGA,PSBN
AT1G64860,AT5G38420,GRN_regulates,1,31245709,SIGA,RBCS-2B
AT1G64860,AT2G05070,GRN_regulates,1,31245709,SIGA,LHCB2.2
AT1G15550,AT1G64860,GRN_represses,1,31245709,,SIGA
AT1G47990,AT1G64860,GRN_represses,1,31245709,,SIGA
AT1G64860,AT3G09150,GRN_regulates,1,31245709,SIGA,
AT1G64860,AT1G15550,GRN_regulates,1,31245709,SIGA,
AT1G64860,AT5G54190,GRN_regulates,1,31245709,SIGA,
AT1G16490,AT5G12870,GRN_regulates,1,31077628,,MYB46
AT1G79180,AT5G12870,GRN_regulates,1,31077628,,MYB46
AT1G45249,AT3G22830,GRN_activates,1,33171626,ABF2,
AT3G22740,AT5G49190,GRN_activates,1,32793268,HMT3,
AT5G15310,AT5G41315,GRN_activates,1,29661140,ATMYB16,
AT5G23940,AT5G41315,GRN_activates,1,29661140,DCR,
AT3G23250,AT4G01970,GRN_regulates,1,27702992,MYB15,
AT5G51230,AT3G54340,GRN_represses,1,22537758,,AP3
AT1G30135,AT5G45890,GRN_represses,1,33143091,TIFY5A,SAG12
AT3G63380,AT5G14740,GRN_regulates,1,24101142,ACA12,
AT3G22910,AT5G57110,GRN_activates,1,29506225,ACA13,
AT3G22910,AT4G29900,GRN_activates,1,29506225,ACA13,
AT3G63380,AT5G57110,GRN_activates,1,29506225,ACA12,
AT3G63380,AT4G29900,GRN_activates,1,29506225,ACA12,
AT2G14610,AT4G29900,GRN_activates,1,29506225,PR1,
AT1G75830,AT4G33430,GRN_represses,1,28824659,PDF1.1,
AT3G22231,AT4G33430,GRN_represses,1,28824659,PCC1,
AT3G47500,AT2G20560,GRN_activates,1,28515731,CDF3,
AT1G72930,AT3G44480,GRN_represses,1,27427964,TIR,
AT4G18390,AT4G08920,GRN_activates,1,38166656,TCP2,
AT4G35550,AT1G69530,GRN_represses,1,37418524,,ATEXPA1
AT4G35550,AT2G40610,GRN_represses,1,37418524,,EXPA8
AT4G35550,AT1G26770,GRN_represses,1,37418524,,ATEXPA10
AT4G35550,AT1G20190,GRN_represses,1,37418524,,EXPA11
AT4G35550,AT2G03090,GRN_represses,1,37418524,,EXPA15
AT4G35550,AT4G28250,GRN_represses,1,37418524,,EXPB3
AT4G34410,AT2G33430,GRN_regulates,1,29686365,ERF109,
AT4G34410,AT1G59560,GRN_regulates,1,29686365,ERF109,
AT4G34410,AT1G17170,GRN_regulates,1,29686365,ERF109,GSTU24
AT4G34410,AT4G11600,GRN_regulates,1,29686365,ERF109,
AT4G34410,AT1G19550,GRN_regulates,1,29686365,ERF109,
AT4G34410,AT2G29420,GRN_activates,1,29686365,ERF109,GSTU7
AT4G34410,AT2G29440,GRN_activates,1,29686365,ERF109,GSTU6
AT4G34410,AT2G47730,GRN_activates,1,29686365,ERF109,
AT4G34410,AT2G21050,GRN_activates,1,29686365,ERF109,
AT4G34410,AT2G04400,GRN_activates,1,29686365,ERF109,
AT2G35010,AT5G24800,GRN_regulates,1,28184497,,BZIP9
AT2G35010,AT3G19580,GRN_regulates,1,28184497,,AZF2
AT3G19580,AT5G24800,GRN_activates,1,28184497,AZF2,BZIP9
AT3G01310,AT4G34460,GRN_activates,1,25635681,,
AT4G34460,AT5G66400,GRN_represses,1,25635681,,RAB18
AT4G34460,AT1G20450,GRN_represses,1,25635681,,ERD10
AT4G34460,AT5G67030,GRN_represses,1,25635681,,ZEP
AT3G30775,AT4G34460,GRN_activates,1,25635681,POX1,
AT4G24020,AT1G20020,GRN_activates,1,29033968,,LFNR2
AT5G07680,AT5G60850,GRN_regulates,1,29033968,,DOF5.4
AT1G12110,AT1G12820,GRN_regulates,1,29033968,NPF6.3,
AT1G12110,AT5G07680,GRN_regulates,1,29033968,NPF6.3,
AT3G49580,AT5G53210,GRN_represses,1,28207043,LSU1,
AT2G45660,AT1G33410,GRN_activates,1,33367234,SOC1,
AT5G13930,AT2G47460,GRN_represses,1,26206248,CHS,
AT3G51240,AT2G47460,GRN_represses,1,26206248,F3H,
AT2G46400,AT1G74710,GRN_regulates,1,23281970,WRKY46,
AT2G46400,AT5G13320,GRN_regulates,1,23281970,WRKY46,PBS3
AT1G14920,AT1G18100,GRN_activates,1,24444091,,MFT
AT3G44680,AT1G07630,GRN_regulates,1,27873573,HDA9,
AT3G44680,AT1G13740,GRN_regulates,1,27873573,HDA9,
AT3G44680,AT3G02140,GRN_regulates,1,27873573,HDA9,
AT3G44680,AT2G39660,GRN_regulates,1,27873573,HDA9,
AT5G59220,AT3G20770,GRN_regulates,1,36217562,SAG113,
AT1G32640,AT2G39770,GRN_regulates,1,36217562,MYC2,
AT1G19350,AT5G05690,GRN_regulates,1,29021807,,CYP90A1
AT1G75080,AT5G51810,GRN_activates,1,35909777,,GA20OX2
AT5G13080,AT3G01970,GRN_represses,1,30477211,WRKY75,WRKY45
AT5G45830,AT2G44950,GRN_represses,1,24904627,,HUB1
AT5G22650,AT1G30040,GRN_represses,1,24904627,HDT2,GA2OX2
AT5G22650,AT1G15550,GRN_activates,1,24904627,HDT2,
AT1G16410,AT5G11260,GRN_represses,1,23314821,CYP79F1,
AT1G74090,AT5G11260,GRN_activates,1,23314821,SOT18,
AT4G39940,AT5G11260,GRN_activates,1,23314821,APK2,
AT5G60890,AT5G11260,GRN_activates,1,23314821,MYB34,
AT5G61420,AT5G11260,GRN_activates,1,23314821,MYB28,
AT5G07690,AT5G11260,GRN_activates,1,23314821,MYB29,
AT4G20010,AT5G52800,GRN_regulates,1,34663822,OSB2,
AT3G15510,AT3G50990,GRN_regulates,1,25658798,NAC056,
AT4G31700,AT5G10360,GRN_represses,1,38250458,RPS6A,RPS6B
AT5G11260,AT2G38940,GRN_activates,1,32082352,,PHT1-4
AT4G34160,AT5G49160,GRN_activates,1,34711691,CYCD3-1,
AT4G34160,AT2G17950,GRN_represses,1,34711691,CYCD3-1,
AT4G37290,AT5G46240,GRN_regulates,1,32461693,,KAT1
AT4G34470,AT2G45660,GRN_regulates,1,32582842,,SOC1
AT2G45660,AT4G34470,GRN_represses,1,32582842,SOC1,
AT4G34470,AT5G52310,GRN_represses,1,32582842,,RD29A
AT5G13930,AT1G09570,GRN_represses,1,37216398,CHS,
AT5G24780,AT1G09570,GRN_activates,1,37216398,VSP1,
AT1G09570,AT5G24780,GRN_regulates,1,37216398,,VSP1
AT2G46370,AT1G73830,GRN_represses,1,26176841,,BEE3
AT2G46370,AT4G36540,GRN_represses,1,26176841,,BEE2
AT1G64280,AT2G24850,GRN_regulates,1,22213815,,TAT3
AT2G24850,AT2G39770,GRN_activates,1,22213815,TAT3,
AT2G39770,AT5G24780,GRN_activates,1,22213815,,VSP1
AT2G39770,AT1G72520,GRN_activates,1,22213815,,LOX4
AT3G52115,AT2G24850,GRN_represses,1,22213815,,TAT3
AT3G55734,AT2G14610,GRN_activates,1,21549312,,PR1
AT3G55734,AT3G09530,GRN_regulates,1,21549312,,ATEXO70H3
AT3G48460,AT3G05290,GRN_activates,1,28510842,,
AT3G48460,AT3G21720,GRN_regulates,1,28510842,,ICL
AT3G23030,AT5G25620,GRN_activates,1,21511905,IAA2,
AT1G15520,AT2G22370,GRN_activates,1,28441405,ABCG40,
AT1G15520,AT2G28230,GRN_activates,1,28441405,ABCG40,
AT3G25250,AT2G28230,GRN_activates,1,28441405,OXI1,
AT2G24060,AT2G30950,GRN_represses,1,30915096,,VAR2
AT4G27440,AT5G43940,GRN_activates,1,37277371,PORB,
AT2G22770,AT1G66270,GRN_activates,1,34702318,NAI1,BGLU21
AT2G16060,AT5G42020,GRN_regulates,1,29059380,AHB1,
AT2G16060,AT2G14610,GRN_regulates,1,29059380,AHB1,PR1
AT2G16060,AT3G11260,GRN_regulates,1,29059380,AHB1,
AT4G39110,AT1G09080,GRN_activates,1,37563456,,
AT4G39110,AT1G42990,GRN_activates,1,37563456,,
AT4G39110,AT3G10800,GRN_activates,1,37563456,,
AT2G36270,AT3G10800,GRN_activates,1,37563456,ABI5,
AT4G39110,AT2G36270,GRN_represses,1,37563456,,ABI5
AT3G11630,AT2G30950,GRN_activates,1,30989223,BAS1,VAR2
AT3G52960,AT2G30950,GRN_activates,1,30989223,,VAR2
AT2G41680,AT2G30950,GRN_activates,1,30989223,,VAR2
AT1G12410,AT2G30950,GRN_activates,1,30989223,,VAR2
AT4G17040,AT2G30950,GRN_activates,1,30989223,,VAR2
AT5G20720,AT2G30950,GRN_activates,1,30989223,CPN20,VAR2
AT4G25100,AT2G30950,GRN_activates,1,30989223,,VAR2
AT2G26150,AT2G30950,GRN_activates,1,30989223,,VAR2
AT5G15450,AT2G30950,GRN_activates,1,30989223,,VAR2
AT5G42020,AT2G17040,GRN_activates,1,27405371,,anac036
AT5G28540,AT2G17040,GRN_activates,1,27405371,,anac036
AT2G17040,AT2G03440,GRN_regulates,1,27405371,anac036,
AT2G17040,AT3G27090,GRN_regulates,1,27405371,anac036,
AT3G10800,AT5G62470,GRN_regulates,1,35017639,,MYB96
AT1G42990,AT5G62470,GRN_regulates,1,35017639,,MYB96
AT3G10800,AT5G13080,GRN_regulates,1,35017639,,WRKY75
AT1G42990,AT5G13080,GRN_regulates,1,35017639,,WRKY75
AT3G51550,AT3G15950,GRN_represses,1,35435236,,NAI2
AT3G51550,AT1G32640,GRN_regulates,1,35435236,,MYC2
AT1G69120,AT3G24650,GRN_represses,1,30804960,AP1,ABI3
AT2G03440,AT2G17040,GRN_activates,1,31507623,,anac036
AT2G22770,AT2G39310,GRN_regulates,1,24653729,NAI1,JAL22
AT2G22770,AT2G39330,GRN_regulates,1,24653729,NAI1,
AT2G22770,AT3G16430,GRN_regulates,1,24653729,NAI1,PBP2
AT2G22770,AT5G54490,GRN_regulates,1,24653729,NAI1,
AT2G22770,AT1G54010,GRN_regulates,1,24653729,NAI1,GLL23
AT2G22770,AT5G23820,GRN_regulates,1,24653729,NAI1,ML3
AT2G26150,AT2G30010,GRN_represses,1,30658467,,TBL45
AT2G26150,AT2G06850,GRN_represses,1,30658467,,XTH4
AT1G54410,AT2G26150,GRN_activates,1,30658467,HIRD11,
AT2G15970,AT2G26150,GRN_represses,1,30658467,COR413PM1,
AT5G23280,AT4G37930,GRN_activates,1,24137171,,SHM1
AT1G35560,AT4G37930,GRN_activates,1,24137171,,SHM1
AT5G17800,AT3G16500,GRN_regulates,1,29487277,MYB56,
AT5G17800,AT5G13930,GRN_regulates,1,29487277,MYB56,CHS
AT5G17800,AT5G08640,GRN_regulates,1,29487277,MYB56,FLS1
AT3G10040,AT1G43800,GRN_regulates,1,25226037,,S-ACP-DES6
AT4G34410,AT5G42380,GRN_represses,1,35310669,ERF109,CML37
AT4G34410,AT2G44840,GRN_represses,1,35310669,ERF109,ERF13
AT4G34410,AT1G07000,GRN_represses,1,35310669,ERF109,ATEXO70B2
AT5G67370,AT4G34410,GRN_activates,1,35310669,,ERF109
AT5G54270,AT1G80840,GRN_activates,1,35310669,LHCB3,WRKY40
AT4G34410,AT5G14740,GRN_regulates,1,35310669,ERF109,
AT1G07000,AT5G63580,GRN_regulates,1,35310669,ATEXO70B2,FLS2
AT3G56970,AT4G34410,GRN_activates,1,35310669,,ERF109
AT4G34460,AT1G80840,GRN_regulates,1,35748759,,WRKY40
AT4G34460,AT5G13080,GRN_regulates,1,35748759,,WRKY75
AT1G80840,AT4G34460,GRN_activates,1,35748759,WRKY40,
AT5G13080,AT4G34460,GRN_activates,1,35748759,WRKY75,
AT2G39660,AT1G80840,GRN_regulates,1,35748759,,WRKY40
AT1G75380,AT3G25800,GRN_activates,1,37050196,BBD1,
AT1G75380,AT5G67030,GRN_activates,1,37050196,BBD1,ZEP
AT1G75380,AT1G22620,GRN_activates,1,37050196,BBD1,
AT2G33810,AT5G18830,GRN_represses,1,34502449,SPL3,
AT2G43010,AT5G20230,GRN_regulates,1,35022242,,BCB
AT3G59060,AT5G20230,GRN_regulates,1,35022242,PIF5,BCB
AT2G34650,AT3G14440,GRN_regulates,1,28824662,,NCED3
AT2G34650,AT1G66350,GRN_regulates,1,28824662,,RGL1
AT2G34650,AT5G66400,GRN_regulates,1,28824662,,RAB18
AT2G34650,AT5G25610,GRN_regulates,1,28824662,,RD22
AT2G34650,AT5G52310,GRN_regulates,1,28824662,,RD29A
AT5G63580,AT5G13800,GRN_regulates,1,28851870,FLS2,PPH
AT3G15390,AT2G14610,GRN_regulates,1,28851870,,PR1
AT5G07840,AT5G52300,GRN_represses,1,37514328,,LTI65
AT1G61890,AT1G16910,GRN_regulates,1,34638657,DTX37,
AT1G52890,AT1G16910,GRN_regulates,1,34638657,NAC019,
AT1G73330,AT1G16910,GRN_regulates,1,34638657,ATDR4,
AT5G13180,AT1G16910,GRN_regulates,1,34638657,NAC083,
AT5G52300,AT1G14520,GRN_activates,1,26091094,LTI65,MIOX1
AT3G50820,AT3G54170,GRN_activates,1,37287225,PSBO2,
AT3G54170,AT4G08150,GRN_regulates,1,27396363,,KNAT1
AT3G54170,AT2G01420,GRN_regulates,1,27396363,,PIN4
AT4G10760,AT4G37930,GRN_regulates,1,27396363,,SHM1
AT5G10140,AT4G24470,GRN_regulates,1,25853185,,ZIM
AT2G22540,AT4G24470,GRN_regulates,1,25853185,,ZIM
AT5G10140,AT5G20250,GRN_regulates,1,25853185,,DIN10
AT2G22540,AT5G20250,GRN_regulates,1,25853185,,DIN10
AT1G25560,AT5G10140,GRN_regulates,1,25853185,TEM1,
AT1G25560,AT2G22540,GRN_regulates,1,25853185,TEM1,
AT1G68840,AT5G10140,GRN_regulates,1,25853185,RAV2,
AT1G68840,AT2G22540,GRN_regulates,1,25853185,RAV2,
AT1G70890,AT4G33950,GRN_activates,1,26512059,MLP43,
AT1G70890,AT4G26080,GRN_activates,1,26512059,MLP43,
AT1G70890,AT5G67030,GRN_activates,1,26512059,MLP43,ZEP
AT1G70890,AT5G47910,GRN_regulates,1,26512059,MLP43,
AT1G70890,AT1G64060,GRN_regulates,1,26512059,MLP43,
AT4G31780,AT1G15820,GRN_represses,1,31547010,MGD1,LHCB6
AT5G23150,AT5G18270,GRN_regulates,1,35283930,,ANAC087
AT1G32330,AT5G12030,GRN_regulates,1,35622526,,HSP17.7
AT2G45420,AT2G04160,GRN_activates,1,23299420,,AIR3
AT3G59060,AT5G61380,GRN_regulates,1,27458465,PIF5,
AT1G09530,AT4G32830,GRN_activates,1,34556672,,AUR1
AT1G09530,AT2G33380,GRN_activates,1,34556672,,PXG3
AT1G64280,AT1G62300,GRN_activates,1,25033038,,WRKY6
AT3G59900,AT4G34160,GRN_activates,1,25491177,,CYCD3-1
AT3G19290,AT5G25610,GRN_activates,1,24279948,,RD22
AT3G13682,AT2G46830,GRN_represses,1,33916408,,CCA1
AT4G20400,AT2G46830,GRN_represses,1,33916408,,CCA1
AT3G28345,AT4G38600,GRN_activates,1,31756029,ABCB15,
AT5G63860,AT3G22840,GRN_regulates,1,27534420,,ELIP1
AT5G02120,AT1G34000,GRN_regulates,1,28167950,OHP1,
AT5G62165,AT1G68840,GRN_represses,1,36473939,,RAV2
AT1G73080,AT5G64900,GRN_regulates,1,32838742,,PEP1
AT1G06160,AT1G73080,GRN_activates,1,32838742,ERF094,
AT3G14230,AT3G02550,GRN_activates,1,32977426,RAP2-2,LBD41
AT3G14230,AT5G15120,GRN_activates,1,32977426,RAP2-2,PCO1
AT2G26560,AT4G16660,GRN_represses,1,37970465,PLP2,
AT4G12010,AT5G24770,GRN_represses,1,30957942,,VSP2
AT4G12010,AT3G12500,GRN_represses,1,30957942,,CHI-B
AT4G12010,AT3G04720,GRN_represses,1,30957942,,HEL
AT2G22300,AT4G12010,GRN_represses,1,30957942,CAMTA3,
AT5G09410,AT5G26920,GRN_represses,1,37566065,,CBP60G
AT3G48350,AT1G65450,GRN_represses,1,31173100,,
AT3G48350,AT3G47340,GRN_activates,1,31173100,,ASN1
AT3G48350,AT1G10070,GRN_activates,1,31173100,,BCAT2
AT5G43270,AT4G34410,GRN_regulates,1,34698862,,ERF109
AT5G43270,AT5G64750,GRN_regulates,1,34698862,,ABR1
AT1G27370,AT5G64750,GRN_regulates,1,34698862,,ABR1
AT1G27360,AT4G34410,GRN_regulates,1,34698862,SPL11,ERF109
AT4G26080,AT5G66400,GRN_represses,1,26059040,,RAB18
AT4G34000,AT2G36640,GRN_regulates,1,21085673,,ECP63
AT5G43990,AT5G52310,GRN_represses,1,25420628,,RD29A
AT5G52310,AT5G43990,GRN_activates,1,25420628,RD29A,
AT5G52310,AT1G63020,GRN_activates,1,25420628,RD29A,
AT5G52310,AT2G40030,GRN_activates,1,25420628,RD29A,
AT5G52310,AT3G43920,GRN_activates,1,25420628,RD29A,
AT2G28056,AT2G28550,GRN_regulates,1,29352229,,RAP2.7
AT2G28056,AT5G60120,GRN_regulates,1,29352229,,TOE2
AT2G42200,AT2G41370,GRN_represses,1,36629519,SPL9,
AT5G50670,AT2G41370,GRN_represses,1,36629519,SPL13A,
AT5G54310,AT2G31880,GRN_regulates,1,25763490,,SOBIR1
AT5G13080,AT2G45660,GRN_activates,1,32922809,WRKY75,SOC1
AT5G13080,AT5G61850,GRN_activates,1,32922809,WRKY75,
AT1G69120,AT1G29860,GRN_regulates,1,32922809,AP1,
AT1G05680,AT2G31750,GRN_represses,1,33441983,UGT74E2,
AT2G47880,AT1G08090,GRN_activates,1,38286991,GRXC13,
AT4G34160,AT3G11260,GRN_represses,1,25127220,CYCD3-1,
AT2G42200,AT4G25490,GRN_regulates,1,35109794,SPL9,DREB1B
AT2G42200,AT4G25480,GRN_regulates,1,35109794,SPL9,
AT4G25470,AT5G15960,GRN_regulates,1,35109794,DREB1C,KIN1
AT2G42200,AT3G26744,GRN_regulates,1,35109794,SPL9,
AT2G45660,AT2G42200,GRN_regulates,1,35109794,SOC1,SPL9
AT2G45660,AT1G75080,GRN_regulates,1,35109794,SOC1,
AT4G10050,AT2G17950,GRN_activates,1,37559087,,
AT4G10050,AT4G37930,GRN_activates,1,37559087,,SHM1
AT4G10050,AT2G33810,GRN_activates,1,37559087,,SPL3
AT4G10050,AT2G42200,GRN_activates,1,37559087,,SPL9
AT2G38080,AT1G71930,GRN_activates,1,29481639,IRX12,
AT5G13180,AT4G27410,GRN_activates,1,34045652,NAC083,RD26
AT1G75080,AT4G33070,GRN_regulates,1,33324437,,PDC1
AT1G75080,AT5G11060,GRN_regulates,1,33324437,,KNAT4
AT1G75080,AT4G24110,GRN_regulates,1,33324437,,
AT1G75080,AT2G16060,GRN_regulates,1,33324437,,AHB1
AT3G20810,AT1G78290,GRN_regulates,1,33324437,JMJ30,
AT5G11060,AT1G75080,GRN_regulates,1,33324437,KNAT4,
AT1G70690,AT1G05570,GRN_activates,1,36478232,CRRSP2,
AT1G70690,AT3G14570,GRN_activates,1,36478232,CRRSP2,
AT5G23150,AT1G08430,GRN_regulates,1,33790239,,ALMT1
AT4G17615,AT1G48260,GRN_regulates,1,33133111,CBL1,
AT1G19850,AT1G04550,GRN_regulates,1,24739361,ARF5,
AT1G13710,AT4G18170,GRN_activates,1,36379956,,WRKY28
AT2G33620,AT4G37930,GRN_regulates,1,32164240,,SHM1
AT3G11020,AT5G05410,GRN_activates,1,34103516,,DREB2A
AT2G40340,AT5G05410,GRN_activates,1,34103516,,DREB2A
AT4G34460,AT5G05690,GRN_regulates,1,29375601,,CYP90A1
AT4G39400,AT1G02900,GRN_represses,1,24620000,,RALF1
AT5G04950,AT4G34460,GRN_activates,1,32107545,NAS1,
AT2G38470,AT4G34460,GRN_regulates,1,32107545,WRKY33,
AT2G38470,AT1G26380,GRN_regulates,1,31371717,WRKY33,FOX1
AT2G38470,AT4G11600,GRN_regulates,1,28207847,WRKY33,
AT2G38470,AT1G61560,GRN_regulates,1,28207847,WRKY33,
AT2G38470,AT5G59820,GRN_regulates,1,28207847,WRKY33,ZAT12
AT2G38470,AT5G23310,GRN_regulates,1,28207847,WRKY33,
AT2G38470,AT2G23130,GRN_regulates,1,28207847,WRKY33,AGP17
AT2G38470,AT2G47890,GRN_regulates,1,28207847,WRKY33,
AT2G38470,AT5G06950,GRN_regulates,1,28207847,WRKY33,
AT2G38470,AT4G29740,GRN_regulates,1,28207847,WRKY33,
AT2G38470,AT5G47910,GRN_regulates,1,28207847,WRKY33,
AT5G05410,AT2G38470,GRN_represses,1,28207847,DREB2A,WRKY33
AT3G14890,AT2G38470,GRN_represses,1,28207847,ZDP,WRKY33
AT4G11600,AT2G38470,GRN_represses,1,28207847,,WRKY33
AT5G17860,AT2G38470,GRN_activates,1,28207847,CCX1,WRKY33
AT2G39940,AT2G38470,GRN_represses,1,28207847,,WRKY33
AT2G38470,AT5G13080,GRN_regulates,1,28207847,WRKY33,WRKY75
AT3G49500,AT4G37390,GRN_represses,1,25243128,,YDK1
AT5G15380,AT4G09960,GRN_represses,1,33158925,,STK
AT5G14010,AT4G09960,GRN_activates,1,33158925,,STK
AT4G35040,AT5G59520,GRN_regulates,1,28630437,,ZIP2
AT5G59520,AT4G35040,GRN_regulates,1,28630437,ZIP2,
AT4G14400,AT1G64280,GRN_activates,1,35255815,ACD6,
AT4G14400,AT1G75040,GRN_activates,1,35255815,ACD6,PR5
AT4G14400,AT2G36490,GRN_represses,1,35255815,ACD6,
AT1G49860,AT2G36490,GRN_represses,1,35255815,GSTF14,
AT3G52400,AT3G46460,GRN_regulates,1,34418551,SYP122,
AT1G72930,AT2G34690,GRN_represses,1,20949080,TIR,
AT5G44870,AT1G77300,GRN_regulates,1,20949080,LAZ5,EFS
AT2G34690,AT5G44870,GRN_regulates,1,20949080,,LAZ5
AT2G29250,AT2G32460,GRN_activates,1,37762347,,MYB101
AT1G32763,AT2G32460,GRN_activates,1,37762347,,MYB101
AT4G21750,AT5G22880,GRN_activates,1,32139673,,H2B
AT3G26790,AT4G34520,GRN_regulates,1,29874815,,FAE1
AT4G00450,AT1G69120,GRN_activates,1,22247249,,AP1
AT2G45660,AT4G00450,GRN_represses,1,22247249,SOC1,
AT1G05570,AT1G70690,GRN_represses,1,36645916,,CRRSP2
ATCG00160,AT5G20570,GRN_represses,1,25299333,RPS2,
AT5G50790,AT4G20370,GRN_represses,1,32013867,SWEET10,
AT5G50800,AT4G20370,GRN_activates,1,32013867,SWEET13,
AT4G20370,AT5G67030,GRN_represses,1,27733440,,ZEP
AT4G24190,AT5G43810,GRN_represses,1,35801914,,AGO10
AT3G11600,AT3G16785,GRN_represses,1,28526412,,
AT5G66160,AT5G60360,GRN_represses,1,16115960,,AALP
AT1G15550,AT3G18520,GRN_activates,1,28444370,,HDA15
AT2G43010,AT5G37020,GRN_regulates,1,28444370,,ARF8
AT2G18790,AT1G36060,GRN_represses,1,35351902,,ERF055
AT1G03790,AT1G22190,GRN_regulates,1,35351902,SOM,
AT2G20180,AT1G36060,GRN_regulates,1,35351902,,ERF055
AT1G03790,AT1G36060,GRN_regulates,1,35351902,SOM,ERF055
AT1G52340,AT1G03790,GRN_regulates,1,35351902,,SOM
AT3G21890,AT3G22840,GRN_activates,1,31851942,,ELIP1
AT4G25420,AT3G18520,GRN_activates,1,36497048,,HDA15
AT5G51810,AT3G18520,GRN_activates,1,36497048,GA20OX2,HDA15
AT5G67030,AT3G18520,GRN_represses,1,36497048,ZEP,HDA15
AT1G52340,AT3G18520,GRN_represses,1,36497048,,HDA15
AT1G73590,AT2G20180,GRN_represses,1,36466268,PIN1,
AT1G19850,AT2G38325,GRN_regulates,1,31245759,ARF5,
AT5G37020,AT2G38325,GRN_regulates,1,31245759,ARF8,
AT3G61830,AT2G38325,GRN_regulates,1,31245759,ARF18,
AT5G58465,AT1G19850,GRN_regulates,1,31245759,,ARF5
AT5G60450,AT5G60910,GRN_activates,1,33931632,,AGL8
AT2G45190,AT2G33860,GRN_regulates,1,36197942,YAB1,
AT3G63110,AT5G60450,GRN_activates,1,23396601,IPT3,
AT5G62470,AT4G34520,GRN_regulates,1,28270825,MYB96,FAE1
AT5G39700,AT5G47670,GRN_regulates,1,28270825,,NFYB6
AT5G07700,AT3G19710,GRN_activates,1,28270825,,BCAT4
AT5G07700,AT5G23010,GRN_activates,1,28270825,,MAM1
AT5G07700,AT5G61420,GRN_activates,1,28270825,,MYB28
AT5G35360,AT5G07700,GRN_activates,1,28270825,CAC2,
AT5G61420,AT3G49680,GRN_regulates,1,28906468,MYB28,
AT5G61420,AT4G13430,GRN_regulates,1,28906468,MYB28,
AT5G61420,AT5G23010,GRN_regulates,1,28906468,MYB28,MAM1
AT4G37790,AT1G11190,GRN_regulates,1,27697148,,ENDO1
AT4G37790,AT5G65310,GRN_regulates,1,27697148,,ATHB-5
AT4G37790,AT1G06160,GRN_represses,1,27697148,,ERF094
AT4G37790,AT1G70700,GRN_represses,1,27697148,,JAZ9
AT4G37790,AT4G18700,GRN_regulates,1,27697148,,CIPK12
AT5G20730,AT5G54190,GRN_represses,1,37152161,NPH4,
AT5G62000,AT5G13630,GRN_represses,1,37152161,,CHLH
AT5G20730,AT5G13630,GRN_represses,1,37152161,NPH4,CHLH
AT1G04240,AT1G58290,GRN_activates,1,37152161,SHY2,
AT3G23050,AT1G58290,GRN_activates,1,37152161,IAA7,
AT1G04240,AT5G13630,GRN_activates,1,37152161,SHY2,CHLH
AT3G23050,AT5G13630,GRN_activates,1,37152161,IAA7,CHLH
AT4G13260,AT5G13630,GRN_represses,1,37152161,,CHLH
AT5G25620,AT5G13630,GRN_represses,1,37152161,,CHLH
AT5G20730,AT4G14550,GRN_regulates,1,37152161,NPH4,
AT2G34710,AT3G63110,GRN_activates,1,25730098,,IPT3
AT4G37650,AT1G76540,GRN_regulates,1,20596025,,CDKB2-1
AT3G54220,AT1G76540,GRN_regulates,1,20596025,,CDKB2-1
AT1G76540,AT4G37650,GRN_regulates,1,20596025,CDKB2-1,
AT1G49540,AT1G73590,GRN_regulates,1,27583367,,PIN1
AT2G14610,AT4G21120,GRN_activates,1,30619420,PR1,
AT3G07360,AT3G24650,GRN_regulates,1,35147812,,ABI3
AT3G07360,AT2G36270,GRN_regulates,1,35147812,,ABI5
AT1G67230,AT2G36270,GRN_represses,1,33219233,,ABI5
AT1G31580,AT4G39400,GRN_represses,1,34157989,ECS1,
AT3G50500,AT5G46240,GRN_regulates,1,34157989,,KAT1
AT4G38510,AT3G54720,GRN_activates,1,35328570,,
AT4G14400,AT3G54720,GRN_activates,1,35328570,ACD6,
AT1G64280,AT1G22710,GRN_regulates,1,32187998,,SUC2
AT5G64810,AT1G64280,GRN_activates,1,32187998,WRKY51,
AT1G64280,AT5G64810,GRN_activates,1,32187998,,WRKY51
AT1G05560,AT1G64280,GRN_regulates,1,30592744,UGT1,
AT2G21045,AT2G14610,GRN_regulates,1,30239885,HAC1,PR1
AT2G21045,AT3G57260,GRN_regulates,1,30239885,HAC1,BGL2
AT2G13810,AT1G64280,GRN_activates,1,33871649,ALD1,
AT2G38470,AT3G18690,GRN_regulates,1,25859250,WRKY33,
AT2G38470,AT4G01370,GRN_regulates,1,25859250,WRKY33,
AT3G60800,AT3G52430,GRN_activates,1,26842807,,PAD4
AT3G60800,AT2G14610,GRN_activates,1,26842807,,PR1
AT1G64280,AT2G46830,GRN_regulates,1,26098366,,CCA1
AT1G80840,AT5G61380,GRN_regulates,1,26098366,WRKY40,
AT4G30972,AT2G06050,GRN_regulates,1,37807039,,OPR3
AT1G19050,AT4G16110,GRN_represses,1,30742656,ARR7,
AT5G58080,AT3G16857,GRN_regulates,1,30742656,ARR18,
AT4G16110,AT1G19050,GRN_activates,1,30742656,,ARR7
AT3G44680,AT3G52250,GRN_regulates,1,35923878,HDA9,
AT3G44680,AT5G11260,GRN_regulates,1,35923878,HDA9,
AT3G44680,AT2G25930,GRN_regulates,1,35923878,HDA9,
AT3G48090,AT5G13320,GRN_activates,1,35379074,,PBS3
AT3G52430,AT5G13320,GRN_activates,1,35379074,PAD4,PBS3
AT1G68050,AT5G57360,GRN_regulates,1,31617339,ADO3,
AT4G25490,AT5G61380,GRN_regulates,1,24954045,DREB1B,
AT5G01747,AT5G39610,GRN_represses,1,30065116,,NAC92
AT5G39610,AT2G46790,GRN_activates,1,30065116,NAC92,
AT2G43410,AT3G50480,GRN_regulates,1,33904405,,HR4
AT2G43410,AT5G58120,GRN_regulates,1,33904405,,
AT3G06620,AT3G14440,GRN_regulates,1,37276398,,NCED3
AT1G52830,AT3G62980,GRN_regulates,1,37370022,IAA6,
AT1G52830,AT3G26810,GRN_regulates,1,37370022,IAA6,
AT1G04250,AT3G26810,GRN_regulates,1,37370022,IAA17,
AT4G34160,AT5G53210,GRN_activates,1,35148836,CYCD3-1,
AT1G25490,AT1G73590,GRN_represses,1,34912354,,PIN1
AT1G69270,AT1G73590,GRN_regulates,1,24244845,,PIN1
AT5G17430,AT3G55560,GRN_activates,1,33947865,,AHL15
AT4G27330,AT3G04570,GRN_represses,1,35642455,,AHL19
AT3G55560,AT5G25900,GRN_represses,1,35642455,AHL15,
AT2G45660,AT3G55560,GRN_represses,1,35642455,SOC1,AHL15
AT5G18830,AT2G38080,GRN_regulates,1,35666865,,IRX12
AT1G25540,AT1G06160,GRN_activates,1,23299323,,ERF094
AT5G59710,AT3G01310,GRN_activates,1,23942522,,
AT4G19230,AT3G01310,GRN_represses,1,25093810,,
AT2G47015,AT1G08830,GRN_regulates,1,34135921,,CSD1
AT5G11260,AT1G61340,GRN_regulates,1,21106056,,
AT5G62480,AT1G78380,GRN_activates,1,32231125,GSTU9,
AT3G43800,AT1G78380,GRN_activates,1,32231125,GSTU27,
AT2G29460,AT1G78380,GRN_represses,1,32231125,GSTU4,
AT1G69930,AT1G78380,GRN_represses,1,32231125,GSTU11,
AT1G27140,AT1G17170,GRN_represses,1,32231125,,GSTU24
AT1G10370,AT1G78380,GRN_activates,1,32231125,GSTU17,
AT1G53680,AT1G17170,GRN_represses,1,32231125,,GSTU24
AT5G63580,AT2G43010,GRN_represses,1,37446209,FLS2,
AT4G39950,AT5G25620,GRN_activates,1,26314500,CYP79B2,
AT5G60410,AT3G45140,GRN_regulates,1,28419593,,LOX2
AT5G60410,AT5G42650,GRN_regulates,1,28419593,,CYP74A
AT5G60410,AT3G25760,GRN_regulates,1,28419593,,AOC1
AT4G24470,AT4G17300,GRN_regulates,1,32994171,ZIM,
AT1G21980,AT1G73590,GRN_activates,1,27242371,,PIN1
AT1G77740,AT1G73590,GRN_activates,1,27242371,,PIN1
AT5G20730,AT1G21980,GRN_activates,1,27242371,NPH4,
AT5G20730,AT1G77740,GRN_activates,1,27242371,NPH4,
AT1G70940,AT2G34650,GRN_regulates,1,27242371,PIN3,
AT5G56860,AT1G52890,GRN_regulates,1,30678241,,NAC019
AT4G24540,AT2G33810,GRN_activates,1,31665396,AGL24,SPL3
AT1G18370,AT1G09000,GRN_activates,1,35211139,KIN7A,
AT1G18370,AT1G54960,GRN_activates,1,35211139,KIN7A,
AT2G47040,AT5G56110,GRN_regulates,1,35211139,PME5,
AT1G67290,AT5G56110,GRN_regulates,1,35211139,GLOX1,
AT3G20630,AT3G54180,GRN_regulates,1,35234923,,CDKB1-1
AT3G20630,AT1G15570,GRN_regulates,1,35234923,,CYCA2-3
AT1G67090,AT3G54840,GRN_represses,1,28157156,RBCS-1A,
AT3G54840,AT5G45890,GRN_regulates,1,28157156,,SAG12
AT5G45890,AT3G48190,GRN_activates,1,33143308,SAG12,
AT1G77690,AT1G70940,GRN_activates,1,24150423,LAX3,PIN3
AT4G22880,AT5G52560,GRN_regulates,1,26734042,LDOX,
AT3G59220,AT4G01970,GRN_represses,1,24947605,PRN1,
AT1G47128,AT2G43120,GRN_activates,1,24947605,RD21A,
AT2G20570,AT1G58290,GRN_activates,1,25706562,GPRI1,
AT5G27420,AT2G20570,GRN_regulates,1,25706562,ATL31,GPRI1
AT3G05200,AT2G20570,GRN_regulates,1,25706562,,GPRI1
AT5G27420,AT1G58290,GRN_regulates,1,25706562,ATL31,
AT2G20570,AT4G02510,GRN_represses,1,34049482,GPRI1,
AT1G71030,AT2G20570,GRN_represses,1,34049482,ATMYBL2,GPRI1
AT2G20570,AT1G71030,GRN_regulates,1,34049482,GPRI1,ATMYBL2
AT2G20570,AT5G42800,GRN_activates,1,34049482,GPRI1,DFRA
AT2G20570,AT3G51240,GRN_activates,1,34049482,GPRI1,F3H
AT2G20570,AT4G22880,GRN_activates,1,34049482,GPRI1,LDOX
AT2G20570,AT5G54060,GRN_activates,1,34049482,GPRI1,
AT2G20570,AT3G16500,GRN_activates,1,34049482,GPRI1,
AT2G20570,AT4G09820,GRN_activates,1,34049482,GPRI1,TT8
AT1G71030,AT3G51240,GRN_represses,1,34049482,ATMYBL2,F3H
AT1G71030,AT5G54060,GRN_represses,1,34049482,ATMYBL2,
AT1G71030,AT3G16500,GRN_represses,1,34049482,ATMYBL2,
AT5G11260,AT3G30775,GRN_regulates,1,31921239,,POX1
AT2G27880,AT4G38810,GRN_regulates,1,34755870,AGO5,
AT3G43210,AT2G27880,GRN_activates,1,31138671,,AGO5
AT4G19170,AT5G17230,GRN_regulates,1,27811075,CCD4,PSY
AT3G21640,AT5G63580,GRN_activates,1,26808213,,FLS2
AT1G12110,AT1G19350,GRN_represses,1,36247555,NPF6.3,
AT1G19350,AT3G49940,GRN_represses,1,36247555,,LBD38
AT1G19350,AT4G37540,GRN_represses,1,36247555,,LBD39
AT3G53480,AT2G04550,GRN_represses,1,26147117,ABCG37,
AT1G30330,AT4G37900,GRN_activates,1,25653657,ARF6,GRDP2
AT5G37020,AT4G37900,GRN_activates,1,25653657,ARF8,GRDP2
AT2G38120,AT4G37900,GRN_activates,1,25653657,,GRDP2
AT1G30680,AT1G30330,GRN_regulates,1,26459056,,ARF6
AT1G30680,AT5G37020,GRN_regulates,1,26459056,,ARF8
AT1G77300,AT5G13240,GRN_regulates,1,25928034,EFS,
AT5G10240,AT1G77300,GRN_activates,1,25928034,ASN3,EFS
AT1G77300,AT1G68880,GRN_regulates,1,25928034,EFS,
AT2G20570,AT3G26900,GRN_represses,1,29515603,GPRI1,SKL1
AT5G44190,AT3G26900,GRN_represses,1,29515603,GLK2,SKL1
AT3G26740,AT3G26900,GRN_represses,1,29515603,CCL,SKL1
AT3G45780,AT3G26900,GRN_represses,1,29515603,,SKL1
AT5G64330,AT3G26900,GRN_represses,1,29515603,RPT3,SKL1
AT4G03320,AT3G26900,GRN_activates,1,29515603,TIC20-IV,SKL1
AT3G52720,AT3G26900,GRN_activates,1,29515603,,SKL1
AT4G39920,AT3G26900,GRN_represses,1,29515603,,SKL1
AT4G29140,AT3G26900,GRN_represses,1,29515603,,SKL1
AT1G02205,AT3G26900,GRN_represses,1,29515603,CER1,SKL1
AT5G65800,AT3G26900,GRN_represses,1,29515603,,SKL1
AT4G30290,AT3G26900,GRN_represses,1,29515603,XTH19,SKL1
AT1G65310,AT3G26900,GRN_represses,1,29515603,ATXTH17,SKL1
AT1G22370,AT3G26900,GRN_represses,1,29515603,,SKL1
AT1G78970,AT3G26900,GRN_represses,1,29515603,,SKL1
AT1G02850,AT3G26900,GRN_activates,1,29515603,BGLU11,SKL1
AT3G27690,AT3G26900,GRN_represses,1,29515603,LHCB2.4,SKL1
AT2G05100,AT3G26900,GRN_represses,1,29515603,LHCB2.1,SKL1
AT2G05070,AT3G26900,GRN_represses,1,29515603,LHCB2.2,SKL1
AT3G09440,AT3G26900,GRN_activates,1,29515603,,SKL1
AT4G14690,AT3G26900,GRN_activates,1,29515603,ELIP2,SKL1
AT4G19170,AT3G26900,GRN_represses,1,29515603,CCD4,SKL1
AT4G32280,AT3G26900,GRN_represses,1,29515603,IAA29,SKL1
AT3G15540,AT3G26900,GRN_represses,1,29515603,IAA19,SKL1
AT5G18000,AT4G09960,GRN_regulates,1,22031826,VDD,STK
AT4G02640,AT3G30775,GRN_regulates,1,18841482,,POX1
AT5G65700,AT4G27330,GRN_regulates,1,37511499,BAM1,
AT4G27330,AT5G65700,GRN_activates,1,37511499,,BAM1
AT1G13960,AT2G14610,GRN_represses,1,28611792,,PR1
AT5G54310,AT4G35600,GRN_represses,1,27818674,,CONNEXIN 32
AT3G51800,AT4G18780,GRN_regulates,1,26740571,ATG2,CESA8
AT3G51800,AT5G04200,GRN_represses,1,26740571,ATG2,AMC9
AT1G19350,AT5G13790,GRN_represses,1,35457060,,AGL15
AT2G47270,AT1G77800,GRN_regulates,1,32609718,UPB1,
AT2G47270,AT1G19350,GRN_regulates,1,32609718,UPB1,
AT1G75710,AT5G61650,GRN_represses,1,34615886,,
AT1G75710,AT3G60550,GRN_activates,1,34615886,,
AT1G75710,AT4G33430,GRN_regulates,1,34615886,,
AT1G75710,AT2G43790,GRN_regulates,1,34615886,,
AT1G06070,AT1G75710,GRN_regulates,1,34615886,,
AT3G50660,AT5G52640,GRN_represses,1,36359737,,HSP90-1
AT5G05690,AT5G52640,GRN_represses,1,36359737,CYP90A1,HSP90-1
AT5G05690,AT5G56030,GRN_represses,1,36359737,CYP90A1,
AT5G57560,AT5G52640,GRN_represses,1,36359737,XTH22,HSP90-1
AT5G57560,AT5G56030,GRN_represses,1,36359737,XTH22,
AT5G47670,AT4G28520,GRN_activates,1,35991420,NFYB6,CRC
AT5G47670,AT5G49190,GRN_activates,1,35991420,NFYB6,
AT1G29930,AT5G28840,GRN_represses,1,28871157,LHCB1.3,
AT1G29920,AT5G28840,GRN_represses,1,28871157,LHCB1.1,
AT2G29350,AT5G28840,GRN_activates,1,28871157,SAG13,
AT4G30270,AT5G28840,GRN_activates,1,28871157,XTH24,
AT3G08500,AT5G54690,GRN_regulates,1,25120548,MYB83,GAUT12
AT5G62380,AT5G54690,GRN_regulates,1,25120548,,GAUT12
AT3G16360,AT5G54690,GRN_regulates,1,25120548,,GAUT12
AT3G54340,AT4G27330,GRN_activates,1,22336428,AP3,
AT5G60910,AT4G27330,GRN_activates,1,22336428,AGL8,
AT5G60910,AT5G07280,GRN_activates,1,22336428,AGL8,EMS1
AT4G27330,AT5G07280,GRN_activates,1,22336428,,EMS1
AT5G07280,AT4G21330,GRN_activates,1,22336428,EMS1,
AT2G16910,AT5G07280,GRN_represses,1,22336428,,EMS1
AT1G53160,AT2G45660,GRN_activates,1,35596144,SPL4,SOC1
AT3G15270,AT2G45660,GRN_activates,1,35596144,,SOC1
AT5G61420,AT2G33810,GRN_represses,1,33371265,MYB28,SPL3
AT5G61420,AT2G42200,GRN_represses,1,33371265,MYB28,SPL9
AT5G60910,AT1G27370,GRN_activates,1,33371265,AGL8,
AT4G27330,AT1G73590,GRN_activates,1,25378179,,PIN1
AT2G42200,AT5G53950,GRN_activates,1,31817723,SPL9,
AT2G42200,AT1G76420,GRN_activates,1,31817723,SPL9,
AT3G04280,AT2G14610,GRN_activates,1,24244460,,PR1
AT3G04280,AT3G57260,GRN_represses,1,24244460,,BGL2
AT3G04280,AT3G48100,GRN_represses,1,24244460,,ARR5
AT3G04280,AT3G26520,GRN_activates,1,24244460,,TIP1-2
AT4G16110,AT3G57260,GRN_represses,1,24244460,,BGL2
AT1G44575,AT5G03730,GRN_represses,1,26630486,PSBS,
AT1G07890,AT5G59820,GRN_activates,1,37223787,APX1,ZAT12
AT5G59820,AT4G25490,GRN_represses,1,36880407,ZAT12,DREB1B
AT5G59010,AT3G14440,GRN_represses,1,35725364,,NCED3
AT1G75080,AT5G57560,GRN_regulates,1,34861048,,XTH22
AT5G60280,AT2G14610,GRN_represses,1,28722654,,PR1
AT5G60280,AT3G57260,GRN_represses,1,28722654,,BGL2
AT5G60280,AT1G75040,GRN_represses,1,28722654,,PR5
AT1G69810,AT5G51830,GRN_regulates,1,36833168,WRKY36,
AT2G35270,AT4G28520,GRN_regulates,1,19956801,,CRC
AT2G33860,AT1G73590,GRN_regulates,1,36923132,,PIN1
AT2G33860,AT1G70940,GRN_regulates,1,36923132,,PIN3
AT1G69690,AT4G32540,GRN_represses,1,36923132,TCP15,
AT3G55560,AT4G28520,GRN_activates,1,34828269,AHL15,CRC
AT2G33860,AT4G00180,GRN_activates,1,34828269,,YAB3
AT1G25330,AT4G28520,GRN_activates,1,34828269,,CRC
AT4G28520,AT5G11320,GRN_regulates,1,34828269,CRC,
AT4G16780,AT4G28520,GRN_regulates,1,34828269,,CRC
AT2G26580,AT4G28520,GRN_activates,1,34828269,,CRC
AT4G08150,AT4G28520,GRN_regulates,1,34828269,KNAT1,CRC
AT4G40060,AT4G28520,GRN_regulates,1,34828269,ATHB-16,CRC
AT2G33860,AT4G37800,GRN_regulates,1,29440299,,XTH7
AT5G02030,AT4G37800,GRN_regulates,1,29440299,,XTH7
AT4G37800,AT2G33860,GRN_regulates,1,29440299,XTH7,
AT4G37800,AT5G02030,GRN_regulates,1,29440299,XTH7,
AT2G34208,AT5G52310,GRN_regulates,1,26674968,,RD29A
AT2G34208,AT5G05410,GRN_regulates,1,26674968,,DREB2A
AT2G07040,AT4G38430,GRN_activates,1,24136420,PRK2,
AT5G23060,AT4G25490,GRN_regulates,1,29163623,CAS,DREB1B
AT5G23060,AT4G25470,GRN_regulates,1,29163623,CAS,DREB1C
AT5G23060,AT4G25480,GRN_regulates,1,29163623,CAS,
AT4G25470,AT4G31500,GRN_represses,1,28983312,DREB1C,CYP83B1
AT4G25480,AT4G31500,GRN_represses,1,28983312,,CYP83B1
AT4G25470,AT4G08790,GRN_represses,1,28983312,DREB1C,
AT4G25470,AT5G01240,GRN_represses,1,28983312,DREB1C,
AT4G25470,AT2G21050,GRN_represses,1,28983312,DREB1C,
AT4G25470,AT4G03400,GRN_represses,1,28983312,DREB1C,
AT5G56300,AT4G25480,GRN_activates,1,28983312,GAMT2,
AT4G25470,AT1G74520,GRN_activates,1,28983312,DREB1C,
AT4G25470,AT4G24960,GRN_activates,1,28983312,DREB1C,HVA22D
AT4G25480,AT4G24960,GRN_activates,1,28983312,,HVA22D
AT3G62030,AT3G05680,GRN_regulates,1,36460653,ROC4,
AT4G18370,AT3G05680,GRN_regulates,1,36460653,DEGP5,
AT2G30950,AT3G05680,GRN_regulates,1,36460653,VAR2,
AT4G28660,AT3G05680,GRN_regulates,1,36460653,PSB28,
AT1G17745,AT4G05320,GRN_regulates,1,33779763,PGDH,
AT4G34990,AT2G39700,GRN_regulates,1,33578704,,EXPA4
AT4G26930,AT2G39700,GRN_regulates,1,33578704,,EXPA4
AT2G32460,AT2G39700,GRN_regulates,1,33578704,MYB101,EXPA4
AT2G32460,AT3G60570,GRN_regulates,1,33578704,MYB101,
AT5G55020,AT2G39700,GRN_regulates,1,33578704,,EXPA4
AT1G25580,AT1G24520,GRN_regulates,1,36578335,,BCP1
AT1G28130,AT1G70560,GRN_represses,1,27249562,GH3.17,
AT2G47750,AT1G70560,GRN_represses,1,27249562,GH3.9,
AT1G71930,AT1G20850,GRN_regulates,1,33267872,,XCP2
AT1G66340,AT4G26200,GRN_represses,1,29270180,,ACS7
AT5G02760,AT5G45890,GRN_represses,1,29270180,,SAG12
AT5G02760,AT2G35110,GRN_represses,1,29270180,,
AT4G39800,AT2G34208,GRN_represses,1,20520764,IPS1,
AT1G22710,AT1G26790,GRN_regulates,1,35958204,SUC2,
AT3G03710,AT2G39730,GRN_regulates,1,33396438,,RCA
AT2G27150,AT3G54340,GRN_regulates,1,34063046,,AP3
AT1G79680,AT2G36270,GRN_activates,1,34063046,WAKL10,ABI5
AT1G79680,AT1G69530,GRN_represses,1,34063046,WAKL10,ATEXPA1
AT1G79680,AT3G29030,GRN_represses,1,34063046,WAKL10,EXPA5
AT1G79680,AT2G28950,GRN_represses,1,34063046,WAKL10,EXPA6
AT1G79680,AT2G40610,GRN_represses,1,34063046,WAKL10,EXPA8
AT1G79680,AT1G26770,GRN_represses,1,34063046,WAKL10,ATEXPA10
AT1G79680,AT1G20190,GRN_represses,1,34063046,WAKL10,EXPA11
AT1G79680,AT4G28250,GRN_represses,1,34063046,WAKL10,EXPB3
AT1G79680,AT2G46400,GRN_represses,1,34063046,WAKL10,WRKY46
AT1G79680,AT3G01970,GRN_activates,1,34063046,WAKL10,WRKY45
AT1G79680,AT4G01250,GRN_represses,1,34063046,WAKL10,
AT1G79680,AT5G64810,GRN_activates,1,34063046,WAKL10,WRKY51
AT2G01980,AT1G35720,GRN_represses,1,27135239,,ANN1
ATCG00490,AT1G14410,GRN_represses,1,30065159,RBCL,
AT1G31173,AT1G30330,GRN_regulates,1,19210792,,ARF6
AT1G31173,AT5G37020,GRN_regulates,1,19210792,,ARF8
AT1G66783,AT2G33810,GRN_regulates,1,19210792,,SPL3
AT1G66783,AT1G53160,GRN_regulates,1,19210792,,SPL4
AT4G14400,AT5G63580,GRN_regulates,1,26442718,ACD6,FLS2
AT4G14400,AT3G21630,GRN_regulates,1,26442718,ACD6,
AT4G35890,AT5G45890,GRN_activates,1,25944928,,SAG12
AT4G35890,AT2G29350,GRN_activates,1,25944928,,SAG13
AT5G64570,AT3G25800,GRN_activates,1,35485198,BXL4,
AT5G64570,AT3G26830,GRN_activates,1,35485198,BXL4,CYP71B15
AT2G44745,AT2G14610,GRN_regulates,1,36560786,WRKY12,PR1
AT1G75040,AT5G15410,GRN_activates,1,20500828,PR5,
AT3G57260,AT1G74710,GRN_activates,1,20500828,BGL2,
AT3G57260,AT1G64280,GRN_activates,1,20500828,BGL2,
AT5G16490,AT3G51300,GRN_regulates,1,25295042,,ARAC11
AT1G04450,AT3G51300,GRN_regulates,1,25295042,RIC3,ARAC11
AT5G65890,AT1G76990,GRN_regulates,1,34778748,,ACR3
AT1G11000,AT2G41100,GRN_regulates,1,34073116,MLO4,CML12
AT3G44750,AT4G00885,GRN_regulates,1,31337083,HDT1,
AT5G22650,AT4G00885,GRN_regulates,1,31337083,HDT2,
AT2G37040,AT3G44750,GRN_activates,1,31337083,PAL1,HDT1
AT5G01040,AT3G44750,GRN_activates,1,31337083,LAC8,HDT1
AT5G03170,AT3G44750,GRN_activates,1,31337083,FLA11,HDT1
AT5G60490,AT3G44750,GRN_activates,1,31337083,FLA12,HDT1
AT5G07310,AT3G44750,GRN_activates,1,31337083,,HDT1
AT3G25800,AT3G44750,GRN_represses,1,31337083,,HDT1
AT4G21200,AT3G44750,GRN_activates,1,31337083,,HDT1
AT3G48090,ATMG00290,GRN_regulates,1,20617163,,RPS4
AT3G60600,AT1G44575,GRN_regulates,1,25500833,,PSBS
AT2G38470,AT4G18780,GRN_represses,1,35720609,WRKY33,CESA8
AT5G53450,AT1G49720,GRN_regulates,1,33922967,PAP14,
AT5G53450,AT4G25490,GRN_regulates,1,33922967,PAP14,DREB1B
AT3G55370,AT5G53450,GRN_regulates,1,33922967,,PAP14
AT1G34190,AT1G69490,GRN_regulates,1,36232478,,NAC029
AT1G34190,AT3G29035,GRN_regulates,1,36232478,,NAC59
AT1G77120,AT1G34190,GRN_represses,1,36232478,ADH1,
AT2G47520,AT5G02310,GRN_activates,1,36232478,ERF071,
AT4G37370,AT5G02310,GRN_represses,1,36232478,CYP81D8,
AT3G16770,AT2G38310,GRN_represses,1,32052059,RAP2-3,
AT3G16770,AT3G45140,GRN_represses,1,32052059,RAP2-3,LOX2
AT3G16770,AT3G25770,GRN_represses,1,32052059,RAP2-3,AOC2
AT3G16770,AT1G76680,GRN_represses,1,32052059,RAP2-3,
AT3G16770,AT2G46370,GRN_represses,1,32052059,RAP2-3,
AT2G46370,AT3G16770,GRN_regulates,1,32052059,,RAP2-3
AT3G16770,AT1G72520,GRN_activates,1,32052059,RAP2-3,LOX4
AT3G16770,AT3G25760,GRN_activates,1,32052059,RAP2-3,AOC1
AT3G16770,AT1G19180,GRN_activates,1,32052059,RAP2-3,
AT3G16770,AT1G72450,GRN_activates,1,32052059,RAP2-3,TIFY11B
AT3G16770,AT1G32640,GRN_activates,1,32052059,RAP2-3,MYC2
AT1G72520,AT3G16770,GRN_regulates,1,32052059,LOX4,RAP2-3
AT3G25760,AT3G16770,GRN_regulates,1,32052059,AOC1,RAP2-3
AT1G72450,AT3G16770,GRN_regulates,1,32052059,TIFY11B,RAP2-3
AT3G16770,AT5G66880,GRN_represses,1,32052059,RAP2-3,
AT1G72360,AT1G77120,GRN_activates,1,33113884,,ADH1
AT5G02310,AT3G60890,GRN_regulates,1,33113884,,ZPR2
AT5G02310,AT1G77120,GRN_activates,1,33113884,,ADH1
AT5G02310,AT5G05410,GRN_represses,1,33113884,,DREB2A
AT1G04240,AT4G14560,GRN_regulates,1,19213814,SHY2,IAA1
AT1G04240,AT5G43700,GRN_regulates,1,19213814,SHY2,IAA4
AT1G04240,AT1G04250,GRN_regulates,1,19213814,SHY2,IAA17
AT5G37020,AT1G04240,GRN_regulates,1,19213814,ARF8,SHY2
AT3G54320,AT2G22660,GRN_activates,1,26253704,,GRDP1
AT5G15530,AT3G54320,GRN_regulates,1,33777087,BCCP2,
AT3G19040,AT5G61380,GRN_regulates,1,28690840,TAF1,
AT4G38130,AT5G61380,GRN_regulates,1,28690840,HDA19,
AT3G19040,AT2G46830,GRN_regulates,1,28690840,TAF1,CCA1
AT5G62470,AT2G46830,GRN_regulates,1,26725725,MYB96,CCA1
AT5G61380,AT5G25610,GRN_activates,1,26725725,,RD22
AT2G46830,AT5G62470,GRN_regulates,1,26725725,CCA1,MYB96
AT1G14120,AT2G46830,GRN_activates,1,26144255,,CCA1
AT3G54340,AT1G14700,GRN_represses,1,37789410,AP3,
ATCG00150,AT1G14700,GRN_represses,1,37789410,ATPI,
AT5G60910,AT1G14700,GRN_activates,1,37789410,AGL8,
AT1G69490,AT1G45249,GRN_represses,1,33711917,NAC029,ABF2
AT1G69490,AT4G18350,GRN_regulates,1,33081330,NAC029,NCED2
AT1G69490,AT1G16540,GRN_regulates,1,33081330,NAC029,
AT4G27410,AT1G52890,GRN_activates,1,34361053,RD26,NAC019
AT4G27410,AT3G15500,GRN_activates,1,34361053,RD26,NAC055
AT4G27410,AT3G29035,GRN_activates,1,34361053,RD26,NAC59
AT3G11430,AT3G43300,GRN_represses,1,32756392,GPAT5,
AT3G61250,AT3G43300,GRN_represses,1,32756392,AtMYB17,
AT1G56650,AT3G43300,GRN_represses,1,32756392,MYB75,
AT5G59310,AT3G43300,GRN_represses,1,32756392,LTP4,
AT5G59320,AT3G43300,GRN_represses,1,32756392,LTP3,
AT3G08770,AT3G43300,GRN_represses,1,32756392,LTP6,
AT2G38530,AT3G43300,GRN_represses,1,32756392,LTP2,
AT3G22600,AT3G43300,GRN_represses,1,32756392,,
AT5G41040,AT3G43300,GRN_represses,1,32756392,HHT1,
AT3G20770,AT5G59220,GRN_regulates,1,29891679,,SAG113
AT5G59220,AT2G38530,GRN_activates,1,29891679,SAG113,LTP2
AT5G39610,AT2G38530,GRN_activates,1,29891679,NAC92,LTP2
AT4G28590,AT3G15540,GRN_activates,1,33824329,,IAA19
AT4G28590,AT4G32280,GRN_activates,1,33824329,,IAA29
AT2G43010,AT5G24470,GRN_represses,1,33824329,,APRR5
AT5G04340,AT3G27920,GRN_activates,1,24279910,ZAT6,
AT1G75840,AT2G33460,GRN_activates,1,19818614,,RIC1
AT1G15690,AT5G25610,GRN_activates,1,32902115,,RD22
AT1G15690,AT3G14440,GRN_activates,1,32902115,,NCED3
AT1G15690,AT5G66400,GRN_activates,1,32902115,,RAB18
AT1G15690,AT4G18780,GRN_activates,1,32902115,,CESA8
AT1G15690,AT5G65730,GRN_activates,1,32902115,,XTH6
AT1G15690,AT1G73590,GRN_regulates,1,32902115,,PIN1
AT4G12570,AT1G54690,GRN_regulates,1,35628561,,HTA3
AT3G54890,AT5G20070,GRN_activates,1,27874073,LHCA1,
AT2G14610,AT5G20070,GRN_activates,1,27874073,PR1,
AT3G57260,AT5G20070,GRN_activates,1,27874073,BGL2,
AT1G73805,AT5G20070,GRN_activates,1,27874073,SARD1,
AT5G22570,AT5G20070,GRN_activates,1,27874073,WRKY38,
AT5G20070,AT2G14610,GRN_activates,1,27874073,,PR1
AT5G20070,AT3G57260,GRN_activates,1,27874073,,BGL2
AT4G21960,AT3G19160,GRN_represses,1,26635831,PER42,
AT5G58600,AT2G46830,GRN_regulates,1,38003546,,CCA1
AT3G62960,AT1G08090,GRN_activates,1,32005881,GRXC14,
AT2G01180,AT1G02930,GRN_regulates,1,30483292,,GSTF6
AT1G09570,AT1G10370,GRN_regulates,1,26327625,,GSTU17
AT5G03260,AT1G32770,GRN_regulates,1,32377350,LAC11,NAC012
AT5G03260,AT1G71930,GRN_regulates,1,32377350,LAC11,
AT2G33800,AT5G13160,GRN_regulates,1,33924988,RPS5,
AT1G68830,AT3G27690,GRN_activates,1,33269435,,LHCB2.4
AT1G68830,AT3G08940,GRN_activates,1,33269435,,LHCB4.2
AT1G68830,AT3G47470,GRN_activates,1,33269435,,LHCA4
AT2G29890,AT4G25590,GRN_represses,1,36095000,,ADF7
AT5G51060,AT4G25590,GRN_represses,1,36095000,,ADF7
AT1G08920,AT1G75220,GRN_represses,1,34484269,ESL1,
AT5G52310,AT1G15480,GRN_represses,1,32397956,RD29A,
AT5G25980,AT1G15480,GRN_represses,1,32397956,TGG2,
AT2G38470,AT1G15480,GRN_regulates,1,32397956,WRKY33,
AT2G30250,AT1G15480,GRN_regulates,1,32397956,WRKY25,
AT1G18570,AT1G15480,GRN_regulates,1,32397956,MYB51,
AT3G22370,AT1G15480,GRN_represses,1,32397956,AOX1A,
AT1G32350,AT1G15480,GRN_activates,1,32397956,AOX3,
AT3G54230,AT5G45830,GRN_regulates,1,26684465,SUA,
AT1G63490,AT1G80840,GRN_regulates,1,35548305,,WRKY40
AT1G63490,AT2G36270,GRN_regulates,1,35548305,,ABI5
AT5G11530,AT4G37930,GRN_regulates,1,22457632,,SHM1
AT5G11530,AT4G08150,GRN_regulates,1,22457632,,KNAT1
AT4G23810,AT3G01840,GRN_represses,1,29326741,WRKY53,
AT2G36100,AT5G42180,GRN_regulates,1,25233277,CASP1,PER64
AT1G15080,AT4G16590,GRN_activates,1,24180234,,ATCSLA01
AT1G15080,AT2G15620,GRN_represses,1,24180234,,NIR1
AT1G15080,AT1G64780,GRN_activates,1,24180234,,AMT1-2
AT4G22200,AT3G62300,GRN_represses,1,24180234,AKT2,
AT1G15080,AT5G42800,GRN_activates,1,24180234,,DFRA
AT5G64900,AT5G51830,GRN_activates,1,32032516,PEP1,
AT5G10540,AT2G47190,GRN_activates,1,34769330,,ATMYB2
AT1G02900,AT3G13920,GRN_activates,1,30339663,RALF1,EIF4A1
AT4G36110,AT3G51550,GRN_activates,1,30339663,,
AT3G23240,AT3G51800,GRN_activates,1,30339663,,ATG2
AT4G36110,AT3G51800,GRN_activates,1,30339663,,ATG2
AT3G51800,AT4G29740,GRN_regulates,1,30339663,ATG2,
AT1G02900,AT1G71830,GRN_represses,1,29028796,RALF1,
AT1G02900,AT1G34210,GRN_represses,1,29028796,RALF1,
AT1G02900,AT2G13790,GRN_represses,1,29028796,RALF1,SERK4
AT4G19180,AT1G02900,GRN_regulates,1,38190412,,RALF1
AT1G02900,AT5G13240,GRN_regulates,1,31948398,RALF1,
AT1G02900,AT5G65050,GRN_regulates,1,31948398,RALF1,
AT1G02900,AT5G65060,GRN_regulates,1,31948398,RALF1,
AT4G28520,AT2G17950,GRN_regulates,1,35170044,CRC,
AT3G28917,AT2G17950,GRN_represses,1,35170044,MIF2,
AT3G49380,AT1G19850,GRN_regulates,1,37577396,,ARF5
AT2G46790,AT5G46700,GRN_regulates,1,29066759,,TRN2
AT4G34000,AT5G13800,GRN_activates,1,34579353,,PPH
AT3G19290,AT5G13800,GRN_activates,1,34579353,,PPH
AT2G36270,AT3G44880,GRN_activates,1,34579353,ABI5,
AT1G32640,AT5G13800,GRN_activates,1,34579353,MYC2,PPH
AT1G32640,AT3G44880,GRN_activates,1,34579353,MYC2,
AT5G46760,AT4G13250,GRN_activates,1,34579353,,NYC1
AT5G46760,AT5G13800,GRN_activates,1,34579353,,PPH
AT4G17880,AT4G13250,GRN_activates,1,34579353,,NYC1
AT4G17880,AT5G13800,GRN_activates,1,34579353,,PPH
AT2G29760,ATCG00160,GRN_regulates,1,36227729,,RPS2
AT2G29760,ATCG00040,GRN_regulates,1,36227729,,MATK
AT2G29760,ATCG00540,GRN_represses,1,36227729,,PETA
AT4G17750,AT4G36990,GRN_regulates,1,22570631,,HSFB1
AT3G17510,AT1G01140,GRN_activates,1,32484219,,CIPK9
AT2G25090,AT2G26650,GRN_activates,1,32484219,,AKT1
AT4G37490,AT3G12280,GRN_activates,1,28320735,CYCB1-1,
AT2G06050,AT1G06230,GRN_represses,1,36372880,OPR3,GTE4
AT1G06230,AT1G68550,GRN_regulates,1,36372880,GTE4,
AT1G06230,AT1G20910,GRN_regulates,1,36372880,GTE4,
AT1G06230,AT1G72740,GRN_regulates,1,36372880,GTE4,
AT1G06230,AT1G49950,GRN_regulates,1,36372880,GTE4,TRB1
AT5G60910,AT3G57920,GRN_activates,1,33529186,AGL8,
AT5G04510,AT2G07040,GRN_activates,1,23162562,,PRK2
AT5G11260,AT5G07990,GRN_regulates,1,27586417,,CYP75B1
AT5G11260,AT1G79130,GRN_regulates,1,34135347,,SAUR40
AT5G11260,AT1G32640,GRN_represses,1,35111179,,MYC2
AT5G11260,AT3G48740,GRN_activates,1,35111179,,SWEET11
AT5G11260,AT5G23660,GRN_activates,1,35111179,,SWEET12
AT5G11260,AT3G07650,GRN_activates,1,35111179,,COL9
AT1G06180,AT5G13930,GRN_activates,1,37676395,,CHS
AT1G06180,AT5G08640,GRN_activates,1,37676395,,FLS1
AT5G11260,AT5G08640,GRN_activates,1,27543604,,FLS1
AT5G11260,AT3G17040,GRN_activates,1,29915080,,HCF107
AT5G11260,AT5G05690,GRN_regulates,1,37676614,,CYP90A1
AT5G11260,AT1G29910,GRN_activates,1,32187694,,LHCB1.1
AT5G11260,AT1G67090,GRN_activates,1,32187694,,RBCS-1A
AT5G11260,AT2G21140,GRN_represses,1,32187694,,PRP2
AT4G28520,AT2G32950,GRN_represses,1,32187694,CRC,
AT3G51810,AT2G32950,GRN_represses,1,32187694,EM1,
AT2G40170,AT2G32950,GRN_represses,1,32187694,EM6,
AT3G17520,AT2G32950,GRN_represses,1,32187694,,
AT3G15670,AT2G32950,GRN_represses,1,32187694,LEA29,
AT2G42560,AT2G32950,GRN_represses,1,32187694,,
AT5G13930,AT2G32950,GRN_regulates,1,32187694,CHS,
AT1G75080,AT1G26945,GRN_regulates,1,33990595,,PRE6
AT5G60410,AT3G56400,GRN_regulates,1,36226276,,WRKY70
AT2G42540,AT4G29040,GRN_activates,1,22615900,COR15A,
AT3G45640,AT1G55020,GRN_activates,1,25642235,,LOX1
AT2G43790,AT1G55020,GRN_activates,1,25642235,,LOX1
AT5G01600,AT5G57560,GRN_activates,1,23682113,,XTH22
AT5G01600,AT1G08430,GRN_activates,1,23682113,,ALMT1
ATCG00500,AT5G01600,GRN_activates,1,23682113,ACCD,
ATCG00050,AT5G01600,GRN_activates,1,23682113,RPS16,
AT5G60490,AT5G01600,GRN_represses,1,23682113,FLA12,
AT3G20470,AT5G01600,GRN_represses,1,23682113,GRP5,
AT1G12110,AT5G01600,GRN_activates,1,23682113,NPF6.3,
AT3G54560,AT5G66750,GRN_represses,1,37566662,H2AV,
AT3G56400,AT5G49160,GRN_activates,1,37147734,WRKY70,
AT3G13380,AT5G13080,GRN_activates,1,37147734,,WRKY75
AT5G47770,AT5G27450,GRN_regulates,1,35064110,FPS1,
AT3G53260,AT4G34050,GRN_activates,1,31073332,,CCoAOMT1
AT2G18790,AT2G14610,GRN_regulates,1,29180698,,PR1
AT1G64280,AT2G13810,GRN_activates,1,29180698,,ALD1
AT2G34710,AT5G43810,GRN_activates,1,23935517,,AGO10
AT4G37460,AT5G24770,GRN_activates,1,34204013,,VSP2
ATMG00290,AT5G45260,GRN_represses,1,28475615,RPS4,
AT2G42010,AT2G14610,GRN_activates,1,23577648,,PR1
AT5G17220,AT4G09820,GRN_regulates,1,31637846,GSTF12,TT8
AT1G17260,AT4G09820,GRN_regulates,1,31637846,,TT8
AT4G33150,AT1G80680,GRN_represses,1,33408726,,
AT2G25180,AT1G28130,GRN_regulates,1,33946960,,GH3.17
AT3G56400,AT1G14920,GRN_represses,1,25084837,WRKY70,
AT3G22370,AT1G14920,GRN_represses,1,25084837,AOX1A,
AT2G39800,AT3G15500,GRN_represses,1,29253181,,NAC055
AT3G15500,AT4G31120,GRN_represses,1,29253181,NAC055,
AT1G52890,AT4G31120,GRN_represses,1,29253181,NAC019,
AT4G27410,AT4G31120,GRN_represses,1,29253181,RD26,
AT1G68880,AT5G39610,GRN_activates,1,32732458,,NAC92
AT5G24470,AT4G16780,GRN_represses,1,23333981,APRR5,
AT2G40610,AT2G43010,GRN_represses,1,28041792,EXPA8,
AT2G14610,AT2G43010,GRN_activates,1,28041792,PR1,
AT1G75040,AT2G43010,GRN_activates,1,28041792,PR5,
AT5G13320,AT2G43010,GRN_activates,1,28041792,PBS3,
AT2G42870,AT3G59060,GRN_regulates,1,27432188,,PIF5
AT4G32280,AT5G20730,GRN_represses,1,27432188,IAA29,NPH4
AT3G59060,AT3G15540,GRN_regulates,1,27432188,PIF5,IAA19
AT2G43010,AT5G18020,GRN_regulates,1,37922351,,SAUR20
AT2G43010,AT4G25810,GRN_regulates,1,37922351,,XTH23
AT2G43010,AT5G07010,GRN_regulates,1,37922351,,SOT15
AT2G43010,AT1G47510,GRN_regulates,1,37922351,,IP5P11
AT2G28840,AT3G15540,GRN_regulates,1,33962946,,IAA19
AT2G43010,AT5G18050,GRN_activates,1,31705802,,SAUR22
AT5G61270,AT5G18050,GRN_activates,1,31705802,,SAUR22
AT2G43010,AT5G05690,GRN_regulates,1,31705802,,CYP90A1
AT5G61270,AT5G05690,GRN_regulates,1,31705802,,CYP90A1
AT1G69120,AT2G22370,GRN_represses,1,23326539,AP1,
AT5G64900,AT5G10140,GRN_represses,1,25030056,PEP1,
AT1G32770,AT4G18780,GRN_activates,1,26178734,NAC012,CESA8
AT1G02250,AT5G44030,GRN_activates,1,26178734,,CESA4
AT1G02250,AT4G18780,GRN_activates,1,26178734,,CESA8
AT1G02250,AT1G62990,GRN_represses,1,26178734,,KNAT7
AT4G36990,AT2G26150,GRN_represses,1,36704159,HSFB1,
AT4G36990,AT3G51910,GRN_represses,1,36704159,HSFB1,HSFA7A
AT4G36990,AT4G11660,GRN_represses,1,36704159,HSFB1,
AT3G57260,AT1G75040,GRN_activates,1,34828320,BGL2,PR5
AT1G64970,AT4G38460,GRN_represses,1,33050099,VTE4,
AT5G48380,AT2G27040,GRN_activates,1,31111491,,AGO4
AT5G48380,AT2G14610,GRN_activates,1,31111491,,PR1
AT5G48380,AT3G04720,GRN_activates,1,31111491,,HEL
AT5G48380,AT3G26830,GRN_activates,1,31111491,,CYP71B15
AT3G52430,AT5G48380,GRN_represses,1,35806456,PAD4,
AT5G48380,AT4G16890,GRN_represses,1,35806456,,SNC1
AT2G26040,AT5G52310,GRN_regulates,1,29084945,,RD29A
AT5G25110,AT1G72360,GRN_activates,1,32053194,CIPK25,
AT5G25110,AT2G47520,GRN_activates,1,32053194,CIPK25,ERF071
AT5G25110,AT1G53910,GRN_regulates,1,32053194,CIPK25,
AT5G25110,AT2G26650,GRN_activates,1,32053194,CIPK25,AKT1
AT5G14740,AT5G25110,GRN_regulates,1,32053194,,CIPK25
AT5G37020,AT1G68840,GRN_activates,1,21589905,ARF8,RAV2
AT2G14610,AT3G03300,GRN_activates,1,35891562,PR1,
AT3G57260,AT3G03300,GRN_activates,1,35891562,BGL2,
AT1G75040,AT3G03300,GRN_activates,1,35891562,PR5,
AT2G43820,AT1G75950,GRN_represses,1,20856808,UGT74F2,
AT5G47220,AT1G32640,GRN_activates,1,21595873,ERF2,MYC2
AT1G44575,AT3G22840,GRN_activates,1,19171025,PSBS,ELIP1
AT5G24470,AT1G69570,GRN_regulates,1,25534513,APRR5,
AT5G23240,AT1G79840,GRN_represses,1,25339971,DJC76,
AT5G23240,AT5G41315,GRN_activates,1,25339971,DJC76,
AT5G23240,AT2G37260,GRN_activates,1,25339971,DJC76,
AT5G23240,AT3G54220,GRN_activates,1,25339971,DJC76,
AT5G23240,AT2G46410,GRN_represses,1,25339971,DJC76,
AT5G23240,AT4G37650,GRN_represses,1,25339971,DJC76,
AT1G67980,AT5G05980,GRN_represses,1,26697113,CCOAMT,
AT1G56170,AT1G54830,GRN_regulates,1,29246163,NFYC2,
AT2G39840,AT3G59060,GRN_regulates,1,36186070,,PIF5
AT1G18890,AT5G66190,GRN_regulates,1,37786281,,LFNR1
AT1G74740,AT5G66190,GRN_regulates,1,37786281,,LFNR1
AT3G57530,AT5G66190,GRN_regulates,1,37786281,,LFNR1
AT1G18890,AT1G20020,GRN_regulates,1,37786281,,LFNR2
AT1G74740,AT1G20020,GRN_regulates,1,37786281,,LFNR2
AT3G57530,AT1G20020,GRN_regulates,1,37786281,,LFNR2
AT4G24470,AT5G46760,GRN_represses,1,30555515,ZIM,
AT4G24470,AT4G17880,GRN_represses,1,30555515,ZIM,
AT4G24470,AT5G46830,GRN_represses,1,30555515,ZIM,
AT2G46680,AT3G55990,GRN_activates,1,21073700,ATHB-7,ESK1
AT3G61890,AT3G55990,GRN_activates,1,21073700,ATHB-12,ESK1
AT1G79680,AT2G46370,GRN_activates,1,29497409,WAKL10,
AT5G53190,AT2G46370,GRN_activates,1,29497409,SWEET3,
AT3G48740,AT2G46370,GRN_represses,1,29497409,SWEET11,
AT1G80840,AT5G47220,GRN_regulates,1,23293646,WRKY40,ERF2
AT1G52340,AT5G17230,GRN_activates,1,21595952,,PSY
AT4G19230,AT5G17230,GRN_activates,1,21595952,,PSY
AT1G09570,AT5G17230,GRN_regulates,1,21595952,,PSY
AT1G45249,AT5G63630,GRN_represses,1,35003193,ABF2,
AT5G63630,AT5G07200,GRN_regulates,1,35003193,,GA20OX3
AT1G09530,AT3G54890,GRN_regulates,1,19745808,,LHCA1
AT5G45110,AT2G40750,GRN_activates,1,23815736,,WRKY54
AT5G45110,AT3G56400,GRN_activates,1,23815736,,WRKY70
AT4G19660,AT2G40750,GRN_activates,1,23815736,,WRKY54
AT4G19660,AT3G56400,GRN_activates,1,23815736,,WRKY70
AT3G52450,AT3G25250,GRN_activates,1,32268496,PUB22,OXI1
AT2G35930,AT3G25250,GRN_activates,1,32268496,PUB23,OXI1
AT3G11840,AT3G25250,GRN_activates,1,32268496,PUB24,OXI1
AT3G52450,AT4G23550,GRN_activates,1,32268496,PUB22,
AT2G35930,AT4G23550,GRN_activates,1,32268496,PUB23,
AT3G11840,AT4G23550,GRN_activates,1,32268496,PUB24,
AT5G51780,AT1G77120,GRN_regulates,1,17764576,,ADH1
AT1G55270,AT5G57800,GRN_regulates,1,34764971,,CER3
AT5G57800,AT5G66070,GRN_regulates,1,34764971,CER3,
AT3G28910,AT1G02205,GRN_regulates,1,34764971,,CER1
AT3G47600,AT5G57800,GRN_regulates,1,34764971,,CER3
AT5G07580,AT1G02205,GRN_regulates,1,34764971,ERF106,CER1
AT5G07580,AT5G57800,GRN_regulates,1,34764971,ERF106,CER3
AT4G16860,AT4G18780,GRN_regulates,1,23048131,RPP4,CESA8
AT2G33810,AT2G27250,GRN_regulates,1,36340404,SPL3,
AT1G62990,AT4G18780,GRN_activates,1,34795688,KNAT7,CESA8
AT1G16410,AT2G22370,GRN_activates,1,28640868,CYP79F1,
AT5G06500,AT2G45650,GRN_activates,1,33066688,,AGL6
AT5G06500,AT2G45660,GRN_activates,1,33066688,,SOC1
AT4G34530,AT1G68050,GRN_regulates,1,25684830,BHLH63,ADO3
AT5G60910,AT4G09960,GRN_represses,1,20144217,AGL8,STK
AT5G02030,AT4G09960,GRN_represses,1,20144217,,STK
AT5G24470,AT5G62430,GRN_represses,1,25346271,APRR5,
AT2G46830,AT5G47390,GRN_regulates,1,25346271,CCA1,
AT2G20610,AT1G32640,GRN_represses,1,24098147,SUR1,MYC2
AT1G01120,AT4G35450,GRN_represses,1,31350932,KCS1,AKR2
AT1G69530,AT4G35450,GRN_activates,1,31350932,ATEXPA1,AKR2
AT1G75780,AT4G35450,GRN_activates,1,31350932,,AKR2
AT2G37620,AT4G35450,GRN_activates,1,31350932,,AKR2
AT1G68530,AT4G35450,GRN_activates,1,31350932,CUT1,AKR2
AT4G36480,AT4G35450,GRN_activates,1,31350932,,AKR2
AT5G58230,AT3G44750,GRN_regulates,1,25398003,,HDT1
AT4G08920,AT2G28550,GRN_activates,1,36681863,,RAP2.7
AT5G24770,AT3G16500,GRN_activates,1,18601751,VSP2,
AT5G05270,AT3G16500,GRN_activates,1,18601751,CHI3,
AT3G16500,AT5G08640,GRN_regulates,1,35873979,,FLS1
AT3G62610,AT5G42800,GRN_regulates,1,35873979,,DFRA
AT4G09820,AT5G08640,GRN_regulates,1,35873979,TT8,FLS1
AT1G30680,AT2G29130,GRN_regulates,1,19951405,,LAC2
AT1G30680,AT5G60020,GRN_regulates,1,19951405,,LAC17
AT1G30680,AT2G38080,GRN_regulates,1,19951405,,IRX12
AT1G30680,AT3G09220,GRN_regulates,1,19951405,,LAC7
AT3G59060,AT1G75080,GRN_regulates,1,29513366,PIF5,
AT1G75080,AT3G59060,GRN_regulates,1,29513366,,PIF5
AT3G59060,AT5G17300,GRN_regulates,1,29513366,PIF5,
AT2G36270,AT2G46680,GRN_activates,1,37108512,ABI5,ATHB-7
AT1G51140,AT3G02310,GRN_regulates,1,37108512,,SEP2
AT2G36270,AT4G33150,GRN_regulates,1,37108512,ABI5,
AT3G09600,AT3G48990,GRN_regulates,1,37108512,RVE8,
AT3G09600,AT3G21890,GRN_regulates,1,37108512,RVE8,
AT3G09600,AT4G34890,GRN_regulates,1,37108512,RVE8,
AT4G17750,AT2G27380,GRN_regulates,1,28893714,,EPR1
AT4G17750,AT3G54560,GRN_regulates,1,28893714,,H2AV
AT3G50820,AT3G01480,GRN_represses,1,26483802,PSBO2,CYP38
AT3G14385,AT3G59770,GRN_regulates,1,31623174,,SAC9
AT1G20375,AT5G36170,GRN_regulates,1,31623174,,PRFB1
AT3G59410,AT3G08940,GRN_represses,1,25603772,,LHCB4.2
AT3G59410,AT5G36120,GRN_represses,1,25603772,,CCB3
AT2G13810,AT4G15880,GRN_activates,1,35693184,ALD1,
AT1G73805,AT4G15880,GRN_activates,1,35693184,SARD1,
AT5G26920,AT4G15880,GRN_activates,1,35693184,CBP60G,
AT5G13320,AT4G15880,GRN_activates,1,35693184,PBS3,
AT1G74710,AT2G14610,GRN_represses,1,35693184,,PR1
ATCG00160,AT1G33560,GRN_activates,1,25114016,RPS2,
AT4G10180,AT3G01500,GRN_represses,1,26697036,,BCA1
AT4G10180,AT5G13930,GRN_represses,1,26697036,,CHS
AT2G32950,AT5G13930,GRN_represses,1,26697036,,CHS
AT5G17290,AT4G15560,GRN_regulates,1,33635879,,DXS
AT5G49330,AT4G22880,GRN_regulates,1,24846090,,LDOX
AT4G37930,AT1G18640,GRN_activates,1,34550367,SHM1,
AT4G37930,AT3G48100,GRN_activates,1,26623515,SHM1,ARR5
AT3G55980,AT5G07680,GRN_regulates,1,33333760,SZF1,
AT1G12820,AT3G55980,GRN_regulates,1,33333760,,SZF1
AT5G61850,AT4G37930,GRN_activates,1,34260131,,SHM1
AT5G65700,AT5G07180,GRN_regulates,1,30813477,BAM1,
AT4G14070,AT2G20340,GRN_regulates,1,26797881,,ELI5
AT2G01390,AT2G05990,GRN_represses,1,25906995,,MOD1
AT2G35210,AT3G05210,GRN_activates,1,37994737,AGD10,
AT2G28350,AT2G20570,GRN_activates,1,34059638,,GPRI1
AT4G01900,AT1G77760,GRN_activates,1,33430433,,NIA1
AT2G44710,AT2G45660,GRN_represses,1,35731874,,SOC1
AT5G64900,AT5G42650,GRN_activates,1,28973025,PEP1,CYP74A
AT2G33810,AT4G27330,GRN_regulates,1,28703739,SPL3,
AT5G11260,AT3G24650,GRN_regulates,1,35046987,,ABI3
AT2G25170,AT2G36270,GRN_represses,1,35046987,,ABI5
AT4G16890,AT1G10210,GRN_represses,1,26973696,SNC1,
AT1G25540,AT1G69530,GRN_activates,1,26442070,,ATEXPA1
AT1G25540,AT3G29030,GRN_activates,1,26442070,,EXPA5
AT1G25540,AT1G20190,GRN_activates,1,26442070,,EXPA11
AT1G25540,AT4G28250,GRN_activates,1,26442070,,EXPB3
AT1G25540,AT5G44420,GRN_activates,1,26442070,,PDF1.2A
AT1G25540,AT5G24780,GRN_activates,1,26442070,,VSP1
AT1G74930,AT5G57050,GRN_activates,1,30873200,ERF018,
AT4G26080,AT1G74930,GRN_activates,1,30873200,,ERF018
AT4G25490,AT2G01570,GRN_regulates,1,24795738,DREB1B,
AT3G11435,AT5G25260,GRN_regulates,1,27152109,,FLOT2
AT4G36920,AT5G52310,GRN_regulates,1,33488639,,RD29A
AT4G36920,AT5G51070,GRN_regulates,1,33488639,,CLPD
AT5G20730,AT4G26150,GRN_activates,1,26925069,NPH4,
AT5G67180,AT2G45660,GRN_represses,1,33528546,,SOC1
AT3G17185,AT2G45190,GRN_regulates,1,20584289,,YAB1
AT4G16660,AT5G17230,GRN_regulates,1,31543891,,PSY
AT5G17230,AT4G16660,GRN_activates,1,31543891,PSY,
AT2G46830,AT4G14340,GRN_regulates,1,36430613,CCA1,
AT1G01060,AT2G46830,GRN_activates,1,36430613,,CCA1
AT5G07100,AT2G14610,GRN_regulates,1,35270037,WRKY26,PR1
AT5G07100,AT2G19190,GRN_regulates,1,35270037,WRKY26,
AT2G45190,AT1G65620,GRN_represses,1,24006428,YAB1,
AT3G23240,AT3G54610,GRN_regulates,1,31675430,,HAG1
AT5G12870,AT1G05010,GRN_represses,1,31675430,MYB46,ACO4
AT3G61890,AT5G05440,GRN_represses,1,24884528,ATHB-12,
AT2G46680,AT5G53160,GRN_represses,1,24884528,ATHB-7,
AT2G46680,AT4G26080,GRN_represses,1,24884528,ATHB-7,
AT2G46680,AT5G57050,GRN_represses,1,24884528,ATHB-7,
AT2G46680,AT1G72770,GRN_represses,1,24884528,ATHB-7,
AT3G61890,AT1G72770,GRN_represses,1,24884528,ATHB-12,
AT2G46680,AT1G17550,GRN_represses,1,24884528,ATHB-7,
AT3G61890,AT1G17550,GRN_represses,1,24884528,ATHB-12,
AT2G46680,AT3G11410,GRN_represses,1,24884528,ATHB-7,
AT3G61890,AT3G11410,GRN_represses,1,24884528,ATHB-12,
AT2G16060,AT4G26466,GRN_regulates,1,35887227,AHB1,
AT4G23650,AT2G26650,GRN_represses,1,37175632,,AKT1
AT1G73730,AT5G23010,GRN_activates,1,35521528,,MAM1
AT1G73730,AT4G31500,GRN_activates,1,35521528,,CYP83B1
AT2G27050,AT5G48850,GRN_regulates,1,35521528,,SDI1
AT5G48850,AT1G73730,GRN_activates,1,35521528,SDI1,
AT5G50800,AT1G73730,GRN_regulates,1,35521528,SWEET13,
AT4G25010,AT1G73730,GRN_regulates,1,35521528,SWEET14,
AT4G17030,AT1G73730,GRN_regulates,1,35521528,EXLB1,
AT3G04060,AT4G16690,GRN_activates,1,27021284,,PPD
AT2G36270,AT4G11910,GRN_activates,1,27021284,ABI5,SGR2
AT5G51780,AT5G36880,GRN_regulates,1,29514290,,ACS
AT5G52560,AT4G26260,GRN_regulates,1,23373795,,MIOX4
AT3G53990,AT2G46830,GRN_regulates,1,38279341,,CCA1
AT5G52300,AT5G41990,GRN_activates,1,34639024,LTI65,
AT1G20440,AT5G41990,GRN_activates,1,34639024,COR47,
AT5G27420,AT4G23810,GRN_regulates,1,24399238,ATL31,WRKY53
AT4G23810,AT5G47910,GRN_regulates,1,31817659,WRKY53,
AT4G23810,AT1G64060,GRN_regulates,1,31817659,WRKY53,
AT1G79670,AT2G31430,GRN_represses,1,37002606,,PMEI5
AT1G79670,AT3G01970,GRN_regulates,1,37002606,,WRKY45
AT1G79670,AT4G23810,GRN_regulates,1,37002606,,WRKY53
AT1G79670,AT3G52430,GRN_regulates,1,37002606,,PAD4
AT4G16860,AT2G46830,GRN_regulates,1,21293378,RPP4,CCA1
AT4G03445,AT1G06770,GRN_regulates,1,20696037,,DRIP1
AT5G67030,AT1G20440,GRN_represses,1,27845361,ZEP,COR47
AT3G23240,AT1G20440,GRN_activates,1,27845361,,COR47
AT5G66140,AT5G20150,GRN_represses,1,27845361,,SPX1
AT5G03280,AT5G20150,GRN_represses,1,27845361,,SPX1
AT5G67030,AT5G20150,GRN_represses,1,27845361,ZEP,SPX1
AT5G67030,AT1G10460,GRN_represses,1,27845361,ZEP,
AT1G65970,AT5G66140,GRN_represses,1,27845361,PRXIIC,
AT3G62030,AT5G66140,GRN_represses,1,27845361,ROC4,
AT3G62030,AT5G03280,GRN_represses,1,27845361,ROC4,
AT3G62030,AT5G67030,GRN_represses,1,27845361,ROC4,ZEP
AT4G25490,AT1G75660,GRN_regulates,1,30385760,DREB1B,
AT1G70260,AT2G14610,GRN_regulates,1,34935273,,PR1
AT1G23400,ATCG01100,GRN_regulates,1,32811438,,NDHA
AT1G23400,ATCG00360,GRN_regulates,1,32811438,,YCF3
AT2G16770,AT1G60960,GRN_regulates,1,22715365,,IRT3
AT3G16500,AT1G65060,GRN_activates,1,38003239,,4CL3
AT5G24520,AT5G17220,GRN_activates,1,31658678,,GSTF12
AT5G24520,AT4G29080,GRN_activates,1,31658678,,IAA27
AT5G24520,AT1G02400,GRN_activates,1,31658678,,GA2OX6
AT5G24520,AT1G02065,GRN_activates,1,31658678,,SPL8
AT5G24520,AT1G56580,GRN_activates,1,31658678,,SVB
AT5G24520,AT3G10340,GRN_activates,1,31658678,,PAL4
AT5G24520,AT5G24530,GRN_activates,1,31658678,,DMR6
AT2G11810,AT4G38130,GRN_represses,1,26508133,,HDA19
AT4G13700,AT4G38130,GRN_represses,1,26508133,,HDA19
AT5G63715,AT2G36270,GRN_regulates,1,24760072,,ABI5
AT1G29910,AT4G18710,GRN_regulates,1,36508461,LHCB1.1,
AT4G33950,AT5G37500,GRN_regulates,1,35755660,,GORK
AT5G48650,AT1G21250,GRN_activates,1,30456348,,WAK1
AT5G48650,AT5G46350,GRN_activates,1,30456348,,
AT5G48650,AT5G26920,GRN_activates,1,30456348,,CBP60G
AT5G48650,AT1G73805,GRN_activates,1,30456348,,SARD1
AT5G48650,AT1G74710,GRN_activates,1,30456348,,
AT5G48650,AT1G02450,GRN_activates,1,30456348,,
AT5G48650,AT5G22570,GRN_activates,1,30456348,,WRKY38
AT5G48650,AT3G57260,GRN_activates,1,30456348,,BGL2
AT5G48650,AT3G52430,GRN_activates,1,30456348,,PAD4
AT5G48650,AT3G48090,GRN_activates,1,30456348,,
AT5G48650,AT4G39030,GRN_activates,1,30456348,,
AT3G17980,AT2G14610,GRN_activates,1,35886893,CAR4,PR1
AT2G14610,AT3G17980,GRN_activates,1,35886893,PR1,CAR4
AT3G02990,AT2G45660,GRN_regulates,1,35786201,,SOC1
AT5G45710,AT2G45660,GRN_regulates,1,35786201,,SOC1
AT3G19270,AT3G59060,GRN_regulates,1,28062593,,PIF5
AT5G45340,AT3G59060,GRN_regulates,1,28062593,,PIF5
AT3G14440,AT3G59060,GRN_regulates,1,28062593,NCED3,PIF5
AT4G19170,AT3G59060,GRN_regulates,1,28062593,CCD4,PIF5
AT2G36270,AT3G59060,GRN_regulates,1,28062593,ABI5,PIF5
AT2G38080,AT4G05105,GRN_regulates,1,37814207,IRX12,
AT3G59060,AT4G32540,GRN_regulates,1,26973679,PIF5,
AT4G23100,AT5G20150,GRN_represses,1,32309856,,SPX1
AT5G23060,AT5G10140,GRN_regulates,1,37765445,CAS,
AT5G20410,AT4G31780,GRN_activates,1,27114097,MGD2,MGD1
AT5G11260,AT4G31780,GRN_activates,1,27114097,,MGD1
AT2G31400,AT4G31780,GRN_represses,1,27114097,,MGD1
AT4G31780,AT2G39290,GRN_represses,1,27114097,MGD1,
AT2G38120,AT3G51770,GRN_represses,1,31993645,,ETO1
AT1G12110,AT2G46410,GRN_regulates,1,31993645,NPF6.3,
AT5G25900,AT3G63010,GRN_represses,1,31370778,,GID1B
AT5G25900,AT1G26770,GRN_represses,1,31370778,,ATEXPA10
AT5G46240,AT4G33950,GRN_activates,1,30736441,KAT1,
AT5G12480,AT5G37500,GRN_represses,1,30736441,,GORK
AT2G17290,AT5G37500,GRN_activates,1,30736441,,GORK
AT1G04750,AT5G46240,GRN_represses,1,30736441,,KAT1
AT1G14400,AT5G22880,GRN_activates,1,21487388,,H2B
AT2G02760,AT5G22880,GRN_activates,1,21487388,,H2B
AT5G62540,AT5G22880,GRN_activates,1,21487388,,H2B
AT2G44950,AT5G22880,GRN_activates,1,21487388,HUB1,H2B
AT1G55250,AT5G22880,GRN_activates,1,21487388,HUB2,H2B
AT1G69120,AT2G28305,GRN_represses,1,25505480,AP1,LOG1
AT1G53000,AT1G73590,GRN_regulates,1,33142827,,PIN1
AT4G26740,AT4G13420,GRN_activates,1,37514260,PXG1,
AT4G26740,AT4G10310,GRN_represses,1,37514260,PXG1,HKT1
AT1G64530,AT4G37490,GRN_regulates,1,37175456,,CYCB1-1
AT2G45660,AT4G20370,GRN_activates,1,33353251,SOC1,
AT5G03840,AT5G67030,GRN_represses,1,33353251,,ZEP
AT1G68840,AT1G15550,GRN_represses,1,23790253,RAV2,
AT3G54560,AT2G43010,GRN_regulates,1,23790253,H2AV,
AT5G25890,AT1G70690,GRN_regulates,1,31953391,IAA28,CRRSP2
AT1G19220,AT1G70690,GRN_regulates,1,31953391,,CRRSP2
AT1G70690,AT1G04240,GRN_regulates,1,31953391,CRRSP2,SHY2
AT1G76080,AT2G26710,GRN_regulates,1,33086523,CDSP32,
AT5G60410,AT1G08430,GRN_represses,1,36982176,,ALMT1
AT1G21270,AT3G45640,GRN_activates,1,38057720,WAK2,
AT1G21270,AT2G43790,GRN_activates,1,38057720,WAK2,
AT3G25710,AT3G11940,GRN_activates,1,36339262,,RPS5B
AT2G27230,AT3G11940,GRN_activates,1,36339262,LHW,RPS5B
AT2G27230,AT2G37210,GRN_activates,1,36339262,LHW,
AT2G27230,AT3G53450,GRN_activates,1,36339262,LHW,
AT2G42810,AT2G20570,GRN_represses,1,23555952,,GPRI1
AT2G42810,AT5G44190,GRN_represses,1,23555952,,GLK2
AT5G52310,AT2G31180,GRN_activates,1,24415840,RD29A,
AT2G42540,AT2G31180,GRN_activates,1,24415840,COR15A,
AT5G42540,AT5G63980,GRN_represses,1,34950175,XRN2,
AT2G26010,AT1G01040,GRN_represses,1,27782158,PDF1.3,
AT1G79850,AT5G27740,GRN_represses,1,29367414,RPS17,
AT1G03160,AT4G14400,GRN_represses,1,27898102,,ACD6
AT4G19690,AT4G21960,GRN_activates,1,24494240,,PER42
AT1G65970,AT4G28220,GRN_activates,1,29747392,PRXIIC,
AT3G26060,AT4G28220,GRN_activates,1,29747392,ATPRX Q,
AT3G12780,AT1G01480,GRN_regulates,1,37653437,PGK1,
AT1G08465,AT1G80410,GRN_represses,1,36262665,YAB2,
AT2G45190,AT1G80410,GRN_represses,1,36262665,YAB1,
AT1G21970,AT1G80410,GRN_activates,1,36262665,NFYB9,
AT5G43810,AT1G80410,GRN_activates,1,36262665,AGO10,
AT4G18780,AT1G80410,GRN_activates,1,36262665,CESA8,
AT3G60900,AT1G80410,GRN_activates,1,36262665,FLA10,
AT4G39670,AT2G34690,GRN_represses,1,18657186,,
ATMG01170,AT3G22300,GRN_represses,1,31732734,,RPS10
ATMG01190,AT3G22300,GRN_represses,1,31732734,ATP1,RPS10
ATMG01080,AT3G22300,GRN_represses,1,31732734,,RPS10
ATMG00290,AT3G22300,GRN_activates,1,31732734,RPS4,RPS10
ATMG00990,AT3G22300,GRN_activates,1,31732734,,RPS10
ATMG00070,AT3G22300,GRN_activates,1,31732734,NAD9,RPS10
ATMG00210,AT3G22300,GRN_activates,1,31732734,RPL5,RPS10
AT4G26200,AT3G24500,GRN_activates,1,21765163,ACS7,
AT4G26200,AT5G05410,GRN_activates,1,21765163,ACS7,DREB2A
AT4G26200,AT5G52310,GRN_activates,1,21765163,ACS7,RD29A
AT4G26200,AT5G52300,GRN_activates,1,21765163,ACS7,LTI65
AT4G26200,AT5G66400,GRN_activates,1,21765163,ACS7,RAB18
AT4G26200,AT1G32640,GRN_activates,1,21765163,ACS7,MYC2
AT4G26200,AT5G25610,GRN_activates,1,21765163,ACS7,RD22
AT4G36990,AT4G26200,GRN_activates,1,21765163,HSFB1,ACS7
AT5G62020,AT4G26200,GRN_activates,1,21765163,,ACS7
AT4G16660,AT4G26200,GRN_activates,1,21765163,,ACS7
AT5G13630,AT3G24320,GRN_represses,1,28219335,CHLH,
AT4G25490,AT3G24320,GRN_represses,1,31245744,DREB1B,
AT4G31850,ATCG01100,GRN_regulates,1,33431870,,NDHA
AT4G31850,ATCG00770,GRN_regulates,1,33431870,,RPS8
AT4G16390,ATCG00780,GRN_regulates,1,33431870,,RPL14
AT5G46580,AT5G60170,GRN_activates,1,33431870,,
AT2G41720,AT5G60170,GRN_activates,1,33431870,,
AT5G04810,AT5G60170,GRN_activates,1,33431870,,
AT3G06430,AT5G60170,GRN_activates,1,33431870,,
AT2G31400,AT5G60170,GRN_activates,1,33431870,,
AT3G01090,AT4G34590,GRN_activates,1,23641244,,BZIP11
AT1G26570,AT1G14520,GRN_activates,1,24117492,,MIOX1
AT1G72260,AT1G14520,GRN_activates,1,24117492,THI2.1,MIOX1
AT2G28110,AT1G06170,GRN_activates,1,36232985,IRX7,
AT1G67990,AT1G06170,GRN_activates,1,36232985,TSM1,
AT4G38190,AT2G31220,GRN_activates,1,36232985,CSLD4,
AT4G38190,AT1G06170,GRN_activates,1,36232985,CSLD4,
AT5G51780,AT2G32530,GRN_regulates,1,36232985,,CSLB3
AT2G31220,AT4G38190,GRN_activates,1,36232985,,CSLD4
AT1G06170,AT4G38190,GRN_activates,1,36232985,,CSLD4
AT1G06170,AT2G28110,GRN_activates,1,36232985,,IRX7
AT1G06170,AT1G67990,GRN_activates,1,36232985,,TSM1
AT1G78580,AT4G08950,GRN_activates,1,27992562,,EXO
AT3G24650,AT3G54720,GRN_represses,1,21637772,ABI3,
AT1G21970,AT3G54720,GRN_activates,1,21637772,NFYB9,
AT3G54720,AT5G48100,GRN_represses,1,21637772,,TT10
AT3G54720,AT4G09610,GRN_represses,1,21637772,,GASA2
AT3G54720,AT4G09600,GRN_represses,1,21637772,,GASA3
AT3G54720,AT3G16770,GRN_represses,1,21637772,,RAP2-3
AT3G54720,AT1G17950,GRN_represses,1,21637772,,MYB52
AT3G54720,AT2G33830,GRN_activates,1,21637772,,DRMH1
AT3G54720,AT5G51810,GRN_represses,1,21637772,,GA20OX2
AT2G47670,AT5G49180,GRN_represses,1,26895630,,PME58
AT5G49180,AT5G67360,GRN_regulates,1,26895630,PME58,
AT5G43930,AT2G06050,GRN_represses,1,31701600,,OPR3
AT5G42650,AT5G43930,GRN_represses,1,31701600,CYP74A,
AT5G43930,AT1G19640,GRN_represses,1,31701600,,JMT
AT5G43930,AT5G26920,GRN_activates,1,31701600,,CBP60G
AT5G43930,AT2G14610,GRN_activates,1,31701600,,PR1
AT2G38470,AT2G14610,GRN_represses,1,18570649,WRKY33,PR1
AT2G01950,AT5G13790,GRN_regulates,1,36499403,BRL2,AGL15
AT2G13790,AT5G13790,GRN_regulates,1,36499403,SERK4,AGL15
AT5G13790,AT2G13790,GRN_represses,1,36499403,AGL15,SERK4
AT3G62100,AT5G13790,GRN_regulates,1,35837132,,AGL15
AT5G57710,AT5G57090,GRN_represses,1,38089914,SMAX1,
AT3G48100,AT2G17950,GRN_regulates,1,22645551,ARR5,
AT5G62920,AT2G17950,GRN_regulates,1,22645551,ARR6,
AT1G19050,AT2G17950,GRN_regulates,1,22645551,ARR7,
AT4G13250,AT3G24650,GRN_regulates,1,30634648,NYC1,ABI3
AT4G13250,AT2G36270,GRN_regulates,1,30634648,NYC1,ABI5
AT4G13250,AT1G45249,GRN_regulates,1,30634648,NYC1,ABF2
AT1G13260,AT5G39610,GRN_activates,1,30634648,RAV1,NAC92
AT1G45249,AT5G39610,GRN_activates,1,30634648,ABF2,NAC92
AT1G45249,AT1G60190,GRN_activates,1,30181889,ABF2,
AT4G36730,AT1G77120,GRN_activates,1,23103471,,ADH1
AT2G36270,AT1G20440,GRN_represses,1,35216467,ABI5,COR47
AT2G36270,AT5G15960,GRN_represses,1,35216467,ABI5,KIN1
AT5G59780,AT1G74710,GRN_represses,1,37298196,MYB59,
AT5G59780,AT3G53260,GRN_represses,1,37298196,MYB59,
AT5G59780,AT3G45140,GRN_represses,1,37298196,MYB59,LOX2
AT1G68880,AT4G28520,GRN_activates,1,23527203,,CRC
AT1G05180,AT3G48100,GRN_represses,1,24423196,,ARR5
AT4G08150,AT1G23380,GRN_regulates,1,35126427,KNAT1,
AT2G18620,AT1G06520,GRN_activates,1,33466786,,GPAT1
AT2G23800,AT1G06520,GRN_activates,1,33466786,,GPAT1
AT1G15550,AT1G06520,GRN_activates,1,33466786,,GPAT1
AT5G07200,AT1G06520,GRN_activates,1,33466786,GA20OX3,GPAT1
AT1G44090,AT1G06520,GRN_represses,1,33466786,,GPAT1
AT1G78440,AT1G06520,GRN_represses,1,33466786,,GPAT1
AT1G30040,AT1G06520,GRN_activates,1,33466786,GA2OX2,GPAT1
AT1G47990,AT1G06520,GRN_represses,1,33466786,,GPAT1
AT1G68570,AT1G06520,GRN_activates,1,33466786,NPF3.1,GPAT1
AT3G63010,AT1G06520,GRN_activates,1,33466786,GID1B,GPAT1
AT1G02640,AT1G06520,GRN_represses,1,33466786,BXL2,GPAT1
AT2G37720,AT1G06520,GRN_represses,1,33466786,,GPAT1
AT3G11550,AT1G06520,GRN_represses,1,33466786,,GPAT1
AT3G20580,AT1G06520,GRN_represses,1,33466786,COBL10,GPAT1
AT5G63580,AT1G06520,GRN_represses,1,33466786,FLS2,GPAT1
AT3G44990,AT1G06520,GRN_activates,1,33466786,XTH31,GPAT1
AT2G43050,AT1G06520,GRN_activates,1,33466786,PME16,GPAT1
AT2G47670,AT1G06520,GRN_activates,1,33466786,,GPAT1
AT2G03090,AT1G06520,GRN_activates,1,33466786,EXPA15,GPAT1
AT3G08900,AT1G06520,GRN_activates,1,33466786,RGP3,GPAT1
AT1G76930,AT1G06520,GRN_activates,1,33466786,ATEXT4,GPAT1
AT4G32280,AT5G61270,GRN_regulates,1,31805433,IAA29,
AT4G34160,AT4G34350,GRN_activates,1,23929339,CYCD3-1,
AT3G26744,AT5G62230,GRN_activates,1,33877316,,ERL1
AT1G49190,AT5G62920,GRN_activates,1,34371661,,ARR6
AT5G07210,AT5G62920,GRN_activates,1,34371661,,ARR6
AT5G58080,AT3G48100,GRN_activates,1,34371661,ARR18,ARR5
AT5G46910,AT2G22540,GRN_represses,1,34220908,,
AT3G20810,AT1G01060,GRN_activates,1,34220908,JMJ30,
AT1G67260,AT1G13245,GRN_represses,1,33693548,,RTFL17
AT5G19530,AT1G19850,GRN_activates,1,24672532,ACL5,ARF5
AT5G64340,AT1G19850,GRN_represses,1,24672532,,ARF5
AT4G17460,AT2G17950,GRN_regulates,1,33045058,HAT1,
AT5G22500,AT1G09530,GRN_represses,1,35003197,FAR1,
AT3G21820,AT2G42430,GRN_activates,1,32269581,ATXR2,
AT3G21820,AT3G58190,GRN_activates,1,32269581,ATXR2,
AT3G62030,AT3G20290,GRN_represses,1,36311122,ROC4,
AT3G61890,AT2G46680,GRN_represses,1,36311122,ATHB-12,ATHB-7
AT2G28160,AT3G13610,GRN_regulates,1,31540419,,F6'H1
AT1G70690,AT4G08810,GRN_regulates,1,37225403,CRRSP2,
AT4G22140,AT2G45660,GRN_represses,1,34071961,,SOC1
AT3G54990,AT2G45660,GRN_represses,1,34071961,,SOC1
AT3G54990,AT1G69120,GRN_represses,1,34071961,,AP1
AT1G15550,AT1G69120,GRN_activates,1,34071961,,AP1
AT2G01570,AT2G45660,GRN_activates,1,34071961,,SOC1
AT2G44745,AT1G27370,GRN_activates,1,34071961,WRKY12,
AT2G44745,AT2G45660,GRN_activates,1,34071961,WRKY12,SOC1
AT3G48090,AT5G54250,GRN_represses,1,22046278,,CNGC4
AT5G46350,AT2G18950,GRN_activates,1,27252730,,HPT1
AT5G51190,AT5G57220,GRN_activates,1,34090466,ERF105,CYP81F2
AT1G04240,AT3G16857,GRN_activates,1,33981325,SHY2,
AT1G77690,AT2G04160,GRN_regulates,1,30941149,LAX3,AIR3
AT5G20480,AT5G63580,GRN_regulates,1,34465763,,FLS2
AT1G32640,AT5G07310,GRN_activates,1,34194448,MYC2,
AT5G61420,AT3G11260,GRN_activates,1,34194448,MYB28,
AT5G61420,AT3G54220,GRN_activates,1,34194448,MYB28,
AT2G39940,AT4G35770,GRN_activates,1,35709954,,STR15
AT1G04370,AT5G47220,GRN_activates,1,35709954,,ERF2
AT1G04370,AT2G14610,GRN_activates,1,35709954,,PR1
AT4G34460,AT1G32640,GRN_activates,1,35709954,,MYC2
AT2G22370,AT2G38470,GRN_activates,1,35709954,,WRKY33
AT4G07000,AT1G70830,GRN_regulates,1,22140118,,MLP28
AT5G49020,AT5G13790,GRN_activates,1,29236947,,AGL15
AT3G59060,AT5G11977,GRN_represses,1,36304753,PIF5,
AT2G33810,AT3G22170,GRN_represses,1,36304753,SPL3,
AT1G53160,AT3G22170,GRN_represses,1,36304753,SPL4,
AT5G62230,AT2G46770,GRN_represses,1,30551673,ERL1,NAC043
AT5G62230,AT1G32770,GRN_represses,1,30551673,ERL1,NAC012
AT2G43790,AT3G12500,GRN_activates,1,29875545,,CHI-B
AT5G47220,AT4G34410,GRN_represses,1,34451789,ERF2,ERF109
AT5G47220,AT5G52020,GRN_represses,1,34451789,ERF2,
AT5G47220,AT1G74930,GRN_represses,1,34451789,ERF2,ERF018
AT5G47220,AT1G28370,GRN_represses,1,34451789,ERF2,
AT4G37930,AT1G30950,GRN_regulates,1,36430591,SHM1,
AT5G20480,AT2G13790,GRN_represses,1,25821973,,SERK4
AT2G14610,AT5G14930,GRN_activates,1,33036140,PR1,
AT1G75040,AT5G14930,GRN_activates,1,33036140,PR5,
AT5G51780,AT5G19530,GRN_regulates,1,22384098,,ACL5
AT4G06634,AT2G42540,GRN_represses,1,28348572,,COR15A
AT4G06634,AT5G52310,GRN_represses,1,28348572,,RD29A
AT1G48020,AT1G11580,GRN_represses,1,35602950,PMEI1,ATPMEPCRA
AT1G11580,AT4G18350,GRN_activates,1,35602950,ATPMEPCRA,NCED2
AT4G15660,AT1G12110,GRN_represses,1,32537558,GRXS8,NPF6.3
AT4G15660,AT1G08090,GRN_represses,1,32537558,GRXS8,
AT4G15660,AT1G08100,GRN_represses,1,32537558,GRXS8,
AT4G15660,AT5G50200,GRN_represses,1,32537558,GRXS8,NRT3.1
AT5G56860,AT3G48730,GRN_regulates,1,32824119,,GSA2
AT5G56860,AT4G18480,GRN_regulates,1,32824119,,CHLI1
AT5G56860,AT5G45930,GRN_regulates,1,32824119,,CHLI2
AT4G26150,AT3G48730,GRN_regulates,1,32824119,,GSA2
AT4G26150,AT4G18480,GRN_regulates,1,32824119,,CHLI1
AT4G26150,AT5G45930,GRN_regulates,1,32824119,,CHLI2
AT5G56860,AT1G15820,GRN_represses,1,31872214,,LHCB6
AT5G09860,AT1G08430,GRN_regulates,1,35812898,,ALMT1
AT1G34370,AT5G17330,GRN_regulates,1,29755502,,GAD1
AT3G55800,AT2G41680,GRN_represses,1,37606239,SBPASE,
AT5G02010,AT1G73590,GRN_regulates,1,30062598,,PIN1
AT5G02010,AT1G70940,GRN_regulates,1,30062598,,PIN3
AT1G14350,AT5G20730,GRN_regulates,1,28981790,,NPH4
AT1G66340,AT2G14610,GRN_activates,1,23344059,,PR1
AT5G13630,AT5G57360,GRN_represses,1,36176682,CHLH,
AT1G65330,AT1G49290,GRN_regulates,1,31789592,,
AT3G03660,AT3G57260,GRN_represses,1,28683794,,BGL2
AT4G35550,AT2G45190,GRN_represses,1,37569702,,YAB1
AT5G64610,AT4G37930,GRN_regulates,1,33013964,HAM1,SHM1
AT1G49430,AT5G53470,GRN_regulates,1,32085442,LACS2,
AT3G49500,AT1G47128,GRN_represses,1,34515618,,RD21A
AT3G49500,AT5G45890,GRN_represses,1,34515618,,SAG12
AT5G13800,AT4G22920,GRN_regulates,1,37789484,PPH,SGR1
AT2G45660,AT4G22920,GRN_represses,1,37789484,SOC1,SGR1
AT4G22920,AT4G13250,GRN_activates,1,37789484,SGR1,NYC1
AT5G63600,AT4G37770,GRN_regulates,1,18710561,FLS5,
AT4G31120,AT2G46830,GRN_regulates,1,22917516,,CCA1
AT3G20810,AT5G61380,GRN_regulates,1,22917516,JMJ30,
AT3G26744,AT2G45660,GRN_regulates,1,32053223,,SOC1
AT5G62430,AT1G68050,GRN_regulates,1,20948781,,ADO3
AT2G36270,AT4G38130,GRN_activates,1,31681394,ABI5,HDA19
AT4G38130,AT1G52340,GRN_activates,1,31681394,HDA19,
AT4G38130,AT1G50960,GRN_represses,1,31681394,HDA19,
AT4G38130,AT4G25420,GRN_activates,1,31681394,HDA19,
AT4G38130,AT2G36800,GRN_activates,1,31681394,HDA19,UGT73C5
AT5G61060,AT3G23630,GRN_activates,1,31681394,HDA05,
AT4G38130,AT4G23640,GRN_activates,1,31681394,HDA19,
AT1G50960,AT4G38130,GRN_represses,1,31681394,,HDA19
AT4G25420,AT4G38130,GRN_activates,1,31681394,,HDA19
AT1G66340,AT2G41230,GRN_regulates,1,26105742,,ORS1
AT2G31400,AT1G29920,GRN_regulates,1,35322876,,LHCB1.1
AT2G31400,AT3G27690,GRN_regulates,1,35322876,,LHCB2.4
AT2G31400,AT3G59060,GRN_regulates,1,35322876,,PIF5
AT2G31400,AT4G25470,GRN_regulates,1,35322876,,DREB1C
AT1G29962,AT5G46960,GRN_activates,1,34991468,,PMEI12
AT2G40210,AT5G46960,GRN_activates,1,34991468,,PMEI12
AT5G27960,AT5G46960,GRN_activates,1,34991468,,PMEI12
AT4G36590,AT5G46960,GRN_activates,1,34991468,,PMEI12
AT3G05860,AT5G46960,GRN_activates,1,34991468,,PMEI12
AT5G60440,AT5G46950,GRN_regulates,1,34991468,,
AT2G35670,AT5G46950,GRN_represses,1,34991468,,
ATCG00905,AT2G33430,GRN_regulates,1,33224174,RPS12C,
ATCG01230,AT2G33430,GRN_regulates,1,33224174,RPS12B,
AT2G32700,AT5G49360,GRN_activates,1,36305092,,BXL1
AT1G62990,AT3G10320,GRN_regulates,1,36305092,KNAT7,
AT2G34720,AT1G56170,GRN_regulates,1,30971226,,NFYC2
AT1G69572,AT3G47500,GRN_represses,1,30971226,,CDF3
AT5G53460,AT4G15560,GRN_activates,1,24793022,,DXS
AT3G47340,AT4G18480,GRN_activates,1,24793022,ASN1,CHLI1
AT4G38130,AT2G39730,GRN_regulates,1,29061669,HDA19,RCA
AT4G38130,AT5G22880,GRN_regulates,1,29061669,HDA19,H2B
AT2G46680,AT4G17870,GRN_represses,1,30558150,ATHB-7,
AT3G61890,AT4G17870,GRN_represses,1,30558150,ATHB-12,
AT5G16560,AT3G61890,GRN_regulates,1,30558150,,ATHB-12
AT1G69960,AT5G63580,GRN_regulates,1,27191168,,FLS2
AT1G69960,AT5G36880,GRN_regulates,1,27191168,,ACS
AT4G38800,AT5G13320,GRN_activates,1,36232880,,PBS3
AT4G38800,AT5G15230,GRN_represses,1,36232880,,GASA4
AT1G01720,AT2G36270,GRN_regulates,1,34531883,,ABI5
AT4G11660,AT4G36990,GRN_represses,1,36361560,,HSFB1
AT5G10230,AT5G14740,GRN_regulates,1,28596610,ANNAT7,
AT1G52340,AT1G49430,GRN_represses,1,28066496,,LACS2
AT5G57550,AT5G14740,GRN_regulates,1,38003021,XTH25,
AT2G40330,AT1G32640,GRN_regulates,1,32490347,,MYC2
AT1G69120,AT2G14610,GRN_activates,1,36656049,AP1,PR1
AT1G69120,AT3G57260,GRN_activates,1,36656049,AP1,BGL2
AT1G69120,AT1G75040,GRN_activates,1,36656049,AP1,PR5
AT2G17950,AT1G77760,GRN_represses,1,38049411,,NIA1
AT1G09530,AT1G69690,GRN_regulates,1,37048089,,TCP15
AT4G37650,AT2G36100,GRN_activates,1,30061749,,CASP1
AT3G54220,AT2G36100,GRN_activates,1,30061749,,CASP1
AT3G48090,AT2G13810,GRN_regulates,1,32725118,,ALD1
AT3G52430,AT2G13810,GRN_regulates,1,32725118,PAD4,ALD1
AT2G45660,AT3G15150,GRN_activates,1,27148346,SOC1,
AT5G47230,AT1G27730,GRN_activates,1,37759747,,ZAT10
AT5G47230,AT2G38470,GRN_activates,1,37759747,,WRKY33
AT5G47230,AT1G18570,GRN_activates,1,37759747,,MYB51
AT4G09820,AT5G23260,GRN_regulates,1,37172323,TT8,
AT3G47870,AT2G31880,GRN_activates,1,37336953,,SOBIR1
AT5G05410,AT5G11310,GRN_represses,1,26093896,DREB2A,
AT5G52310,AT5G11310,GRN_represses,1,26093896,RD29A,
AT5G52300,AT5G11310,GRN_represses,1,26093896,LTI65,
AT5G15960,AT5G11310,GRN_represses,1,26093896,KIN1,
AT2G18790,AT3G08940,GRN_activates,1,26385378,,LHCB4.2
AT5G53120,AT1G09570,GRN_represses,1,37111912,SPDS3,
AT1G29910,AT5G05270,GRN_represses,1,23456246,LHCB1.1,CHI3
AT1G29910,AT5G45820,GRN_represses,1,23456246,LHCB1.1,CIPK20
AT1G29910,AT1G26220,GRN_represses,1,23456246,LHCB1.1,
AT5G45820,AT1G09570,GRN_represses,1,23456246,CIPK20,
AT5G45820,AT2G18790,GRN_represses,1,23456246,CIPK20,
AT1G09530,AT5G13630,GRN_represses,1,24604733,,CHLH
AT1G52150,AT5G62380,GRN_represses,1,30769886,ATHB-15,
AT1G52150,AT1G71930,GRN_represses,1,30769886,ATHB-15,
AT1G09770,AT4G37930,GRN_regulates,1,33505408,,SHM1
AT1G52150,AT1G32770,GRN_represses,1,36077531,ATHB-15,NAC012
AT1G52150,AT3G61910,GRN_represses,1,36077531,ATHB-15,NAC066
AT2G46685,AT1G52150,GRN_represses,1,36077531,,ATHB-15
AT2G18470,AT5G14740,GRN_regulates,1,30970629,PERK4,
AT2G06050,AT1G09575,GRN_represses,1,35938694,OPR3,
AT1G32640,AT1G09575,GRN_represses,1,35938694,MYC2,
AT5G13220,AT1G09575,GRN_represses,1,35938694,JAZ10,
AT2G38240,AT1G09575,GRN_represses,1,35938694,ANS,
AT1G80840,AT1G09575,GRN_represses,1,35938694,WRKY40,
AT1G24620,AT5G14740,GRN_regulates,1,32992668,CML25,
AT5G54250,AT5G14740,GRN_regulates,1,31957790,CNGC4,
AT5G35550,AT1G21970,GRN_regulates,1,26752200,,NFYB9
AT4G09820,AT4G22340,GRN_regulates,1,26752200,TT8,
AT5G35550,AT3G59030,GRN_regulates,1,26752200,,DTX41
AT4G09820,AT3G59030,GRN_regulates,1,26752200,TT8,DTX41
AT5G24520,AT3G59030,GRN_regulates,1,26752200,,DTX41
AT1G45249,AT3G18490,GRN_activates,1,22268147,ABF2,
AT5G15960,AT3G18490,GRN_activates,1,22268147,KIN1,
AT5G15970,AT3G18490,GRN_activates,1,22268147,KIN2,
AT5G66400,AT3G18490,GRN_activates,1,22268147,RAB18,
AT2G33380,AT3G18490,GRN_activates,1,22268147,PXG3,
AT5G25610,AT3G18490,GRN_activates,1,22268147,RD22,
AT4G27410,AT3G18490,GRN_activates,1,22268147,RD26,
AT5G52310,AT3G18490,GRN_activates,1,22268147,RD29A,
AT1G65450,AT2G35980,GRN_activates,1,38266087,,NHL10
AT1G65450,AT3G26830,GRN_activates,1,38266087,,CYP71B15
AT1G65450,AT1G29930,GRN_represses,1,38266087,,LHCB1.3
AT1G65450,AT5G13320,GRN_activates,1,38266087,,PBS3
AT4G09570,AT2G35980,GRN_activates,1,38266087,,NHL10
AT4G35310,AT5G13320,GRN_regulates,1,38266087,,PBS3
AT5G59780,AT1G32450,GRN_regulates,1,36388592,MYB59,NPF7.3
AT5G13790,AT2G45660,GRN_regulates,1,27703461,AGL15,SOC1
AT3G57390,AT2G45660,GRN_regulates,1,27703461,,SOC1
AT4G14720,AT4G34160,GRN_regulates,1,26550955,,CYCD3-1
AT4G25490,AT5G15970,GRN_activates,1,31512008,DREB1B,KIN2
AT4G25470,AT5G15970,GRN_activates,1,31512008,DREB1C,KIN2
AT4G25480,AT5G15970,GRN_activates,1,31512008,,KIN2
AT4G00710,AT1G03445,GRN_activates,1,36311136,BSK3,
AT1G18400,AT5G05690,GRN_regulates,1,36311136,BEE1,CYP90A1
AT1G70700,AT1G09530,GRN_represses,1,28711729,JAZ9,
AT5G35360,AT5G35550,GRN_activates,1,25487439,CAC2,
AT4G34520,AT5G35550,GRN_activates,1,25487439,FAE1,
AT5G23570,AT5G57800,GRN_regulates,1,25487439,,CER3
AT3G56400,AT4G35770,GRN_regulates,1,36679059,WRKY70,STR15
AT3G56400,AT2G29350,GRN_regulates,1,36679059,WRKY70,SAG13
AT3G56400,AT1G29930,GRN_regulates,1,36679059,WRKY70,LHCB1.3
AT5G01100,AT1G76930,GRN_activates,1,22916179,,ATEXT4
AT5G01100,AT4G30290,GRN_activates,1,22916179,,XTH19
AT5G01100,AT4G25810,GRN_activates,1,22916179,,XTH23
AT4G23870,AT3G42790,GRN_regulates,1,35154218,,
AT3G47600,AT1G01120,GRN_regulates,1,37936930,,KCS1
AT3G54320,AT5G10480,GRN_regulates,1,37936930,,PAS2
AT3G54320,AT5G37300,GRN_regulates,1,37936930,,WSD1
AT3G55480,AT1G73590,GRN_regulates,1,24129639,,PIN1
AT3G55480,AT1G52150,GRN_regulates,1,24129639,,ATHB-15
AT3G55480,AT2G37090,GRN_regulates,1,24129639,,IRX9
AT3G55480,AT5G16600,GRN_regulates,1,24129639,,MYB43
AT3G55480,AT1G62990,GRN_regulates,1,24129639,,KNAT7
AT3G22840,AT2G45810,GRN_activates,1,36613447,ELIP1,
AT4G14690,AT2G45810,GRN_activates,1,36613447,ELIP2,
AT5G58080,AT2G45810,GRN_activates,1,36613447,ARR18,
AT3G51860,AT2G45810,GRN_activates,1,36613447,CAX3,
AT1G66390,AT2G45810,GRN_activates,1,36613447,MYB90,
AT5G06760,AT2G45810,GRN_activates,1,36613447,LEA46,
AT1G01470,AT2G45810,GRN_activates,1,36613447,LEA14,
AT2G35300,AT2G45810,GRN_activates,1,36613447,LEA18,
AT4G15560,AT3G42850,GRN_represses,1,37511181,DXS,
AT4G11820,AT3G19710,GRN_represses,1,31557302,,BCAT4
AT4G11820,AT5G23010,GRN_represses,1,31557302,,MAM1
AT4G11820,AT5G23020,GRN_represses,1,31557302,,MAM3
AT4G11820,AT3G58990,GRN_represses,1,31557302,,IPMI1
AT3G07040,AT4G25230,GRN_activates,1,33825303,,RIN2
ATCG00160,AT4G25230,GRN_activates,1,33825303,RPS2,RIN2
ATCG00160,AT5G51450,GRN_activates,1,33825303,RPS2,
AT3G20250,AT4G01370,GRN_regulates,1,24666827,APUM5,
AT3G20250,AT5G05410,GRN_regulates,1,24666827,APUM5,DREB2A
AT3G20250,AT2G42540,GRN_regulates,1,24666827,APUM5,COR15A
AT3G20250,AT5G66400,GRN_regulates,1,24666827,APUM5,RAB18
AT4G16141,AT5G56860,GRN_regulates,1,27990150,,
AT4G16141,AT4G26150,GRN_regulates,1,27990150,,
AT1G62035,AT2G47450,GRN_activates,1,27990150,,CAO
AT2G32950,AT4G27440,GRN_activates,1,27990150,,PORB
AT1G52890,AT5G24780,GRN_regulates,1,27135336,NAC019,VSP1
AT1G01720,AT1G15520,GRN_regulates,1,27135336,,ABCG40
AT1G52890,AT5G42800,GRN_represses,1,27135336,NAC019,DFRA
AT1G52890,AT3G51240,GRN_represses,1,27135336,NAC019,F3H
AT1G52890,AT1G66390,GRN_represses,1,27135336,NAC019,MYB90
AT1G52890,AT4G09820,GRN_represses,1,27135336,NAC019,TT8
AT1G52890,AT1G32640,GRN_regulates,1,27135336,NAC019,MYC2
AT3G15500,AT1G32640,GRN_regulates,1,27135336,NAC055,MYC2
AT4G27410,AT1G32640,GRN_regulates,1,27135336,RD26,MYC2
AT1G69490,AT1G34180,GRN_regulates,1,27135336,NAC029,anac016
AT3G14440,AT1G01720,GRN_regulates,1,27135336,NCED3,
AT1G15520,AT1G01720,GRN_regulates,1,27135336,ABCG40,
AT5G13180,AT2G42540,GRN_regulates,1,27135336,NAC083,COR15A
AT5G13180,AT2G42530,GRN_regulates,1,27135336,NAC083,COR15B
AT3G54180,AT4G09960,GRN_represses,1,33498552,CDKB1-1,STK
AT4G25490,AT2G45660,GRN_regulates,1,23029223,DREB1B,SOC1
AT1G01050,AT1G17180,GRN_activates,1,25933420,,GSTU25
AT1G01050,AT2G29460,GRN_activates,1,25933420,,GSTU4
AT1G01050,AT1G15520,GRN_activates,1,25933420,,ABCG40
AT1G01050,AT4G37990,GRN_activates,1,25933420,,CAD8
AT1G01050,AT3G03470,GRN_activates,1,25933420,,CYP89A9
AT1G01050,AT5G22300,GRN_activates,1,25933420,,NIT4
AT1G01050,AT5G02780,GRN_activates,1,25933420,,GSTL1
AT2G14610,AT5G10140,GRN_activates,1,26065719,PR1,
AT4G37650,AT1G77690,GRN_regulates,1,27089118,,LAX3
AT1G21970,AT2G30570,GRN_activates,1,35620685,NFYB9,PSBW
AT1G21970,AT1G06680,GRN_activates,1,35620685,NFYB9,PSBP1
AT3G56390,AT2G30770,GRN_activates,1,24151049,,CYP71A13
AT2G31070,AT5G55250,GRN_represses,1,33670805,,IAMT1
AT1G30460,AT1G32450,GRN_regulates,1,33362808,,NPF7.3
AT5G58040,AT1G32450,GRN_represses,1,33362808,,NPF7.3
AT1G02860,AT1G12110,GRN_activates,1,33362808,,NPF6.3
AT5G11260,AT1G12110,GRN_represses,1,33362808,,NPF6.3
AT5G28640,AT2G32950,GRN_regulates,1,33693822,GIF1,
AT5G13700,AT5G36880,GRN_represses,1,30149837,,ACS
AT4G29340,AT2G37620,GRN_represses,1,29543900,PRO3,
AT3G45640,AT1G37130,GRN_regulates,1,23172892,,NIA2
AT2G43790,AT1G37130,GRN_regulates,1,23172892,,NIA2
AT2G31180,AT5G08640,GRN_regulates,1,28204516,,FLS1
AT2G08660,AT2G34490,GRN_regulates,1,36110360,,CYP710A2
AT2G09195,AT2G40880,GRN_regulates,1,36110360,,CYS3
AT4G36690,AT5G55390,GRN_regulates,1,37836248,,EDM2
AT5G62920,AT3G48100,GRN_represses,1,25189593,ARR6,ARR5
AT1G30460,AT5G20730,GRN_regulates,1,32326090,,NPH4
AT4G26560,AT1G12110,GRN_regulates,1,32326090,,NPF6.3
AT4G28410,AT1G12110,GRN_regulates,1,32326090,,NPF6.3
AT2G42200,AT1G12110,GRN_regulates,1,32326090,SPL9,NPF6.3
AT3G16470,AT1G12110,GRN_regulates,1,32326090,JAL35,NPF6.3
AT3G23430,AT1G12110,GRN_regulates,1,32326090,PHO1,NPF6.3
AT4G02860,AT1G12110,GRN_regulates,1,32326090,,NPF6.3
AT5G20150,AT5G43350,GRN_represses,1,33137118,SPX1,PHT1-1
AT5G07700,AT1G16400,GRN_activates,1,29312389,,CYP79F2
AT1G27320,AT1G04240,GRN_activates,1,34072151,,SHY2
AT2G35210,AT5G20850,GRN_regulates,1,28553302,AGD10,
AT2G35210,AT3G22880,GRN_regulates,1,28553302,AGD10,
AT4G30972,AT5G52640,GRN_regulates,1,37057908,,HSP90-1
AT5G44200,AT1G80680,GRN_regulates,1,37152141,CBP20,
AT1G18075,AT5G07690,GRN_represses,1,35574100,,MYB29
AT4G01250,AT3G23250,GRN_regulates,1,33665039,,MYB15
AT4G01250,AT3G11840,GRN_regulates,1,33665039,,PUB24
AT4G01250,AT4G26200,GRN_regulates,1,33665039,,ACS7
AT1G75240,AT5G62000,GRN_represses,1,36235412,ZHD5,
AT5G24660,ATCG00160,GRN_regulates,1,36769138,,RPS2
AT2G46830,AT3G01180,GRN_regulates,1,30625202,CCA1,
AT2G46830,AT1G10760,GRN_regulates,1,30625202,CCA1,
AT2G46830,AT4G24450,GRN_regulates,1,30625202,CCA1,GWD2
AT2G46830,AT1G69830,GRN_regulates,1,30625202,CCA1,
AT2G46830,AT4G09020,GRN_regulates,1,30625202,CCA1,
AT2G46830,AT5G64860,GRN_regulates,1,30625202,CCA1,
AT5G61380,AT1G32900,GRN_regulates,1,30625202,,GBSS1
AT1G07050,AT1G32900,GRN_regulates,1,30625202,,GBSS1
AT1G07050,AT3G01180,GRN_regulates,1,30625202,,
AT5G60910,AT3G11435,GRN_activates,1,30541045,AGL8,
AT5G04275,AT1G69120,GRN_activates,1,30541045,,AP1
AT5G04275,AT3G54340,GRN_represses,1,30541045,,AP3
AT1G14920,AT2G36270,GRN_activates,1,35628355,,ABI5
AT5G17490,AT2G36270,GRN_activates,1,35628355,,ABI5
AT3G45610,AT5G25830,GRN_activates,1,35628355,,GATA12
AT4G38480,AT2G36270,GRN_activates,1,36092418,,ABI5
AT2G20180,AT3G61850,GRN_activates,1,36092418,,DAG1
AT5G37260,AT2G18790,GRN_represses,1,36092418,RVE2,
AT2G36270,AT5G06860,GRN_regulates,1,32041112,ABI5,
AT2G36270,AT5G06870,GRN_regulates,1,32041112,ABI5,PGIP2
AT4G24470,AT2G36270,GRN_represses,1,32041112,ZIM,ABI5
AT5G62470,AT2G36270,GRN_activates,1,32041112,MYB96,ABI5
ATMG01190,AT3G55530,GRN_regulates,1,28626006,ATP1,
AT5G35410,AT5G63310,GRN_represses,1,17785451,,NDPK2
AT1G71830,AT5G07280,GRN_regulates,1,27920157,,EMS1
AT5G64060,AT4G25000,GRN_regulates,1,33130990,,AMY1
AT1G55250,AT4G16890,GRN_regulates,1,24664204,HUB2,SNC1
AT2G44950,AT5G61900,GRN_represses,1,24664204,HUB1,
AT1G55250,AT5G61900,GRN_represses,1,24664204,HUB2,
AT1G55250,AT5G10140,GRN_activates,1,18980658,HUB2,
AT5G42400,AT4G16890,GRN_regulates,1,36509711,,SNC1
AT5G10140,AT1G55250,GRN_represses,1,18849490,,HUB2
AT3G13890,AT4G18780,GRN_regulates,1,17329564,MYB26,CESA8
AT3G13890,AT5G17420,GRN_regulates,1,17329564,MYB26,CESA7
AT3G13890,AT2G38080,GRN_regulates,1,17329564,MYB26,IRX12
AT3G08500,AT2G46770,GRN_activates,1,19808805,MYB83,NAC043
AT3G08500,AT3G61910,GRN_activates,1,19808805,MYB83,NAC066
AT3G08500,AT5G62380,GRN_activates,1,19808805,MYB83,
AT3G08500,AT1G71930,GRN_activates,1,19808805,MYB83,
AT4G17880,AT2G46770,GRN_activates,1,30242037,,NAC043
AT2G46770,AT1G16490,GRN_regulates,1,19122102,NAC043,
AT2G46770,AT1G79180,GRN_regulates,1,19122102,NAC043,
AT3G61910,AT1G16490,GRN_regulates,1,19122102,NAC066,
AT3G61910,AT1G79180,GRN_regulates,1,19122102,NAC066,
AT1G32770,AT5G01360,GRN_activates,1,26556650,NAC012,TBL3
AT1G32770,AT1G73140,GRN_activates,1,26556650,NAC012,TBL31
AT1G62990,AT1G32770,GRN_regulates,1,18952777,KNAT7,NAC012
AT1G28470,AT2G46770,GRN_regulates,1,18952777,NAC010,NAC043
AT5G56110,AT2G46770,GRN_regulates,1,18952777,,NAC043
AT1G62990,AT2G46770,GRN_regulates,1,18952777,KNAT7,NAC043
AT1G28470,AT3G61910,GRN_regulates,1,18952777,NAC010,NAC066
AT5G56110,AT3G61910,GRN_regulates,1,18952777,,NAC066
AT1G62990,AT3G61910,GRN_regulates,1,18952777,KNAT7,NAC066
AT1G28470,AT5G62380,GRN_regulates,1,18952777,NAC010,
AT1G62990,AT5G62380,GRN_regulates,1,18952777,KNAT7,
AT1G28470,AT1G71930,GRN_regulates,1,18952777,NAC010,
AT4G17615,AT2G30360,GRN_activates,1,30713077,CBL1,
AT5G47100,AT1G12110,GRN_regulates,1,35035144,,NPF6.3
AT5G64750,AT2G26980,GRN_regulates,1,27964784,ABR1,CIPK3
AT3G18130,AT4G17615,GRN_activates,1,22002954,RACK1C,CBL1
AT1G52340,AT5G24780,GRN_activates,1,21402795,,VSP1
AT1G12530,AT4G16890,GRN_represses,1,23690534,,SNC1
AT3G59060,AT5G16300,GRN_activates,1,28438793,PIF5,
AT1G31812,AT4G25490,GRN_represses,1,24556610,,DREB1B
AT1G31812,AT5G15960,GRN_represses,1,24556610,,KIN1
AT5G53470,AT1G45249,GRN_activates,1,23448237,,ABF2
AT5G53470,AT5G52310,GRN_activates,1,23448237,,RD29A
AT5G53470,AT1G32640,GRN_activates,1,23448237,,MYC2
AT1G45249,AT5G53470,GRN_represses,1,23448237,ABF2,
AT5G52640,AT1G26800,GRN_activates,1,30890661,HSP90-1,
AT5G44210,AT5G44420,GRN_activates,1,24157210,,PDF1.2A
AT3G50260,AT5G44210,GRN_regulates,1,24157210,ERF011,
AT1G29930,AT5G64170,GRN_represses,1,23818596,LHCB1.3,
AT1G29930,AT3G54500,GRN_represses,1,23818596,LHCB1.3,
AT3G54500,AT1G22640,GRN_represses,1,28483877,,
AT4G11890,AT1G64280,GRN_regulates,1,24215930,,
AT3G26940,AT5G63580,GRN_activates,1,33619522,,FLS2
AT1G16610,AT1G65450,GRN_regulates,1,20699397,,
AT3G54220,AT2G36270,GRN_represses,1,22312006,,ABI5
AT2G39570,AT1G65450,GRN_represses,1,36843191,,
AT1G56650,AT5G54060,GRN_regulates,1,25450360,MYB75,
AT1G74670,AT1G65450,GRN_regulates,1,26400990,GASA6,
AT1G65450,AT3G16690,GRN_represses,1,24028846,,
AT3G47810,AT2G01570,GRN_represses,1,38315261,VPS29,
AT5G64120,AT1G78240,GRN_represses,1,26468518,PER71,
AT3G13540,AT1G71030,GRN_represses,1,19136646,,ATMYBL2
AT5G24520,AT2G23580,GRN_represses,1,19136646,,MES4
AT5G24520,AT1G71030,GRN_represses,1,19136646,,ATMYBL2
AT4G09820,AT4G24800,GRN_activates,1,37058123,TT8,
AT4G09820,AT2G26150,GRN_regulates,1,34063415,TT8,
AT3G57180,AT2G30950,GRN_represses,1,26435530,,VAR2
AT2G45650,AT5G57360,GRN_regulates,1,21331777,AGL6,
AT5G63870,AT2G18790,GRN_represses,1,9634578,PP7,
AT2G43060,AT4G30410,GRN_represses,1,24505057,IBH1,
AT2G43060,AT5G51780,GRN_represses,1,24505057,IBH1,
AT2G43060,AT2G43010,GRN_represses,1,24505057,IBH1,
AT5G39860,AT5G51780,GRN_activates,1,20009022,PRE1,
AT2G43060,AT2G38540,GRN_represses,1,34618066,IBH1,LTP1
AT4G30410,AT2G38540,GRN_represses,1,34618066,,LTP1
AT2G43060,AT2G38530,GRN_represses,1,34618066,IBH1,LTP2
AT4G30410,AT2G38530,GRN_represses,1,34618066,,LTP2
AT2G38540,AT5G15580,GRN_activates,1,34618066,LTP1,LNG1
AT2G38530,AT5G15580,GRN_activates,1,34618066,LTP2,LNG1
AT2G38540,AT3G02170,GRN_activates,1,34618066,LTP1,LNG2
AT2G38530,AT3G02170,GRN_activates,1,34618066,LTP2,LNG2
AT1G64530,AT2G18300,GRN_activates,1,34129038,,
AT4G24020,AT2G18300,GRN_activates,1,34129038,,
AT2G36530,AT4G25490,GRN_activates,1,35809562,,DREB1B
AT2G36530,AT1G52040,GRN_represses,1,25620024,,MBP1
AT5G27420,AT2G39660,GRN_activates,1,34599338,ATL31,
AT3G14440,AT1G35720,GRN_activates,1,20656895,NCED3,ANN1
AT2G39800,AT1G35720,GRN_activates,1,20656895,,ANN1
AT3G08500,AT5G12870,GRN_activates,1,22197883,MYB83,MYB46
AT4G38130,AT5G11260,GRN_represses,1,33245784,HDA19,
AT4G38130,AT1G78600,GRN_represses,1,33245784,HDA19,
AT4G21030,AT4G37930,GRN_activates,1,23095045,,SHM1
AT4G21030,AT4G31500,GRN_activates,1,23095045,,CYP83B1
AT5G40770,AT5G46280,GRN_activates,1,30674698,,MCM3
AT1G45249,AT5G10100,GRN_regulates,1,32242234,ABF2,
AT5G06170,AT1G45249,GRN_represses,1,26063392,,ABF2
AT5G06170,AT3G24650,GRN_represses,1,26063392,,ABI3
AT5G06170,AT5G52310,GRN_represses,1,26063392,,RD29A
AT5G06170,AT5G15960,GRN_represses,1,26063392,,KIN1
AT1G45249,AT4G22920,GRN_activates,1,27373216,ABF2,SGR1
AT4G34000,AT4G22920,GRN_activates,1,27373216,,SGR1
AT3G19290,AT4G22920,GRN_activates,1,27373216,,SGR1
AT1G45249,AT3G44880,GRN_activates,1,27373216,ABF2,
AT1G45249,AT4G13250,GRN_activates,1,27373216,ABF2,NYC1
AT3G24650,AT3G61600,GRN_represses,1,26667153,ABI3,
AT3G61600,AT2G36270,GRN_represses,1,26667153,,ABI5
AT3G28910,AT2G06925,GRN_regulates,1,20696912,,PLA2-ALPHA
AT5G11470,AT1G58602,GRN_regulates,1,30814131,,
AT5G20690,AT5G45840,GRN_regulates,1,26863186,,
AT5G20690,AT4G08850,GRN_regulates,1,26863186,,MIK2
AT1G52830,AT3G09150,GRN_represses,1,8624510,IAA6,
AT3G14440,AT5G59320,GRN_activates,1,26123657,NCED3,LTP3
AT2G27150,AT5G59320,GRN_activates,1,26123657,,LTP3
AT1G74710,AT5G59320,GRN_represses,1,26123657,,LTP3
AT2G14610,AT5G59320,GRN_represses,1,26123657,PR1,LTP3
AT4G28610,AT2G38470,GRN_regulates,1,38229439,,WRKY33
AT2G39940,AT4G29080,GRN_regulates,1,19596700,,IAA27
AT2G43010,AT5G13930,GRN_represses,1,26259175,,CHS
AT2G43010,AT3G51240,GRN_represses,1,26259175,,F3H
AT2G43010,AT4G22880,GRN_represses,1,26259175,,LDOX
AT2G43010,AT4G09820,GRN_represses,1,26259175,,TT8
AT3G59060,AT5G13930,GRN_represses,1,26259175,PIF5,CHS
AT3G59060,AT3G51240,GRN_represses,1,26259175,PIF5,F3H
AT3G59060,AT4G22880,GRN_represses,1,26259175,PIF5,LDOX
AT3G59060,AT3G16500,GRN_represses,1,26259175,PIF5,
AT3G59060,AT4G09820,GRN_represses,1,26259175,PIF5,TT8
AT2G01570,AT3G51240,GRN_activates,1,28275852,,F3H
AT2G01570,AT5G42800,GRN_activates,1,28275852,,DFRA
AT1G14920,AT3G51240,GRN_activates,1,28275852,,F3H
AT1G14920,AT5G42800,GRN_activates,1,28275852,,DFRA
AT3G26932,AT5G13930,GRN_represses,1,27995376,,CHS
AT3G26932,AT5G42800,GRN_represses,1,27995376,,DFRA
AT3G26932,AT4G22880,GRN_represses,1,27995376,,LDOX
AT3G51240,AT5G13930,GRN_regulates,1,18726614,F3H,CHS
AT4G28610,AT5G42800,GRN_activates,1,35842503,,DFRA
AT3G51240,AT5G43880,GRN_represses,1,38329545,F3H,
AT5G42800,AT5G43880,GRN_represses,1,38329545,DFRA,
AT5G08640,AT5G43880,GRN_represses,1,38329545,FLS1,
AT5G13930,AT5G43880,GRN_represses,1,38329545,CHS,
AT5G42800,AT2G16720,GRN_regulates,1,24319076,DFRA,
AT3G27785,AT1G21970,GRN_activates,1,18695688,,NFYB9
AT5G40360,AT3G05020,GRN_activates,1,27681170,,ACP1
AT3G27785,AT3G05020,GRN_activates,1,27681170,,ACP1
AT4G37930,AT3G59640,GRN_activates,1,23931744,SHM1,
AT3G54340,AT5G17690,GRN_activates,1,16131496,AP3,
AT4G03560,AT5G42650,GRN_activates,1,27497090,,CYP74A
AT1G45249,AT5G05410,GRN_activates,1,22025559,ABF2,DREB2A
AT3G19290,AT5G05410,GRN_activates,1,22025559,,DREB2A
AT4G34000,AT5G05410,GRN_activates,1,22025559,,DREB2A
AT4G39400,AT5G57560,GRN_regulates,1,12376643,,XTH22
AT4G08150,AT2G23380,GRN_activates,1,14871310,KNAT1,
AT3G24650,AT1G48130,GRN_regulates,1,14750521,ABI3,PER1
AT1G30330,AT2G44810,GRN_activates,1,20007966,ARF6,
AT5G37020,AT2G44810,GRN_activates,1,20007966,ARF8,
AT4G37930,AT2G44810,GRN_represses,1,20007966,SHM1,
AT1G28300,AT4G02280,GRN_regulates,1,22228409,,SUS3
AT4G25490,AT3G50970,GRN_activates,1,18088305,DREB1B,XERO2
AT4G25470,AT3G50970,GRN_activates,1,18088305,DREB1C,XERO2
AT4G25480,AT3G50970,GRN_activates,1,18088305,,XERO2
AT5G53060,AT5G54070,GRN_regulates,1,23087326,,HSFA9
AT5G12080,AT2G14610,GRN_activates,1,34775835,,PR1
AT2G43820,AT4G24190,GRN_regulates,1,16619029,UGT74F2,
AT2G43820,AT3G11480,GRN_activates,1,18226820,UGT74F2,BSMT1
AT1G63030,AT1G12610,GRN_regulates,1,14871311,,DREB1F
AT1G28370,AT5G36880,GRN_represses,1,27255484,,ACS
AT2G38670,AT5G51810,GRN_regulates,1,33268452,,GA20OX2
AT3G54340,AT4G02780,GRN_activates,1,15128937,AP3,
AT5G57710,AT1G80340,GRN_represses,1,37405917,SMAX1,
AT2G01530,AT3G45610,GRN_regulates,1,35969447,MLP329,
AT5G24520,AT3G23050,GRN_regulates,1,10816357,,IAA7
AT1G79840,AT3G23050,GRN_regulates,1,10816357,,IAA7
AT2G46410,AT3G23050,GRN_regulates,1,10816357,,IAA7
AT1G66340,AT3G23050,GRN_regulates,1,10816357,,IAA7
AT5G03730,AT3G23050,GRN_regulates,1,10816357,,IAA7
AT1G03790,AT2G18790,GRN_represses,1,29807609,SOM,
AT4G38130,AT5G10140,GRN_regulates,1,30828924,HDA19,
AT3G43210,AT5G63110,GRN_activates,1,21994348,,HDA6
AT5G61060,AT5G13240,GRN_activates,1,25922987,HDA05,
AT5G63110,AT5G26920,GRN_regulates,1,34618093,HDA6,CBP60G
AT5G63110,AT1G73805,GRN_regulates,1,34618093,HDA6,SARD1
AT2G39810,AT5G63110,GRN_represses,1,24390058,,HDA6
AT2G18470,AT1G76930,GRN_regulates,1,20009554,PERK4,ATEXT4
AT2G18470,AT1G32640,GRN_regulates,1,20009554,PERK4,MYC2
AT2G18470,AT5G64750,GRN_regulates,1,20009554,PERK4,ABR1
AT1G75080,AT1G13260,GRN_regulates,1,36511120,,RAV1
AT1G19350,AT1G13260,GRN_represses,1,36511120,,RAV1
AT1G13260,AT1G75080,GRN_represses,1,36511120,RAV1,
AT4G11140,AT1G13260,GRN_represses,1,36423224,,RAV1
AT1G13260,AT3G45640,GRN_regulates,1,36703574,RAV1,
AT3G24650,AT1G13260,GRN_represses,1,32442719,ABI3,RAV1
AT1G18400,AT4G09820,GRN_represses,1,27125220,BEE1,TT8
AT5G45580,AT4G09820,GRN_represses,1,27125220,,TT8
AT2G30770,AT3G26830,GRN_regulates,1,17573535,CYP71A13,CYP71B15
AT1G07640,AT4G31500,GRN_activates,1,16740150,,CYP83B1
AT3G10520,AT2G17950,GRN_activates,1,23510449,AHB2,
AT3G10520,AT1G71830,GRN_activates,1,23510449,AHB2,
AT3G10520,AT5G05730,GRN_activates,1,23510449,AHB2,
AT2G18790,AT3G10520,GRN_represses,1,36976396,,AHB2
AT1G12110,AT4G37540,GRN_regulates,1,37185665,NPF6.3,LBD39
AT1G12110,AT5G63160,GRN_regulates,1,37185665,NPF6.3,BT1
AT1G12110,AT3G48360,GRN_regulates,1,37185665,NPF6.3,BT2
AT5G04200,AT1G47710,GRN_represses,1,17028019,AMC9,
AT1G79340,AT4G32720,GRN_represses,1,29241568,,LA1
AT5G06550,AT5G19530,GRN_represses,1,35962471,,ACL5
AT2G39460,AT3G55280,GRN_activates,1,18566829,RPL23AA,RPL23AB
AT1G01260,AT1G32640,GRN_activates,1,23852442,,MYC2
AT4G16430,AT1G32640,GRN_activates,1,23852442,,MYC2
AT1G49540,AT2G38470,GRN_represses,1,26216741,,WRKY33
AT1G32640,AT3G22160,GRN_regulates,1,31876387,MYC2,
AT2G30860,AT2G39940,GRN_represses,1,20377703,GSTF9,
AT2G39940,AT2G39730,GRN_represses,1,21173027,,RCA
AT1G32640,AT3G28740,GRN_activates,1,22452854,MYC2,CYP81D11
AT3G45140,AT2G39940,GRN_activates,1,11161062,LOX2,
AT1G56650,AT2G45190,GRN_regulates,1,26530088,MYB75,YAB1
AT3G04720,AT5G43470,GRN_activates,1,15215516,HEL,
AT1G32640,AT2G39940,GRN_represses,1,18223147,MYC2,
AT5G47910,AT1G32640,GRN_represses,1,21421415,,MYC2
AT1G64060,AT1G32640,GRN_represses,1,21421415,,MYC2
AT1G32640,AT1G17750,GRN_activates,1,38229005,MYC2,
AT5G24770,AT3G03760,GRN_activates,1,22786889,VSP2,
AT3G03760,AT1G72260,GRN_represses,1,22786889,,THI2.1
AT3G03760,AT5G24770,GRN_represses,1,22786889,,VSP2
AT3G56400,AT2G14610,GRN_activates,1,18713432,WRKY70,PR1
AT5G46760,AT4G27410,GRN_regulates,1,28005270,,RD26
AT4G17880,AT4G27410,GRN_regulates,1,28005270,,RD26
AT3G04670,AT2G14610,GRN_represses,1,20396965,,PR1
AT3G55990,AT1G75080,GRN_represses,1,35294019,ESK1,
AT4G27310,AT5G24470,GRN_represses,1,37312621,,APRR5
AT5G54470,AT5G24470,GRN_represses,1,37312621,,APRR5
AT1G19350,AT2G22330,GRN_represses,1,31776183,,CYP79B3
AT3G09260,AT3G25800,GRN_activates,1,18248598,BGLU23,
AT3G09260,AT5G16590,GRN_activates,1,18248598,BGLU23,
AT2G19810,AT1G06160,GRN_activates,1,35092410,,ERF094
AT1G80840,AT3G25800,GRN_regulates,1,16603654,WRKY40,
AT2G25000,AT3G25800,GRN_regulates,1,16603654,WRKY60,
AT5G49720,AT1G17420,GRN_activates,1,25108263,,LOX3
AT1G77450,AT1G32640,GRN_represses,1,27632992,,MYC2
AT2G47520,AT3G20770,GRN_represses,1,31819723,ERF071,
AT3G25800,AT2G47520,GRN_represses,1,31819723,,ERF071
AT5G47220,AT1G72260,GRN_activates,1,12805630,ERF2,THI2.1
AT1G07370,AT3G48190,GRN_regulates,1,25561503,PCNA,
AT1G07370,AT5G40820,GRN_regulates,1,25561503,PCNA,
AT1G51060,AT3G48190,GRN_regulates,1,25561503,HTA10,
AT5G05730,AT2G20610,GRN_represses,1,15980261,,SUR1
AT1G25220,AT4G31500,GRN_represses,1,15980261,,CYP83B1
AT3G17220,AT1G69940,GRN_activates,1,17971035,,PPME1
AT5G57090,AT1G13980,GRN_represses,1,20562236,,GN
AT1G13980,AT1G69960,GRN_represses,1,20562236,GN,
AT1G19850,AT2G21050,GRN_regulates,1,25617434,ARF5,
AT1G19850,AT2G01420,GRN_regulates,1,25617434,ARF5,PIN4
AT1G77450,AT4G22920,GRN_regulates,1,27388337,,SGR1
AT1G77450,AT5G59220,GRN_regulates,1,27388337,,SAG113
AT5G61350,AT5G20730,GRN_regulates,1,29478854,,NPH4
AT1G27740,AT1G02900,GRN_regulates,1,31904511,,RALF1
AT1G08560,AT3G54340,GRN_regulates,1,11686303,KN,AP3
AT3G08510,AT3G07960,GRN_represses,1,21189293,PLC2,
AT3G51300,AT4G38430,GRN_activates,1,23024212,ARAC11,
AT1G71692,AT4G34160,GRN_activates,1,27474508,,CYCD3-1
AT1G71692,AT1G15570,GRN_activates,1,27474508,,CYCA2-3
AT1G71692,AT4G37490,GRN_activates,1,27474508,,CYCB1-1
AT1G71692,AT3G54180,GRN_activates,1,27474508,,CDKB1-1
AT2G33810,AT2G19425,GRN_regulates,1,32648234,SPL3,
AT4G29340,AT5G54650,GRN_activates,1,33638636,PRO3,
AT2G19770,AT5G54650,GRN_activates,1,33638636,PRO4,
AT2G20580,AT1G67030,GRN_activates,1,25676129,,ZFP6
AT1G07890,AT1G15520,GRN_activates,1,28167043,APX1,ABCG40
AT1G07890,AT5G58270,GRN_activates,1,28167043,APX1,
AT5G48150,AT2G42540,GRN_regulates,1,33124072,,COR15A
ATCG01100,AT5G26742,GRN_represses,1,25043599,NDHA,
AT5G63580,AT1G06225,GRN_regulates,1,35038066,FLS2,
AT1G06225,AT2G38470,GRN_activates,1,35038066,,WRKY33
AT5G26920,AT5G62570,GRN_regulates,1,29449432,CBP60G,
AT5G26920,AT5G39670,GRN_regulates,1,29449432,CBP60G,CML46
AT5G26920,AT3G47480,GRN_regulates,1,29449432,CBP60G,CML47
AT5G60910,AT4G39410,GRN_regulates,1,27592586,AGL8,
AT3G01970,AT2G29350,GRN_activates,1,28735023,WRKY45,SAG13
AT3G01970,AT5G59220,GRN_activates,1,28735023,WRKY45,SAG113
AT3G01970,AT4G30270,GRN_activates,1,28735023,WRKY45,XTH24
AT1G66350,AT3G01970,GRN_represses,1,28735023,RGL1,WRKY45
AT4G21330,AT5G09440,GRN_activates,1,33393464,,EXL4
AT1G06170,AT5G09440,GRN_activates,1,33393464,,EXL4
AT3G54280,AT4G37930,GRN_represses,1,19054368,,SHM1
AT3G24240,AT5G18560,GRN_represses,1,36516421,RCH2,
AT3G28300,AT2G36270,GRN_regulates,1,37133572,,ABI5
AT4G34610,AT1G62990,GRN_regulates,1,25490916,,KNAT7
AT3G56400,AT3G12250,GRN_activates,1,35674361,WRKY70,
AT5G05740,ATCG00020,GRN_activates,1,30268696,,PSBA
AT5G05740,ATCG00270,GRN_activates,1,30268696,,PSBD
AT5G05740,ATCG00280,GRN_activates,1,30268696,,PSBC
AT1G05580,AT5G15100,GRN_regulates,1,34628190,CHX23,
AT1G55370,AT1G64770,GRN_regulates,1,19122188,,NDF2
AT1G64770,AT1G55370,GRN_regulates,1,19122188,NDF2,
AT3G24650,AT3G15670,GRN_activates,1,27457990,ABI3,LEA29
AT1G69770,AT1G37130,GRN_regulates,1,26398805,,NIA2
AT1G69770,AT1G77760,GRN_regulates,1,26398805,,NIA1
AT1G12110,AT1G77760,GRN_regulates,1,24642706,NPF6.3,NIA1
AT1G12110,AT1G37130,GRN_regulates,1,24642706,NPF6.3,NIA2
AT3G26090,AT1G77760,GRN_activates,1,32290990,,NIA1
AT5G47910,AT1G77760,GRN_activates,1,32234220,,NIA1
AT1G33520,AT4G16890,GRN_represses,1,16271871,,SNC1
AT2G45660,AT2G20180,GRN_activates,1,29588173,SOC1,
AT3G22170,AT5G37260,GRN_regulates,1,33764465,,RVE2
AT4G25530,AT2G33880,GRN_represses,1,34292662,,WOX9
AT1G52890,AT5G05410,GRN_regulates,1,30604322,NAC019,DREB2A
AT1G52890,AT3G11020,GRN_regulates,1,30604322,NAC019,
AT1G52890,AT5G62000,GRN_regulates,1,30604322,NAC019,
AT1G52890,AT3G27810,GRN_regulates,1,30604322,NAC019,
AT5G25830,AT3G03450,GRN_regulates,1,28917589,GATA12,
AT3G03450,AT5G25830,GRN_activates,1,28917589,,GATA12
AT5G24030,AT4G26080,GRN_regulates,1,23630285,SLAH3,
AT5G37500,AT1G12480,GRN_activates,1,23703845,GORK,
AT3G10520,AT4G14340,GRN_activates,1,21741261,AHB2,
AT3G10520,AT1G27320,GRN_activates,1,21741261,AHB2,
AT1G70000,AT1G71030,GRN_represses,1,26576746,,ATMYBL2
AT2G47180,AT5G11260,GRN_regulates,1,38157630,GOLS1,
AT4G28610,AT5G20730,GRN_regulates,1,30026290,,NPH4
AT2G20570,AT4G28610,GRN_activates,1,36111350,GPRI1,
AT5G22500,AT4G28610,GRN_activates,1,28842534,FAR1,
AT3G23430,AT4G28610,GRN_regulates,1,17461783,PHO1,
AT4G39800,AT5G60410,GRN_activates,1,15894620,IPS1,
AT2G02990,AT5G60410,GRN_activates,1,15894620,RNS1,
AT4G28610,AT4G39800,GRN_activates,1,15894620,,IPS1
AT1G74930,AT1G17420,GRN_regulates,1,20140232,ERF018,LOX3
AT3G19580,AT1G17420,GRN_regulates,1,20140232,AZF2,LOX3
AT1G34370,AT4G10380,GRN_activates,1,38307018,,NIP5-1
AT3G55530,AT2G34600,GRN_represses,1,33231502,,TIFY 5B
AT3G55530,AT1G30135,GRN_represses,1,33231502,,TIFY5A
AT5G18000,AT5G48030,GRN_represses,1,27338615,VDD,
AT4G35020,AT5G43350,GRN_represses,1,34288396,,PHT1-1
AT4G35020,AT2G38940,GRN_represses,1,34288396,,PHT1-4
AT1G02860,AT2G38940,GRN_regulates,1,24474629,,PHT1-4
AT2G33770,AT2G38940,GRN_regulates,1,24474629,UBC24,PHT1-4
AT1G68670,AT5G43350,GRN_activates,1,32958562,,PHT1-1
AT1G68670,AT2G38940,GRN_activates,1,32958562,,PHT1-4
AT2G38170,AT5G20150,GRN_represses,1,21546457,CAX1,SPX1
AT3G51860,AT5G20150,GRN_represses,1,21546457,CAX3,SPX1
AT2G38170,AT2G45130,GRN_represses,1,21546457,CAX1,SPX3
AT3G51860,AT2G45130,GRN_represses,1,21546457,CAX3,SPX3
AT2G45190,AT3G17185,GRN_represses,1,16682355,YAB1,
AT2G27040,AT2G36490,GRN_represses,1,17332757,AGO4,
AT1G10430,AT5G58140,GRN_regulates,1,22642987,PP2A2,
AT4G01850,AT5G51780,GRN_activates,1,36440498,SAM2,
AT5G51780,AT4G01850,GRN_activates,1,36440498,,SAM2
AT4G16670,AT5G59220,GRN_represses,1,36269178,,SAG113
AT4G02030,AT1G73590,GRN_represses,1,24757006,,PIN1
AT5G35840,AT4G15510,GRN_activates,1,24961368,,PPD1
AT3G44990,AT1G34190,GRN_represses,1,35512200,XTH31,
AT1G34190,AT3G44990,GRN_activates,1,35512200,,XTH31
AT4G35930,AT1G15570,GRN_activates,1,34817930,,CYCA2-3
AT5G63980,AT5G42540,GRN_represses,1,17993620,,XRN2
AT1G67990,AT2G19070,GRN_regulates,1,19077165,TSM1,
AT3G52450,AT3G45640,GRN_regulates,1,28280093,PUB22,
AT2G23430,AT4G37930,GRN_activates,1,38466216,,SHM1
AT4G36870,AT5G49180,GRN_activates,1,32111623,,PME58
AT2G23760,AT5G49180,GRN_activates,1,32111623,,PME58
AT5G04340,AT3G55120,GRN_activates,1,29675814,ZAT6,CHI1
AT5G04340,AT5G07990,GRN_activates,1,29675814,ZAT6,CYP75B1
AT5G04340,AT5G42800,GRN_activates,1,29675814,ZAT6,DFRA
AT5G04340,AT4G22880,GRN_activates,1,29675814,ZAT6,LDOX
AT5G04340,AT2G47460,GRN_activates,1,29675814,ZAT6,
AT5G04340,AT5G49330,GRN_activates,1,29675814,ZAT6,
AT5G56970,AT3G09260,GRN_regulates,1,21205622,,BGLU23
AT1G08600,AT5G10980,GRN_regulates,1,29793052,,HTR8
AT5G17690,AT4G09960,GRN_regulates,1,31909505,,STK
AT5G17690,AT1G52890,GRN_regulates,1,31437321,,NAC019
AT5G17690,AT3G15500,GRN_regulates,1,31437321,,NAC055
AT5G24030,AT5G46240,GRN_represses,1,27002025,SLAH3,KAT1
AT4G30950,AT2G18950,GRN_represses,1,18314499,,HPT1
AT3G11170,AT2G42540,GRN_regulates,1,16292565,,COR15A
AT3G54610,AT1G09700,GRN_represses,1,19436261,HAG1,
AT3G23050,AT5G57090,GRN_represses,1,20505355,IAA7,
AT5G45890,AT2G38120,GRN_represses,1,20505355,SAG12,
AT2G29350,AT2G38120,GRN_represses,1,20505355,SAG13,
AT1G29930,AT2G38120,GRN_activates,1,20505355,LHCB1.3,
AT5G64530,AT5G12870,GRN_represses,1,33764471,,MYB46
AT2G28350,AT5G39860,GRN_represses,1,33487334,,PRE1
AT1G78290,AT5G52310,GRN_activates,1,15561775,,RD29A
AT1G78290,AT2G42540,GRN_activates,1,15561775,,COR15A
AT2G46370,AT3G45140,GRN_activates,1,15879447,,LOX2
AT5G05410,AT4G25480,GRN_regulates,1,16617101,DREB2A,
AT5G64510,AT1G42990,GRN_regulates,1,20944397,TIN1,
AT1G09960,AT1G65450,GRN_regulates,1,22311778,,
AT1G56580,AT1G42990,GRN_activates,1,32205450,SVB,
AT1G56580,AT2G40950,GRN_activates,1,32205450,SVB,
AT1G56580,AT3G10800,GRN_activates,1,32205450,SVB,
AT3G60140,AT3G02040,GRN_regulates,1,33037639,BGLU30,GDPD1
AT5G43940,AT3G02040,GRN_represses,1,33037639,,GDPD1
AT5G43940,AT3G60140,GRN_represses,1,33037639,,BGLU30
AT5G50080,AT1G69120,GRN_activates,1,23188807,,AP1
AT1G69960,AT3G01310,GRN_represses,1,31861962,,
AT3G01480,AT4G26466,GRN_activates,1,33721893,CYP38,
AT3G04110,AT5G67030,GRN_regulates,1,12738881,,ZEP
AT5G41790,AT2G32950,GRN_regulates,1,7753789,CIP1,
AT5G54250,AT2G40540,GRN_activates,1,16317039,CNGC4,
AT4G23660,AT3G01550,GRN_regulates,1,14617097,,PPT2
AT3G58110,AT1G72450,GRN_represses,1,34942029,,TIFY11B
AT3G58110,AT1G56650,GRN_represses,1,34942029,,MYB75
AT1G47870,AT3G54180,GRN_activates,1,16055635,,CDKB1-1
AT4G02680,AT5G36880,GRN_regulates,1,33617140,,ACS
AT5G58550,AT5G36880,GRN_regulates,1,33617140,,ACS
AT4G22920,AT1G34180,GRN_represses,1,26441053,SGR1,anac016
AT5G36150,AT2G38470,GRN_regulates,1,31239392,,WRKY33
AT1G15520,AT3G45640,GRN_regulates,1,31239392,ABCG40,
AT1G15520,AT2G43790,GRN_regulates,1,31239392,ABCG40,
AT1G15520,AT2G38470,GRN_regulates,1,31239392,ABCG40,WRKY33
AT1G14660,AT1G29230,GRN_regulates,1,33129077,,CIPK18
AT3G16160,AT3G45140,GRN_regulates,1,33492497,,LOX2
AT5G46860,AT1G73590,GRN_regulates,1,25428982,,PIN1
AT4G10180,ATCG00270,GRN_regulates,1,9681024,,PSBD
AT5G38900,ATCG00020,GRN_regulates,1,24684167,,PSBA
AT3G24650,AT5G17430,GRN_regulates,1,28830937,ABI3,
AT3G54610,AT1G49430,GRN_regulates,1,27500884,HAG1,LACS2
AT3G54610,AT3G02600,GRN_regulates,1,27500884,HAG1,
AT5G39610,AT5G04870,GRN_activates,1,32111670,NAC92,
AT3G16770,AT4G36920,GRN_activates,1,17204538,RAP2-3,
AT3G56400,AT4G18760,GRN_represses,1,20841424,WRKY70,
AT5G28770,AT1G65450,GRN_regulates,1,21844310,BZIP63,
AT5G53950,AT4G03210,GRN_activates,1,36002002,,XTH9
AT1G64780,AT2G47260,GRN_activates,1,32135477,AMT1-2,
AT2G04880,AT2G14610,GRN_represses,1,34218208,,PR1
AT2G04880,AT3G57260,GRN_represses,1,34218208,,BGL2
AT2G04880,AT1G75040,GRN_represses,1,34218208,,PR5
AT1G64860,AT2G20890,GRN_represses,1,25999408,SIGA,
AT5G39610,AT1G66340,GRN_represses,1,16359384,NAC92,
AT3G12360,AT5G52310,GRN_represses,1,18643991,,RD29A
AT2G36270,AT5G45300,GRN_activates,1,34791491,ABI5,
AT4G15560,AT2G26170,GRN_represses,1,25425668,DXS,
AT1G68520,AT3G01500,GRN_represses,1,38128030,COL6,BCA1
AT1G25440,AT3G01500,GRN_represses,1,38128030,COL16,BCA1
AT5G51190,AT5G66140,GRN_regulates,1,28984358,ERF105,
AT5G51190,AT2G39770,GRN_regulates,1,28984358,ERF105,
AT5G14740,AT4G10310,GRN_regulates,1,38057162,,HKT1
AT5G14740,AT3G62260,GRN_regulates,1,38057162,,
AT1G05750,ATCG00670,GRN_regulates,1,25980341,,CLPP1
AT2G41090,AT2G45790,GRN_activates,1,26315131,CML10,
AT3G02170,AT3G55000,GRN_regulates,1,22286137,LNG2,
AT3G16340,AT5G42390,GRN_activates,1,26520102,ABCG29,
AT2G45660,AT2G41900,GRN_regulates,1,27208260,SOC1,
AT5G17490,AT3G24650,GRN_activates,1,33793917,,ABI3
AT4G02590,AT1G09540,GRN_activates,1,34904673,UNE12,MYB61
AT3G48480,AT2G30950,GRN_represses,1,17416734,,VAR2
AT3G08500,AT5G17420,GRN_regulates,1,23726771,MYB83,CESA7
AT3G08500,AT4G18780,GRN_regulates,1,23726771,MYB83,CESA8
AT1G07360,AT4G16890,GRN_represses,1,20943852,,SNC1
AT4G26080,AT5G52310,GRN_represses,1,12713537,,RD29A
AT4G26080,AT5G15970,GRN_represses,1,12713537,,KIN2
AT1G53300,AT5G05410,GRN_regulates,1,16998088,,DREB2A
AT1G53300,AT5G51070,GRN_regulates,1,16998088,,CLPD
AT1G53300,AT4G19120,GRN_regulates,1,16998088,,ERD3
AT1G53300,AT2G42540,GRN_regulates,1,16998088,,COR15A
AT2G43790,AT1G77760,GRN_activates,1,28716416,,NIA1
AT3G58190,AT1G21120,GRN_regulates,1,38435856,,
AT3G58190,AT1G21110,GRN_regulates,1,38435856,,IGMT3
AT2G47770,AT5G17290,GRN_represses,1,21317376,TSPO,
AT2G02010,AT1G80840,GRN_activates,1,26243404,,WRKY40
AT2G02010,AT1G62300,GRN_activates,1,26243404,,WRKY6
AT3G15150,AT1G04250,GRN_regulates,1,36464768,,IAA17
AT3G50930,AT3G22370,GRN_regulates,1,18567827,HSR4,AOX1A
AT3G50930,AT4G05020,GRN_regulates,1,18567827,HSR4,
AT3G48090,AT3G22370,GRN_regulates,1,18567827,,AOX1A
AT3G52430,AT3G22370,GRN_regulates,1,18567827,PAD4,AOX1A
AT5G64220,AT1G08430,GRN_regulates,1,34665465,,ALMT1
AT1G15510,ATCG00500,GRN_regulates,1,19500301,,ACCD
AT2G04450,AT2G14610,GRN_represses,1,20181750,,PR1
AT2G04450,AT3G56400,GRN_represses,1,20181750,,WRKY70
AT5G14740,AT2G46440,GRN_represses,1,22041991,,CNGC11
AT1G54030,AT5G25980,GRN_regulates,1,19880612,,TGG2
AT2G30870,AT1G78380,GRN_regulates,1,12207667,GSTF10,
AT5G55300,AT4G37930,GRN_represses,1,9477323,,SHM1
AT1G32640,AT1G25540,GRN_activates,1,37625752,MYC2,
AT1G72450,AT1G74950,GRN_represses,1,22173100,TIFY11B,
AT1G17380,AT3G47960,GRN_represses,1,32563451,TIFY11A,
AT1G32640,AT3G47960,GRN_represses,1,32563451,MYC2,
AT1G17420,AT3G47960,GRN_represses,1,32563451,LOX3,
AT4G10310,AT3G47960,GRN_activates,1,32563451,HKT1,
AT1G32640,AT2G34070,GRN_activates,1,32732351,MYC2,
AT5G52320,AT5G57800,GRN_regulates,1,38456566,CYP96A4,CER3
AT1G32640,AT4G36730,GRN_represses,1,26047210,MYC2,
AT4G36730,AT1G32640,GRN_represses,1,26047210,,MYC2
AT5G46760,AT4G24470,GRN_regulates,1,27415132,,ZIM
AT4G17880,AT4G24470,GRN_regulates,1,27415132,,ZIM
AT3G01090,AT5G25610,GRN_represses,1,24890857,,RD22
AT3G01090,AT1G32640,GRN_represses,1,24890857,,MYC2
AT1G32640,AT2G14610,GRN_activates,1,34596247,MYC2,PR1
AT1G32640,AT3G25070,GRN_regulates,1,34596247,MYC2,
AT1G32640,AT1G51660,GRN_regulates,1,34596247,MYC2,
AT1G32640,AT1G74710,GRN_regulates,1,34596247,MYC2,
AT1G32640,AT1G50960,GRN_activates,1,37847103,MYC2,
AT4G38620,AT1G07610,GRN_regulates,1,32563471,,MT1C
AT2G45130,AT5G27200,GRN_represses,1,27181950,SPX3,ACP5
AT2G45130,AT5G03545,GRN_represses,1,27181950,SPX3,AT4
AT4G18390,AT1G01030,GRN_activates,1,25625546,TCP2,
AT3G57800,AT5G61270,GRN_regulates,1,33951433,BHLH60,
AT1G20900,AT1G76500,GRN_regulates,1,18088311,,AHL29
AT1G18400,AT1G19350,GRN_regulates,1,31009078,BEE1,
AT5G42390,AT3G45140,GRN_activates,1,17977145,,LOX2
AT2G33860,AT3G53020,GRN_represses,1,16227452,,RPL24B
AT1G01700,AT5G45970,GRN_regulates,1,28188273,,ARAC2
AT2G45890,AT5G45970,GRN_activates,1,28188273,,ARAC2
AT1G07200,AT1G73590,GRN_represses,1,26546447,,PIN1
AT3G44200,AT4G37490,GRN_activates,1,21801253,,CYCB1-1
AT3G01090,AT2G25600,GRN_regulates,1,28636077,,AKT6
AT1G51850,AT4G23810,GRN_activates,1,29463771,,WRKY53
AT3G45640,AT1G18570,GRN_regulates,1,27081184,,MYB51
AT2G43790,AT1G18570,GRN_regulates,1,27081184,,MYB51
AT3G45640,AT5G57220,GRN_regulates,1,27081184,,CYP81F2
AT2G43790,AT5G57220,GRN_regulates,1,27081184,,CYP81F2
AT3G45640,AT1G21100,GRN_regulates,1,27081184,,IGMT1
AT2G43790,AT1G21100,GRN_regulates,1,27081184,,IGMT1
AT3G45640,AT1G21120,GRN_regulates,1,27081184,,
AT2G43790,AT1G21120,GRN_regulates,1,27081184,,
AT5G40990,AT2G38470,GRN_regulates,1,30598046,,WRKY33
AT3G50310,AT3G21220,GRN_activates,1,27913741,MAPKKK20,
AT4G35100,AT1G09970,GRN_activates,1,34865139,PIP2-7,LRR XI-23
AT3G16770,AT3G26830,GRN_regulates,1,34499162,RAP2-3,CYP71B15
AT3G16770,AT2G30770,GRN_regulates,1,34499162,RAP2-3,CYP71A13
AT3G16770,AT2G38470,GRN_regulates,1,34499162,RAP2-3,WRKY33
AT3G45640,AT1G21270,GRN_represses,1,22155845,,WAK2
AT3G51810,AT2G42540,GRN_activates,1,33836344,EM1,COR15A
AT3G51810,AT1G20440,GRN_activates,1,33836344,EM1,COR47
AT3G51810,AT5G52300,GRN_activates,1,33836344,EM1,LTI65
AT3G51810,AT5G15960,GRN_activates,1,33836344,EM1,KIN1
AT3G51810,AT1G01480,GRN_activates,1,33836344,EM1,
AT3G51810,AT4G11280,GRN_activates,1,33836344,EM1,
AT2G22540,AT1G25560,GRN_regulates,1,26243615,,TEM1
AT2G30140,AT3G57530,GRN_activates,1,27747895,UGT87A2,
AT2G30140,AT5G57220,GRN_activates,1,27747895,UGT87A2,CYP81F2
AT2G30140,AT5G62470,GRN_activates,1,27747895,UGT87A2,MYB96
AT2G30140,AT5G05410,GRN_activates,1,27747895,UGT87A2,DREB2A
AT2G30140,AT1G61340,GRN_activates,1,27747895,UGT87A2,
AT2G30140,AT2G35930,GRN_activates,1,27747895,UGT87A2,PUB23
AT2G33770,AT3G26744,GRN_represses,1,34729981,UBC24,
AT5G65640,AT5G60770,GRN_regulates,1,33582801,BHLH93,
AT1G15700,AT4G04640,GRN_regulates,1,14576160,,ATPC1
AT4G02510,AT3G05020,GRN_represses,1,24184455,,ACP1
AT4G02510,AT4G31780,GRN_represses,1,24184455,,MGD1
AT5G14420,AT3G01650,GRN_regulates,1,37734561,RGLG2,
AT4G35450,AT2G14610,GRN_regulates,1,11862948,AKR2,PR1
AT4G10030,AT4G31780,GRN_activates,1,26589672,,MGD1
AT4G10030,AT5G20410,GRN_activates,1,26589672,,MGD2
AT4G33470,AT1G69960,GRN_regulates,1,22404109,HDA14,
AT5G47670,AT2G29980,GRN_activates,1,23995083,NFYB6,FAD3
AT1G21970,AT5G47670,GRN_activates,1,23995083,NFYB9,NFYB6
AT1G19050,AT2G17820,GRN_represses,1,17061125,ARR7,
AT1G19050,AT2G01830,GRN_represses,1,17061125,ARR7,
AT5G07680,AT2G14560,GRN_regulates,1,28032643,,LURP1
AT5G07680,AT2G40750,GRN_regulates,1,28032643,,WRKY54
AT5G57360,AT2G46830,GRN_regulates,1,20354196,,CCA1
AT1G68050,AT5G24470,GRN_regulates,1,20354196,ADO3,APRR5
AT2G18915,AT5G24470,GRN_regulates,1,20354196,,APRR5
AT1G32770,AT5G61380,GRN_regulates,1,25107662,NAC012,
AT5G12870,AT5G61380,GRN_regulates,1,25107662,MYB46,
AT3G57130,AT2G45190,GRN_regulates,1,17601823,,YAB1
AT3G54340,AT5G11530,GRN_regulates,1,23632855,AP3,
AT2G32950,AT1G29930,GRN_regulates,1,12271066,,LHCB1.3
AT4G14110,AT1G29930,GRN_regulates,1,12271066,,LHCB1.3
AT5G65310,AT3G24650,GRN_represses,1,12678559,ATHB-5,ABI3
AT5G65310,AT2G36270,GRN_represses,1,12678559,ATHB-5,ABI5
AT5G65310,AT5G57050,GRN_represses,1,12678559,ATHB-5,
AT5G65310,AT2G40220,GRN_represses,1,12678559,ATHB-5,
AT3G53890,AT2G30950,GRN_regulates,1,29142022,RPS21B,VAR2
AT5G27700,AT2G30950,GRN_regulates,1,29142022,RPS21C,VAR2
AT5G11260,AT3G22840,GRN_activates,1,11706180,,ELIP1
AT4G25350,AT2G45660,GRN_activates,1,19406114,,SOC1
AT1G25560,AT2G28056,GRN_represses,1,31310397,TEM1,
AT1G25560,AT3G11435,GRN_represses,1,31310397,TEM1,
AT4G14560,AT3G23030,GRN_represses,1,12472684,IAA1,IAA2
AT3G22370,AT2G40220,GRN_represses,1,19482916,AOX1A,
AT3G15730,AT4G12290,GRN_represses,1,24817219,,
AT5G59980,AT5G51810,GRN_regulates,1,28916594,,GA20OX2
AT1G28300,AT4G27160,GRN_activates,1,14597573,,AT2S3
AT1G71450,AT1G25560,GRN_represses,1,26063506,,TEM1
AT2G45660,AT5G51870,GRN_regulates,1,21609362,SOC1,
AT2G45660,AT5G51860,GRN_regulates,1,21609362,SOC1,
AT3G47600,AT1G04220,GRN_activates,1,25305760,,KCS2
AT3G47600,AT4G24510,GRN_activates,1,25305760,,CER2
AT3G47600,AT4G33790,GRN_activates,1,25305760,,FAR3
AT1G02205,AT5G07580,GRN_represses,1,29425344,CER1,ERF106
AT1G60810,AT5G07580,GRN_represses,1,29425344,ACLA-2,ERF106
AT2G47240,AT5G07580,GRN_represses,1,29425344,LACS1,ERF106
AT1G49430,AT5G07580,GRN_represses,1,29425344,LACS2,ERF106
AT2G28630,AT5G07580,GRN_represses,1,29425344,KCS12,ERF106
AT1G07720,AT1G68530,GRN_regulates,1,36807983,,CUT1
AT4G31800,AT3G52430,GRN_regulates,1,21143673,,PAD4
AT5G20730,AT2G47260,GRN_activates,1,37804093,NPH4,
AT2G47260,AT5G10510,GRN_activates,1,37804093,,AIL6
AT4G31800,AT4G35100,GRN_represses,1,31665431,,PIP2-7
AT2G38470,AT4G35100,GRN_represses,1,31665431,WRKY33,PIP2-7
AT1G47580,ATCG01050,GRN_regulates,1,23001034,,NDHD
AT2G04880,AT1G15520,GRN_regulates,1,26820136,,ABCG40
AT2G04880,AT2G36270,GRN_regulates,1,26820136,,ABI5
AT4G14350,AT2G33800,GRN_represses,1,15447649,,RPS5
AT3G27090,AT5G22880,GRN_regulates,1,17122067,,H2B
AT3G18010,AT1G73590,GRN_activates,1,31819716,,PIN1
AT5G11260,AT4G15560,GRN_regulates,1,30144333,,DXS
AT2G20180,AT4G15560,GRN_regulates,1,30144333,,DXS
AT3G30720,AT2G43010,GRN_represses,1,36710626,QQS,
AT5G10510,AT5G61850,GRN_activates,1,26537561,AIL6,
AT3G12810,AT3G54560,GRN_activates,1,29802212,,H2AV
AT5G05300,AT2G41850,GRN_activates,1,27618493,,
AT4G21070,AT4G34410,GRN_represses,1,32621388,,ERF109
AT1G19850,AT1G12980,GRN_regulates,1,19369397,ARF5,
AT5G54080,AT2G02390,GRN_regulates,1,22980205,,ATGSTZ1
AT3G16770,AT1G53910,GRN_activates,1,28537474,RAP2-3,
AT5G05340,AT4G36920,GRN_regulates,1,24792389,PER52,
AT5G22290,AT1G56580,GRN_activates,1,37578504,,SVB
AT5G22290,AT1G09310,GRN_activates,1,37578504,,
AT1G56580,AT5G22290,GRN_regulates,1,37578504,SVB,
AT1G09310,AT5G22290,GRN_regulates,1,37578504,,
AT2G25930,AT2G45660,GRN_represses,1,33822231,,SOC1
AT1G68840,AT2G45660,GRN_represses,1,33822231,RAV2,SOC1
AT5G59980,AT1G68840,GRN_regulates,1,33822231,,RAV2
AT2G19520,AT2G45660,GRN_activates,1,18612241,,SOC1
AT3G57520,AT4G08150,GRN_represses,1,12750468,,KNAT1
AT4G31780,AT4G02510,GRN_represses,1,25557464,MGD1,
AT3G17690,AT3G19710,GRN_regulates,1,31076540,,BCAT4
AT3G17000,AT2G37170,GRN_regulates,1,34015125,,PIP2B
AT1G18470,AT5G05410,GRN_activates,1,32757028,,DREB2A
AT1G18470,AT5G15960,GRN_activates,1,32757028,,KIN1
AT1G18470,AT5G52310,GRN_activates,1,32757028,,RD29A
AT1G18470,AT1G20450,GRN_activates,1,32757028,,ERD10
AT5G15410,AT1G07890,GRN_regulates,1,29275210,,APX1
AT4G25760,AT5G64900,GRN_represses,1,24450616,,PEP1
AT5G57685,AT5G64900,GRN_represses,1,24450616,GDU3,PEP1
AT5G24920,AT5G64900,GRN_represses,1,24450616,,PEP1
AT2G38470,AT2G43010,GRN_regulates,1,32423827,WRKY33,
AT2G43010,AT2G38470,GRN_regulates,1,32423827,,WRKY33
AT4G26840,AT1G72930,GRN_represses,1,34145454,,TIR
AT5G55160,AT1G72930,GRN_represses,1,34145454,,TIR
AT4G03550,AT3G25250,GRN_activates,1,29777502,,OXI1
AT4G24470,AT4G34410,GRN_represses,1,31011153,ZIM,ERF109
AT2G30520,AT5G58140,GRN_activates,1,36794876,RPT2,
AT1G12860,AT4G25470,GRN_activates,1,26311645,,DREB1C
AT4G37650,AT3G15510,GRN_activates,1,32111671,,NAC056
AT4G37650,AT4G28500,GRN_activates,1,32111671,,NAC073
AT3G25220,AT1G12240,GRN_represses,1,32945964,,BFRUCT4
AT4G36860,AT1G69690,GRN_regulates,1,25757472,,TCP15
AT2G39830,AT1G69690,GRN_regulates,1,25757472,,TCP15
AT5G16710,AT2G41730,GRN_activates,1,34315597,,
AT2G21230,AT1G02920,GRN_activates,1,23009097,,GSTF7
AT5G62000,AT5G08640,GRN_regulates,1,35857143,,FLS1
AT5G62000,AT4G22880,GRN_regulates,1,35857143,,LDOX
AT5G62000,AT3G59030,GRN_regulates,1,35857143,,DTX41
AT5G62000,AT5G17220,GRN_regulates,1,35857143,,GSTF12
AT1G72930,AT4G01250,GRN_regulates,1,23897923,TIR,
AT3G27920,AT4G34160,GRN_regulates,1,19704586,,CYCD3-1
AT1G32060,AT3G26650,GRN_regulates,1,15533878,PRK,GAPA1
AT1G32060,AT1G42970,GRN_regulates,1,15533878,PRK,GAPB
AT4G36930,AT2G45660,GRN_regulates,1,29966653,,SOC1
AT5G57050,AT2G45660,GRN_represses,1,38280208,,SOC1
AT2G23670,AT4G26850,GRN_activates,1,16648217,YCF37,
AT3G59410,AT4G36990,GRN_activates,1,31428690,,HSFB1
AT4G16890,AT5G60410,GRN_activates,1,30543996,SNC1,
AT2G20570,AT1G80840,GRN_regulates,1,30723180,GPRI1,WRKY40
AT2G40410,AT1G07890,GRN_activates,1,30824054,,APX1
AT3G26520,AT2G01980,GRN_regulates,1,29278770,TIP1-2,
AT3G26520,AT5G35410,GRN_regulates,1,29278770,TIP1-2,
AT3G26520,AT5G24270,GRN_regulates,1,29278770,TIP1-2,
AT3G26520,AT4G25480,GRN_regulates,1,29278770,TIP1-2,
AT3G26520,AT5G05410,GRN_regulates,1,29278770,TIP1-2,DREB2A
AT3G12780,AT1G79550,GRN_represses,1,28951489,PGK1,PGK3
AT3G52430,AT5G51290,GRN_represses,1,34180563,PAD4,
AT3G55560,AT2G16910,GRN_activates,1,32284551,AHL15,
AT2G39800,AT1G12110,GRN_activates,1,22685171,,NPF6.3
AT5G44070,AT1G12110,GRN_activates,1,22685171,,NPF6.3
AT5G17230,AT5G28750,GRN_regulates,1,17873090,PSY,
AT1G75540,AT3G50660,GRN_activates,1,37847120,BBX21,
AT1G75540,AT5G39860,GRN_represses,1,37847120,BBX21,PRE1
AT1G75540,AT1G74500,GRN_represses,1,37847120,BBX21,
AT1G75540,AT1G71030,GRN_represses,1,37847120,BBX21,ATMYBL2
AT1G75540,AT4G14560,GRN_represses,1,37847120,BBX21,IAA1
AT1G75540,AT5G43700,GRN_represses,1,37847120,BBX21,IAA4
AT4G35760,AT5G45680,GRN_activates,1,23689258,,FKBP13
AT5G04275,AT5G63580,GRN_regulates,1,30337428,,FLS2
AT2G28550,AT5G63580,GRN_represses,1,30337428,RAP2.7,FLS2
AT5G60120,AT5G63580,GRN_represses,1,30337428,TOE2,FLS2
AT5G64330,AT5G58140,GRN_activates,1,35068333,RPT3,
AT2G36270,AT2G32830,GRN_regulates,1,35718336,ABI5,
AT2G36270,AT4G04450,GRN_regulates,1,35718336,ABI5,
AT3G01480,AT1G69960,GRN_regulates,1,31639536,CYP38,
AT1G75080,AT1G05010,GRN_represses,1,32114884,,ACO4
AT3G23240,AT1G13300,GRN_regulates,1,37366219,,HRS1
AT1G13300,AT3G23240,GRN_activates,1,37366219,HRS1,
AT3G27750,ATCG00360,GRN_regulates,1,22495966,,YCF3
AT1G32770,AT3G55990,GRN_regulates,1,23659919,NAC012,ESK1
AT5G42650,AT2G27880,GRN_activates,1,36853196,CYP74A,AGO5
AT4G37930,AT5G26780,GRN_regulates,1,16339799,SHM1,
AT1G55330,AT1G75080,GRN_activates,1,32064614,AGP21,
AT3G42770,AT1G62300,GRN_regulates,1,29567663,,WRKY6
AT5G47910,AT1G77120,GRN_activates,1,28337518,,ADH1
AT1G64060,AT1G77120,GRN_activates,1,28337518,,ADH1
AT3G06290,AT4G37010,GRN_regulates,1,31860002,,CEN2
AT1G76180,AT2G30860,GRN_activates,1,31870857,,GSTF9
AT3G22370,AT3G28910,GRN_regulates,1,31951058,AOX1A,
AT5G14740,AT1G71880,GRN_represses,1,23220235,,SUC1
AT1G04240,AT1G19850,GRN_represses,1,15889151,SHY2,ARF5
AT3G20320,AT2G18950,GRN_represses,1,20345604,,HPT1
AT1G65410,AT2G18950,GRN_represses,1,20345604,,HPT1
AT3G06960,AT2G18950,GRN_represses,1,20345604,,HPT1
AT5G47910,AT1G55020,GRN_activates,1,23314084,,LOX1
AT1G79840,AT3G51770,GRN_regulates,1,38497551,,ETO1
AT4G01370,AT2G42530,GRN_regulates,1,29024849,,COR15B
AT4G09960,AT3G50660,GRN_represses,1,35261232,STK,
AT4G09960,AT1G48100,GRN_represses,1,35261232,STK,
AT4G09960,AT4G30270,GRN_activates,1,35261232,STK,XTH24
AT5G24270,AT2G38170,GRN_activates,1,14583601,,CAX1
AT1G67960,AT1G08450,GRN_regulates,1,21954464,,CRT3
AT4G12720,AT4G16890,GRN_regulates,1,23004358,,SNC1
AT2G04450,AT4G16890,GRN_regulates,1,23004358,,SNC1
AT2G47240,AT1G79700,GRN_activates,1,27337244,LACS1,
AT1G67730,AT1G79700,GRN_activates,1,27337244,,
AT5G10480,AT1G79700,GRN_activates,1,27337244,PAS2,
AT3G55360,AT1G79700,GRN_activates,1,27337244,,
AT1G12110,AT1G72180,GRN_represses,1,33453414,NPF6.3,CEPR2
AT1G12110,AT3G17000,GRN_represses,1,33453414,NPF6.3,
AT1G12110,AT5G50430,GRN_represses,1,33453414,NPF6.3,
AT1G75540,AT1G78600,GRN_regulates,1,28827171,BBX21,
AT1G75540,AT1G78440,GRN_regulates,1,28827171,BBX21,
AT3G56710,AT4G33630,GRN_activates,1,34951648,SIB1,
AT3G56710,AT2G20570,GRN_regulates,1,34951648,SIB1,GPRI1
AT5G10280,AT5G15530,GRN_activates,1,32246506,MYB92,BCCP2
AT3G56970,AT3G46900,GRN_activates,1,33464620,,COPT2
AT5G47390,AT5G54510,GRN_represses,1,25920996,,GH3.6
AT5G10140,AT2G45650,GRN_activates,1,21175890,,AGL6
AT5G15230,AT1G09570,GRN_activates,1,23292879,GASA4,
AT3G22840,AT3G61850,GRN_regulates,1,21299564,ELIP1,DAG1
AT4G14690,AT3G61850,GRN_regulates,1,21299564,ELIP2,DAG1
AT3G54180,AT1G67580,GRN_regulates,1,34999895,CDKB1-1,
AT1G65800,AT3G07360,GRN_activates,1,25831136,SD16,
AT1G73805,AT5G65210,GRN_regulates,1,28898429,SARD1,
AT5G57740,AT5G36880,GRN_activates,1,20511490,,ACS
AT4G25490,AT2G33570,GRN_represses,1,37149782,DREB1B,
AT4G25470,AT2G33570,GRN_represses,1,37149782,DREB1C,
AT5G63310,AT2G28740,GRN_activates,1,10358052,NDPK2,HIS4
AT5G64330,AT1G26830,GRN_regulates,1,17493935,RPT3,
AT5G17890,AT3G52430,GRN_represses,1,20444230,,PAD4
AT5G63580,AT2G27250,GRN_regulates,1,22923674,FLS2,
AT2G47450,AT3G04870,GRN_represses,1,17468780,CAO,ZDS1
AT4G27440,AT3G04870,GRN_represses,1,17468780,PORB,ZDS1
AT1G55270,AT1G73805,GRN_activates,1,35491444,,SARD1
AT5G35620,AT1G12110,GRN_regulates,1,37424317,,NPF6.3
AT4G12470,AT3G06580,GRN_regulates,1,21492954,AZI1,
AT1G75950,AT2G36270,GRN_represses,1,22074111,,ABI5
AT5G42190,AT2G36270,GRN_represses,1,22074111,,ABI5
AT3G28910,AT4G26200,GRN_represses,1,37148388,,ACS7
AT2G20570,AT2G34430,GRN_regulates,1,35132717,GPRI1,LHB1B1
AT2G20570,AT2G05070,GRN_regulates,1,35132717,GPRI1,LHCB2.2
AT3G20770,AT4G09820,GRN_regulates,1,30143593,,TT8
AT1G29860,AT5G39610,GRN_regulates,1,34296474,,NAC92
AT2G47130,AT1G52340,GRN_regulates,1,22153241,SDR3A,
AT5G39610,AT1G76490,GRN_activates,1,34454170,NAC92,
AT5G39610,AT3G21500,GRN_activates,1,34454170,NAC92,DXPS1
AT1G51950,AT1G19850,GRN_represses,1,19363152,,ARF5
AT3G02730,AT3G04870,GRN_regulates,1,11751918,TRXF1,ZDS1
AT5G11260,AT1G72030,GRN_represses,1,35580847,,
AT1G04300,AT3G61710,GRN_regulates,1,28351989,TRAF1B,
AT2G40220,AT1G30620,GRN_regulates,1,31461539,,MUR4
AT5G45600,AT2G45660,GRN_activates,1,23017898,,SOC1
AT4G08920,AT1G42970,GRN_regulates,1,7630933,,GAPB
AT3G23430,AT4G04450,GRN_represses,1,25733771,PHO1,
AT3G16350,AT1G12110,GRN_activates,1,33048402,,NPF6.3
AT2G33700,AT5G52310,GRN_activates,1,22627139,,RD29A
AT2G33700,AT5G05410,GRN_activates,1,22627139,,DREB2A
AT2G33700,AT5G15960,GRN_activates,1,22627139,,KIN1
AT1G69690,AT3G01140,GRN_regulates,1,32453824,TCP15,
AT1G15360,AT1G69690,GRN_regulates,1,32453824,,TCP15
AT5G33370,AT1G69690,GRN_regulates,1,32453824,,TCP15
AT2G35747,AT5G67030,GRN_represses,1,36423345,,ZEP
AT3G01120,AT5G07190,GRN_activates,1,12198195,,ATS3
AT5G35490,AT3G01120,GRN_activates,1,12198195,ATMRU1,
AT5G23280,AT2G45660,GRN_activates,1,34607390,,SOC1
AT5G63860,AT2G14610,GRN_activates,1,12226503,,PR1
AT5G63860,AT1G75040,GRN_activates,1,12226503,,PR5
AT4G36730,AT5G48850,GRN_activates,1,35315155,,SDI1
AT5G19660,AT2G14610,GRN_regulates,1,28846870,,PR1
AT3G44680,AT2G43010,GRN_represses,1,35491506,HDA9,
AT5G11260,AT5G57660,GRN_represses,1,35491506,,COL5
AT3G48590,AT5G04950,GRN_regulates,1,33405355,,NAS1
AT2G36270,AT3G20630,GRN_regulates,1,25266977,ABI5,
AT2G43010,AT4G34530,GRN_regulates,1,33258952,,BHLH63
AT3G48090,AT4G16890,GRN_represses,1,11605952,,SNC1
AT3G51260,AT3G26830,GRN_regulates,1,10590168,,CYP71B15
AT2G30750,AT2G43000,GRN_activates,1,22295908,CYP71A12,
AT2G30770,AT2G43000,GRN_activates,1,22295908,CYP71A13,
AT2G38470,AT2G04450,GRN_regulates,1,19704444,WRKY33,
AT2G38470,AT5G48570,GRN_regulates,1,19704444,WRKY33,
AT2G37550,AT2G45660,GRN_activates,1,27925396,,SOC1
AT4G29130,AT4G02520,GRN_represses,1,18541338,,GSTF2
AT4G29130,ATCG00040,GRN_activates,1,38357785,,MATK
AT4G29130,ATCG00500,GRN_activates,1,38357785,,ACCD
AT4G29130,ATCG01050,GRN_activates,1,38357785,,NDHD
AT3G01090,ATCG00040,GRN_activates,1,38357785,,MATK
AT3G01090,ATCG00500,GRN_activates,1,38357785,,ACCD
AT3G01090,ATCG01050,GRN_activates,1,38357785,,NDHD
AT3G24650,AT4G27160,GRN_regulates,1,15695463,ABI3,AT2S3
AT1G18100,AT4G36930,GRN_regulates,1,23754415,MFT,
AT1G27461,AT1G21970,GRN_represses,1,36083579,,NFYB9
AT1G27461,AT3G24650,GRN_represses,1,36083579,,ABI3
AT3G24650,AT1G27461,GRN_activates,1,36083579,ABI3,
AT2G40220,AT1G27461,GRN_activates,1,36083579,,
AT5G01900,AT3G45140,GRN_represses,1,17510065,WRKY62,LOX2
AT5G01900,AT5G24770,GRN_represses,1,17510065,WRKY62,VSP2
AT2G30980,AT1G19050,GRN_activates,1,29988154,,ARR7
AT1G02220,AT5G62380,GRN_activates,1,31660587,NAC003,
AT3G44300,AT5G08790,GRN_represses,1,22965747,NIT2,
AT5G02030,AT3G54340,GRN_activates,1,19082619,,AP3
AT2G27990,AT3G54340,GRN_activates,1,19082619,,AP3
AT5G37500,AT2G24360,GRN_represses,1,35668674,GORK,
AT3G22170,AT5G22500,GRN_represses,1,11889039,,FAR1
AT5G22500,AT3G22170,GRN_represses,1,11889039,FAR1,
AT2G28550,AT3G20770,GRN_represses,1,36409377,RAP2.7,
AT5G60120,AT3G20770,GRN_represses,1,36409377,TOE2,
AT1G64280,AT5G39610,GRN_activates,1,33501715,,NAC92
AT1G64280,AT5G13170,GRN_activates,1,33501715,,SWEET15
AT1G68520,AT3G20770,GRN_regulates,1,37382898,COL6,
AT5G67300,AT1G68520,GRN_activates,1,37382898,,COL6
AT3G20770,AT1G12110,GRN_represses,1,34505300,,NPF6.3
AT4G24470,AT5G51780,GRN_represses,1,35763421,ZIM,
AT3G19580,AT1G09020,GRN_represses,1,10929106,AZF2,
AT1G27730,AT1G09020,GRN_represses,1,10929106,ZAT10,
AT1G56650,AT2G01150,GRN_activates,1,37946410,MYB75,
AT2G18790,AT1G73870,GRN_represses,1,24908267,,COL7
AT1G73870,AT4G31500,GRN_activates,1,24908267,COL7,CYP83B1
AT2G18790,AT4G31500,GRN_represses,1,24908267,,CYP83B1
AT3G23250,AT3G23430,GRN_regulates,1,28827455,MYB15,PHO1
AT3G49690,AT3G23430,GRN_regulates,1,28827455,,PHO1
AT3G26744,AT3G23430,GRN_regulates,1,28827455,,PHO1
AT5G58950,AT2G41100,GRN_regulates,1,38364992,,CML12
AT1G02740,AT3G15540,GRN_regulates,1,29187567,,IAA19
AT1G02740,AT5G39860,GRN_regulates,1,29187567,,PRE1
AT1G32870,AT2G32950,GRN_regulates,1,31218318,ANAC13,
AT1G32870,AT4G08920,GRN_regulates,1,31218318,ANAC13,
AT1G32870,AT1G04400,GRN_regulates,1,31218318,ANAC13,
AT1G32870,AT3G45780,GRN_regulates,1,31218318,ANAC13,
AT1G09570,AT2G30520,GRN_activates,1,22374392,,RPT2
AT2G14610,AT2G31650,GRN_regulates,1,17965588,PR1,
AT5G18560,AT5G20730,GRN_regulates,1,23749813,,NPH4
AT5G18560,AT1G69120,GRN_activates,1,19482972,,AP1
AT2G41370,AT1G69120,GRN_activates,1,19482972,,AP1
AT1G77300,AT5G64900,GRN_regulates,1,27354553,EFS,PEP1
AT5G42400,AT5G64900,GRN_regulates,1,27354553,,PEP1
AT4G31500,AT2G20610,GRN_activates,1,11114200,CYP83B1,SUR1
AT5G02310,AT1G65450,GRN_regulates,1,19255443,,
AT5G15830,AT3G01090,GRN_regulates,1,31819719,AtbZIP3,
AT3G15030,AT4G38860,GRN_activates,1,30914467,,
AT3G15030,AT4G34760,GRN_activates,1,30914467,,SAUR50
AT1G25540,AT5G60910,GRN_activates,1,31125430,,AGL8
AT1G05560,AT3G24650,GRN_represses,1,31894456,UGT1,ABI3
AT1G05560,AT2G36270,GRN_represses,1,31894456,UGT1,ABI5
AT1G05560,AT5G52310,GRN_represses,1,31894456,UGT1,RD29A
AT1G05560,AT5G15960,GRN_represses,1,31894456,UGT1,KIN1
AT5G21482,AT4G09960,GRN_activates,1,32101756,CKX7,STK
AT2G32950,AT1G75520,GRN_activates,1,30150309,,SRS5
AT1G75520,AT1G75540,GRN_activates,1,30150309,SRS5,BBX21
AT1G75520,AT1G78600,GRN_activates,1,30150309,SRS5,
AT2G24790,AT2G32950,GRN_represses,1,16339850,COL3,
AT2G24790,AT4G10180,GRN_represses,1,16339850,COL3,
AT2G36890,AT1G44575,GRN_regulates,1,18397371,,PSBS
AT2G20570,AT2G14610,GRN_represses,1,17533111,GPRI1,PR1
AT2G46690,AT3G27810,GRN_activates,1,36932949,SAUR32,
AT1G68880,AT3G27690,GRN_regulates,1,25387999,,LHCB2.4
AT5G58470,AT4G16890,GRN_represses,1,26713351,,SNC1
AT3G57230,AT4G10310,GRN_represses,1,34605021,,HKT1
AT1G62830,AT5G28640,GRN_activates,1,30964380,,GIF1
AT5G25610,AT4G33950,GRN_represses,1,12514244,RD22,
AT1G33560,AT4G16890,GRN_activates,1,37944492,,SNC1
AT4G16890,AT1G33560,GRN_represses,1,27074399,SNC1,
AT4G16860,AT1G33560,GRN_represses,1,27074399,RPP4,
AT4G26070,AT5G52310,GRN_activates,1,16913865,,RD29A
AT4G29810,AT5G52310,GRN_activates,1,16913865,,RD29A
AT5G40440,AT5G52310,GRN_activates,1,16913865,,RD29A
AT4G26070,AT5G52300,GRN_activates,1,16913865,,LTI65
AT4G29810,AT5G52300,GRN_activates,1,16913865,,LTI65
AT5G40440,AT5G52300,GRN_activates,1,16913865,,LTI65
AT5G56580,AT5G52300,GRN_activates,1,16913865,MKK6,LTI65
AT3G06230,AT5G52300,GRN_activates,1,16913865,,LTI65
AT3G54610,AT2G01530,GRN_regulates,1,26002909,HAG1,MLP329
AT3G54610,AT2G39380,GRN_regulates,1,26002909,HAG1,
AT3G54610,AT2G47160,GRN_regulates,1,26002909,HAG1,BOR1
AT3G54610,AT4G05200,GRN_regulates,1,26002909,HAG1,
AT3G54610,AT5G57380,GRN_regulates,1,19825652,HAG1,
AT2G26150,AT3G54610,GRN_represses,1,26576681,,HAG1
AT5G03720,AT3G54610,GRN_represses,1,26576681,,HAG1
AT3G24500,AT3G54610,GRN_represses,1,26576681,,HAG1
AT1G03190,AT3G54610,GRN_represses,1,26576681,,HAG1
AT5G07690,AT5G07700,GRN_regulates,1,23792303,MYB29,
AT2G44810,AT3G25250,GRN_regulates,1,31123095,,OXI1
AT2G35520,AT3G25250,GRN_regulates,1,31123095,,OXI1
AT2G22670,AT2G44810,GRN_represses,1,23483289,IAA8,
AT2G22670,AT5G42650,GRN_represses,1,23483289,IAA8,CYP74A
AT5G63870,AT3G12580,GRN_activates,1,17238907,PP7,MED37C
AT5G63870,AT1G74310,GRN_activates,1,17238907,PP7,
AT4G17460,AT1G16540,GRN_represses,1,29659577,HAT1,
AT1G59640,AT3G54340,GRN_activates,1,16902407,BPE,AP3
AT1G59640,AT1G69120,GRN_activates,1,16902407,BPE,AP1
AT1G59640,AT2G06050,GRN_represses,1,19765234,BPE,OPR3
AT1G07350,AT5G44200,GRN_activates,1,33421141,SR45A,CBP20
AT2G02080,AT4G39640,GRN_regulates,1,27418588,,GGT1
AT5G52640,AT3G02885,GRN_represses,1,21835493,HSP90-1,
AT2G28910,AT3G51860,GRN_activates,1,14960315,,CAX3
AT3G25040,AT1G08450,GRN_regulates,1,19717464,,CRT3
AT5G45360,AT2G36270,GRN_regulates,1,37462265,,ABI5
AT3G23700,ATCG00020,GRN_represses,1,31793101,,PSBA
AT3G23700,ATCG00440,GRN_activates,1,31793101,,NDHC
AT5G11260,AT5G23120,GRN_regulates,1,32439719,,HCF136
AT1G75520,AT2G42430,GRN_represses,1,31403703,SRS5,
AT1G75520,AT3G58190,GRN_represses,1,31403703,SRS5,
AT5G20730,AT1G75520,GRN_represses,1,31403703,NPH4,SRS5
AT4G14890,AT1G69120,GRN_represses,1,33458938,FdC2,AP1
AT4G16280,AT1G69120,GRN_activates,1,10097382,,AP1
AT2G44940,AT1G20450,GRN_activates,1,35312081,,ERD10
AT5G60910,AT3G57670,GRN_represses,1,23515580,AGL8,
AT5G20930,AT4G37490,GRN_represses,1,15047893,,CYCB1-1
AT5G14170,AT5G57660,GRN_activates,1,24443518,,COL5
AT5G62470,AT3G58190,GRN_represses,1,32081254,MYB96,
AT1G19490,AT3G14440,GRN_activates,1,33007532,,NCED3
AT3G17810,AT3G14440,GRN_activates,1,33007532,,NCED3
AT3G15730,AT1G20440,GRN_activates,1,16949955,,COR47
AT3G15730,AT5G52310,GRN_activates,1,16949955,,RD29A
AT3G15730,AT4G25490,GRN_activates,1,16949955,,DREB1B
AT1G55660,AT3G24650,GRN_represses,1,33218620,,ABI3
AT1G55660,AT2G36270,GRN_represses,1,33218620,,ABI5
AT5G15090,AT5G25610,GRN_represses,1,38109831,,RD22
AT5G20730,AT2G14610,GRN_represses,1,32846118,NPH4,PR1
AT5G20730,AT3G57260,GRN_represses,1,32846118,NPH4,BGL2
AT1G02170,AT1G65060,GRN_regulates,1,34515495,,4CL3
AT2G40880,AT4G25480,GRN_regulates,1,18523728,CYS3,
AT1G21970,AT4G25140,GRN_activates,1,27208266,NFYB9,OLEO1
AT2G29990,AT3G22370,GRN_activates,1,16258072,,AOX1A
AT2G46020,AT1G70940,GRN_regulates,1,25991732,,PIN3
AT2G46020,AT2G01420,GRN_regulates,1,25991732,,PIN4
AT3G54340,AT1G30950,GRN_activates,1,11526079,AP3,
AT2G02160,AT4G25140,GRN_activates,1,26858286,,OLEO1
AT5G53450,AT3G56970,GRN_regulates,1,12887587,PAP14,
AT5G53450,AT3G56980,GRN_regulates,1,12887587,PAP14,
AT2G25170,AT3G28270,GRN_represses,1,37209253,,
AT3G24650,AT4G17788,GRN_represses,1,32445409,ABI3,
AT3G26790,AT1G21970,GRN_represses,1,15695450,,NFYB9
AT1G21970,AT1G62290,GRN_activates,1,15695450,NFYB9,APA2
AT3G26790,AT1G62290,GRN_regulates,1,15695450,,APA2
AT3G26790,AT5G10510,GRN_activates,1,37418568,,AIL6
AT3G20840,AT5G28640,GRN_represses,1,22669825,,GIF1
AT3G52430,AT4G20380,GRN_regulates,1,11595797,PAD4,
AT3G24650,AT4G16160,GRN_regulates,1,16709189,ABI3,OEP162
AT2G36270,AT4G16160,GRN_regulates,1,16709189,ABI5,OEP162
AT5G05410,AT5G05860,GRN_activates,1,26025529,DREB2A,UGT76C2
AT5G25610,AT5G05860,GRN_activates,1,26025529,RD22,UGT76C2
AT1G20440,AT5G05860,GRN_activates,1,26025529,COR47,UGT76C2
AT5G15960,AT5G05860,GRN_activates,1,26025529,KIN1,UGT76C2
AT5G35750,AT5G05860,GRN_activates,1,26025529,,UGT76C2
AT1G27320,AT5G05860,GRN_activates,1,26025529,,UGT76C2
AT2G01830,AT5G05860,GRN_activates,1,26025529,,UGT76C2
AT3G16857,AT5G05860,GRN_activates,1,26025529,,UGT76C2
AT4G01550,AT1G17170,GRN_represses,1,27975189,,GSTU24
AT2G47190,AT5G23000,GRN_represses,1,32970176,ATMYB2,
AT2G05940,AT5G11670,GRN_activates,1,35276409,,NADP-ME2
AT5G04340,AT5G44070,GRN_activates,1,26983992,ZAT6,
AT2G45660,AT5G11977,GRN_regulates,1,22268548,SOC1,
AT3G59950,AT2G45660,GRN_activates,1,35852462,,SOC1
AT5G45900,AT2G45660,GRN_activates,1,35852462,ATG7,SOC1
AT2G40810,AT2G45660,GRN_activates,1,35852462,,SOC1
AT2G20570,AT2G35260,GRN_regulates,1,35348770,GPRI1,
AT4G22680,AT1G75080,GRN_represses,1,34922335,MYB85,
AT5G61380,AT3G51800,GRN_activates,1,35297190,,ATG2
AT1G19350,AT2G20570,GRN_represses,1,21214652,,GPRI1
AT4G33070,AT5G52310,GRN_regulates,1,23573000,PDC1,RD29A
AT2G43010,AT1G04240,GRN_represses,1,33153717,,SHY2
AT4G12560,ATCG00160,GRN_regulates,1,36655859,,RPS2
ATCG00160,AT4G14350,GRN_represses,1,12566575,RPS2,
AT5G56030,AT4G16860,GRN_represses,1,24611624,,RPP4
AT3G13540,AT2G47190,GRN_activates,1,26410301,,ATMYB2
AT4G09960,AT3G13540,GRN_represses,1,38146678,STK,
AT4G09960,AT3G48460,GRN_represses,1,38146678,STK,
AT2G38470,AT1G17380,GRN_regulates,1,27268959,WRKY33,TIFY11A
AT5G64900,AT3G62980,GRN_represses,1,31123046,PEP1,
AT4G39110,AT3G51300,GRN_activates,1,33756107,,ARAC11
AT2G33480,AT5G03760,GRN_regulates,1,24243147,NAC041,CSLA9
AT4G26080,AT5G37500,GRN_regulates,1,14596925,,GORK
AT5G57050,AT5G37500,GRN_regulates,1,14596925,,GORK
AT1G73590,AT2G26170,GRN_activates,1,36084353,PIN1,
AT2G20560,AT2G45660,GRN_activates,1,21343416,,SOC1
AT3G47500,AT5G59820,GRN_regulates,1,28044345,CDF3,ZAT12
AT2G18915,AT1G68050,GRN_activates,1,21518052,,ADO3
AT5G61060,AT2G36270,GRN_activates,1,29018096,HDA05,ABI5
AT5G61060,AT1G52890,GRN_activates,1,29018096,HDA05,NAC019
AT3G21560,AT1G30330,GRN_represses,1,29027578,,ARF6
AT3G21560,AT5G37020,GRN_represses,1,29027578,,ARF8
AT3G21560,AT2G45660,GRN_represses,1,29027578,,SOC1
AT3G21560,AT1G69120,GRN_represses,1,29027578,,AP1
AT5G03790,AT4G24540,GRN_regulates,1,22040363,,AGL24
AT4G24540,AT1G69120,GRN_activates,1,22040363,AGL24,AP1
AT2G22540,AT1G69120,GRN_activates,1,22040363,,AP1
AT5G56550,AT1G69120,GRN_represses,1,31540691,,AP1
AT4G14030,AT1G69120,GRN_regulates,1,20202170,,AP1
AT4G14030,AT5G60910,GRN_activates,1,20202170,,AGL8
AT5G41040,AT5G54230,GRN_regulates,1,32406163,HHT1,
AT3G30720,AT5G50790,GRN_represses,1,35193747,QQS,SWEET10
AT5G63470,AT5G50790,GRN_represses,1,35193747,,SWEET10
AT4G27410,AT4G33150,GRN_activates,1,29659022,RD26,
AT4G27410,AT1G54570,GRN_activates,1,29659022,RD26,
AT1G33760,AT4G08950,GRN_activates,1,37553544,ERF022,EXO
AT1G33760,AT3G10520,GRN_activates,1,37553544,ERF022,AHB2
AT1G33760,AT5G14470,GRN_activates,1,37553544,ERF022,
AT1G33760,AT3G27940,GRN_activates,1,37553544,ERF022,
AT1G33760,AT5G43890,GRN_activates,1,37553544,ERF022,
AT4G22950,AT1G69120,GRN_activates,1,16778081,,AP1
AT5G05690,AT1G14440,GRN_represses,1,35937534,CYP90A1,
AT5G52310,AT2G33230,GRN_activates,1,22109847,RD29A,
AT2G42540,AT2G33230,GRN_activates,1,22109847,COR15A,
AT3G61120,AT3G54340,GRN_regulates,1,24164574,,AP3
AT3G61120,AT2G45650,GRN_activates,1,24164574,,AGL6
AT2G45650,AT3G61120,GRN_represses,1,24164574,AGL6,
AT4G24650,AT1G69120,GRN_regulates,1,19913077,,AP1
AT5G60910,AT5G51780,GRN_activates,1,21324706,AGL8,
AT5G42900,AT2G46830,GRN_regulates,1,27837007,,CCA1
AT4G33980,AT2G46830,GRN_regulates,1,27837007,,CCA1
AT1G06390,AT5G52310,GRN_activates,1,11532176,,RD29A
AT2G41070,AT1G68880,GRN_represses,1,21279647,EEL,
AT3G48880,AT1G04300,GRN_regulates,1,29770510,,TRAF1B
AT5G22920,AT3G56400,GRN_regulates,1,33492673,RZPF34,WRKY70
AT4G24470,AT1G10550,GRN_activates,1,14966217,ZIM,
ATCG00500,ATCG00490,GRN_regulates,1,26003009,ACCD,RBCL
AT4G34410,AT1G43160,GRN_regulates,1,25882345,ERF109,RAP2-6
AT5G63610,AT2G14610,GRN_activates,1,31110139,,PR1
AT2G13810,AT4G19040,GRN_represses,1,21530897,ALD1,
AT2G13810,AT1G08720,GRN_represses,1,21530897,ALD1,
AT3G21510,AT1G19050,GRN_activates,1,23525762,,ARR7
AT3G29350,AT1G19050,GRN_activates,1,23525762,,ARR7
AT2G40740,AT5G13320,GRN_activates,1,32680933,,PBS3
AT1G02900,AT5G57090,GRN_regulates,1,32541006,RALF1,
AT1G02900,AT4G39400,GRN_regulates,1,32541006,RALF1,
AT1G69220,AT1G73590,GRN_regulates,1,33652206,,PIN1
AT1G71010,AT1G73590,GRN_regulates,1,37934824,,PIN1
AT2G40750,AT1G73805,GRN_activates,1,34120569,WRKY54,SARD1
AT2G40750,AT5G26920,GRN_activates,1,34120569,WRKY54,CBP60G
AT3G56400,AT5G26920,GRN_activates,1,34120569,WRKY70,CBP60G
AT5G62570,AT5G26920,GRN_represses,1,24134885,,CBP60G
AT2G46830,AT1G74710,GRN_activates,1,26139525,CCA1,
AT1G30480,AT3G24650,GRN_regulates,1,32123040,,ABI3
AT1G28580,AT5G12870,GRN_activates,1,35577991,,MYB46
AT2G16910,AT4G30860,GRN_regulates,1,17978851,,ASHR3
AT5G62470,AT4G18350,GRN_activates,1,25616734,MYB96,NCED2
AT5G62470,AT1G30100,GRN_activates,1,25616734,MYB96,
AT5G62470,AT3G24220,GRN_activates,1,25616734,MYB96,
AT5G62470,AT1G78390,GRN_activates,1,25616734,MYB96,
AT4G32650,AT5G46240,GRN_represses,1,19794113,,KAT1
AT2G26650,AT5G46240,GRN_represses,1,19794113,AKT1,KAT1
AT3G08960,AT4G16890,GRN_represses,1,34153500,,SNC1
AT5G22220,AT4G30860,GRN_regulates,1,25034019,,ASHR3
AT5G63580,AT5G49330,GRN_regulates,1,38031484,FLS2,
AT5G13630,AT4G25080,GRN_activates,1,17135235,CHLH,
AT5G38480,AT1G75240,GRN_activates,1,36652435,,ZHD5
AT2G21385,AT1G59610,GRN_activates,1,27208269,,
AT4G27560,AT4G25490,GRN_regulates,1,27599367,,DREB1B
AT4G27570,AT4G25490,GRN_regulates,1,27599367,,DREB1B
AT4G25490,AT4G27570,GRN_regulates,1,27599367,DREB1B,
AT2G38470,AT5G57220,GRN_activates,1,35257500,WRKY33,CYP81F2
AT2G38470,AT1G21100,GRN_activates,1,35257500,WRKY33,IGMT1
AT2G38470,AT1G21120,GRN_activates,1,35257500,WRKY33,
AT4G34160,AT1G64520,GRN_activates,1,11826296,CYCD3-1,
AT1G77760,AT1G64520,GRN_activates,1,11826296,NIA1,
AT4G16845,AT1G69120,GRN_represses,1,12730378,,AP1
AT3G01310,AT5G45340,GRN_activates,1,22452852,,
AT2G38470,AT5G63450,GRN_regulates,1,32928900,WRKY33,CYP94B1
AT2G26490,AT3G15030,GRN_regulates,1,27468890,JGB,
AT5G43760,AT1G68530,GRN_regulates,1,15914083,,CUT1
AT3G04030,AT3G47340,GRN_represses,1,28818378,,ASN1
AT2G47060,AT2G47050,GRN_represses,1,32816352,,
AT2G18050,AT5G35410,GRN_represses,1,35474141,HIS1-3,
AT5G62230,AT2G20875,GRN_regulates,1,22241782,ERL1,
AT1G12110,AT1G02860,GRN_activates,1,28032637,NPF6.3,
AT5G12870,AT1G66810,GRN_regulates,1,22271306,MYB46,
AT5G56780,AT5G15230,GRN_regulates,1,17991462,,GASA4
AT1G19210,AT5G13800,GRN_activates,1,27037684,ERF017,PPH
AT4G30210,AT4G36220,GRN_represses,1,30962392,ATR2,CYP84A1
AT1G71260,AT5G13170,GRN_activates,1,32900978,,SWEET15
AT1G71260,AT3G48740,GRN_represses,1,32900978,,SWEET11
AT3G02480,AT5G25900,GRN_activates,1,10965941,,
AT1G73687,AT2G36270,GRN_represses,1,35244224,,ABI5
AT1G05680,AT1G77300,GRN_activates,1,18602372,UGT74E2,EFS
AT3G58780,AT5G18000,GRN_regulates,1,20581305,,VDD
AT2G42830,AT5G18000,GRN_regulates,1,20581305,SHP2,VDD
AT3G30720,AT5G17520,GRN_activates,1,19154206,QQS,
AT3G30720,AT1G73660,GRN_activates,1,19154206,QQS,
AT4G02520,AT1G66340,GRN_represses,1,12881503,GSTF2,
AT2G36270,AT2G20580,GRN_activates,1,27474935,ABI5,
AT5G25610,AT2G20580,GRN_activates,1,27474935,RD22,
AT5G52310,AT2G20580,GRN_activates,1,27474935,RD29A,
AT1G77300,AT1G06820,GRN_regulates,1,19952001,EFS,
AT2G47015,AT1G17180,GRN_regulates,1,36682886,,GSTU25
AT5G03280,AT5G52300,GRN_regulates,1,17533512,,LTI65
AT1G45249,AT1G52340,GRN_represses,1,11005831,ABF2,
AT1G45249,AT4G26080,GRN_represses,1,11005831,ABF2,
AT1G20440,AT4G27410,GRN_activates,1,28776695,COR47,RD26
AT1G02930,AT4G27410,GRN_activates,1,28776695,GSTF6,RD26
AT5G25610,AT4G27410,GRN_activates,1,28776695,RD22,RD26
AT5G05410,AT4G27410,GRN_activates,1,28776695,DREB2A,RD26
AT1G20440,AT1G01720,GRN_represses,1,28776695,COR47,
AT1G02930,AT1G01720,GRN_represses,1,28776695,GSTF6,
AT5G25610,AT1G01720,GRN_represses,1,28776695,RD22,
AT5G05410,AT1G01720,GRN_represses,1,28776695,DREB2A,
AT2G40340,AT2G42540,GRN_activates,1,24737413,,COR15A
AT4G08920,AT3G59060,GRN_regulates,1,36305219,,PIF5
AT3G54170,AT3G59060,GRN_regulates,1,36305219,,PIF5
AT1G54040,AT4G23810,GRN_represses,1,17369373,,WRKY53
AT4G28520,AT1G43850,GRN_regulates,1,18184731,CRC,
AT4G33950,AT1G05100,GRN_regulates,1,26852793,,MAPKKK18
AT1G43160,AT5G52310,GRN_activates,1,32619295,RAP2-6,RD29A
AT1G43160,AT2G42540,GRN_activates,1,32619295,RAP2-6,COR15A
AT5G63610,AT1G43160,GRN_regulates,1,32619295,,RAP2-6
AT1G30330,AT4G38850,GRN_activates,1,32651188,ARF6,
AT5G20730,AT4G38850,GRN_activates,1,32651188,NPH4,
AT1G62310,AT1G56600,GRN_activates,1,37553833,,GOLS2
AT3G54340,AT5G56860,GRN_represses,1,18417639,AP3,
AT3G17860,AT2G36270,GRN_represses,1,30802963,,ABI5
AT3G24650,AT3G23240,GRN_activates,1,37450369,ABI3,
AT3G23240,AT3G24650,GRN_activates,1,37450369,,ABI3
AT3G23240,AT2G36270,GRN_regulates,1,37450369,,ABI5
AT3G24650,AT1G73590,GRN_regulates,1,37450369,ABI3,PIN1
AT3G24650,AT2G38120,GRN_regulates,1,37450369,ABI3,
AT3G24650,AT5G20730,GRN_regulates,1,37450369,ABI3,NPH4
AT5G16600,AT4G15900,GRN_regulates,1,35129221,MYB43,
AT5G13330,AT3G54720,GRN_activates,1,29884678,ERF113,
AT5G66400,AT3G44880,GRN_activates,1,16211388,RAB18,
AT5G23720,AT2G23600,GRN_represses,1,16889651,,ACL
AT5G40730,AT2G42940,GRN_represses,1,25616387,AGP24,
AT3G01700,AT2G42940,GRN_represses,1,25616387,AGP11,
AT3G57690,AT2G42940,GRN_represses,1,25616387,AGP23,
AT3G20865,AT2G42940,GRN_represses,1,25616387,AGP40,
AT1G74710,AT5G62470,GRN_activates,1,20149112,,MYB96
AT5G25900,AT2G14610,GRN_activates,1,19439570,,PR1
AT5G60200,AT1G31320,GRN_regulates,1,31806676,DOF5.3,
AT5G61480,AT5G60200,GRN_regulates,1,31806676,,DOF5.3
AT2G30950,AT4G16390,GRN_represses,1,20935174,VAR2,
AT5G03940,AT2G30950,GRN_represses,1,36994815,,VAR2
AT1G16540,AT5G52310,GRN_activates,1,11549764,,RD29A
AT1G16540,AT2G42540,GRN_activates,1,11549764,,COR15A
AT1G16540,AT1G20440,GRN_activates,1,11549764,,COR47
AT1G16540,AT5G25610,GRN_activates,1,11549764,,RD22
AT1G71720,ATCG00540,GRN_activates,1,30962391,,PETA
AT3G16500,AT2G42200,GRN_activates,1,34260932,,SPL9
AT4G13555,AT2G29130,GRN_regulates,1,38042003,,LAC2
AT4G24660,AT5G20730,GRN_regulates,1,36017638,,NPH4
AT2G38470,AT4G24470,GRN_activates,1,22392279,WRKY33,ZIM
AT4G19690,AT5G27420,GRN_regulates,1,36738191,,ATL31
AT2G24490,AT5G52310,GRN_activates,1,16326925,RPA2A,RD29A
AT3G15210,AT1G15570,GRN_represses,1,35775119,,CYCA2-3
AT3G15210,AT1G69690,GRN_regulates,1,35775119,,TCP15
AT1G69690,AT3G15210,GRN_regulates,1,35775119,TCP15,
AT5G24240,AT1G77300,GRN_represses,1,29372509,PI4KG3,EFS
AT3G24730,AT3G27660,GRN_represses,1,34780096,,OL2
AT4G36920,AT1G71030,GRN_activates,1,38053331,,ATMYBL2
AT5G17300,AT3G24650,GRN_activates,1,32277734,,ABI3
AT1G37130,AT2G15620,GRN_regulates,1,9014362,NIA2,NIR1
AT1G19850,AT3G15170,GRN_activates,1,23941199,ARF5,
AT5G20730,AT1G19850,GRN_represses,1,25944102,NPH4,ARF5
AT5G07690,AT3G22370,GRN_regulates,1,28167700,MYB29,AOX1A
AT1G64520,AT3G48100,GRN_regulates,1,19812900,,ARR5
AT4G30080,AT2G36270,GRN_activates,1,36516412,,ABI5
AT1G32770,AT1G09610,GRN_regulates,1,23045523,NAC012,GXM1
AT1G32770,AT4G09990,GRN_regulates,1,23045523,NAC012,
AT1G32770,AT1G33800,GRN_regulates,1,23045523,NAC012,GXM3
AT4G26080,AT4G27410,GRN_regulates,1,31357236,,RD26
AT4G36220,AT2G30490,GRN_regulates,1,9618461,CYP84A1,
AT5G47370,AT1G70940,GRN_represses,1,34420215,,PIN3
AT3G01970,AT5G44070,GRN_activates,1,37703737,WRKY45,
AT3G01970,AT1G03980,GRN_activates,1,37703737,WRKY45,
AT5G27350,AT5G27360,GRN_regulates,1,11485201,SFP1,SFP2
AT5G39760,AT1G77690,GRN_activates,1,31444832,,LAX3
AT2G40060,AT1G70940,GRN_activates,1,26458873,,PIN3
AT3G51890,AT1G70940,GRN_activates,1,26458873,,PIN3
AT2G41850,AT1G04250,GRN_activates,1,23509178,,IAA17
AT5G06870,AT5G06860,GRN_activates,1,22771916,PGIP2,
AT5G51110,AT4G34000,GRN_regulates,1,25616872,ATP1,
AT5G51110,AT3G19290,GRN_regulates,1,25616872,ATP1,
AT1G11545,AT5G60410,GRN_represses,1,20007967,XTH8,
AT3G44990,AT5G60410,GRN_represses,1,20007967,XTH31,
AT2G20570,AT5G44190,GRN_activates,1,19383092,GPRI1,GLK2
AT2G27880,AT4G27330,GRN_regulates,1,32105323,AGO5,
AT5G40820,AT2G35210,GRN_activates,1,19619158,,AGD10
AT1G71030,AT1G19350,GRN_represses,1,23169658,ATMYBL2,
AT5G20730,AT1G75080,GRN_represses,1,26608667,NPH4,
AT2G19760,AT3G12110,GRN_represses,1,26578694,,ACT11
AT4G29350,AT3G12110,GRN_represses,1,26578694,,ACT11
ATCG00730,AT1G09340,GRN_regulates,1,16633814,PETD,CRB
AT5G45890,AT1G76490,GRN_activates,1,14871314,SAG12,
AT2G17970,AT3G24650,GRN_regulates,1,36263999,,ABI3
AT2G02470,AT3G03530,GRN_regulates,1,23432399,,NPC4
AT5G43630,AT2G37678,GRN_regulates,1,29588390,TZP,
AT3G15210,AT1G17950,GRN_regulates,1,33709105,,MYB52
AT1G02340,AT1G26945,GRN_represses,1,23224238,,PRE6
AT2G36270,AT5G13930,GRN_activates,1,38315238,ABI5,CHS
AT5G20730,AT5G18010,GRN_activates,1,32320660,NPH4,
AT4G25490,AT4G25480,GRN_regulates,1,21421342,DREB1B,
AT1G62770,AT3G14310,GRN_represses,1,28034952,,PME3
AT4G25250,AT3G14310,GRN_represses,1,28034952,,PME3
AT5G57390,AT1G12110,GRN_regulates,1,20514237,,NPF6.3
AT5G57390,AT1G52190,GRN_regulates,1,20514237,,NPF1.2
AT4G24972,AT5G07280,GRN_activates,1,18250314,,EMS1
AT5G47080,AT1G14320,GRN_regulates,1,30597713,,RPL10A
AT4G24540,AT3G56100,GRN_regulates,1,12881501,AGL24,
AT3G56100,AT4G24540,GRN_activates,1,12881501,,AGL24
AT1G72930,AT1G17610,GRN_represses,1,23651299,TIR,
AT5G14420,AT1G05100,GRN_activates,1,32970364,RGLG2,MAPKKK18
AT5G51780,AT5G17220,GRN_regulates,1,16709193,,GSTF12
AT2G39700,AT2G45420,GRN_activates,1,23872272,EXPA4,
AT2G18700,AT3G52430,GRN_activates,1,22580694,,PAD4
AT3G20630,AT5G20730,GRN_represses,1,36640335,,NPH4
AT1G04240,AT3G20630,GRN_represses,1,36640335,SHY2,
AT2G18660,AT3G23840,GRN_regulates,1,26945740,EGC2,CER26L
AT2G35940,AT3G24650,GRN_activates,1,23663178,BLH1,ABI3
AT1G17600,AT1G17610,GRN_activates,1,27699788,,
AT1G68320,AT2G45660,GRN_represses,1,19529828,,SOC1
AT3G61830,AT3G30720,GRN_represses,1,32521046,ARF18,QQS
AT5G62470,AT5G26340,GRN_regulates,1,33899679,MYB96,STP13
AT4G27880,AT1G47128,GRN_activates,1,32453812,,RD21A
AT5G05410,AT3G06190,GRN_represses,1,32205452,DREB2A,
AT2G34140,AT4G18350,GRN_activates,1,32484317,,NCED2
AT4G38130,AT3G54220,GRN_regulates,1,30737268,HDA19,
AT5G13630,AT4G27670,GRN_activates,1,27943531,CHLH,
AT4G35450,AT4G35000,GRN_regulates,1,21057222,AKR2,
AT3G52420,AT4G35450,GRN_regulates,1,21057222,,AKR2
AT3G56400,AT3G05420,GRN_activates,1,38501444,WRKY70,
AT3G05420,AT3G56400,GRN_activates,1,38501444,,WRKY70
AT5G11260,AT5G43630,GRN_activates,1,34741605,,TZP
AT1G29930,AT5G11260,GRN_represses,1,12220265,LHCB1.3,
AT1G29930,AT2G32950,GRN_represses,1,12220265,LHCB1.3,
AT5G52310,AT5G67320,GRN_activates,1,18356294,RD29A,
AT1G62990,AT1G27440,GRN_activates,1,29393579,KNAT7,IRX10
AT1G62990,AT2G28110,GRN_activates,1,29393579,KNAT7,IRX7
AT5G24470,AT5G57360,GRN_represses,1,17693530,APRR5,
AT3G24650,AT5G57050,GRN_represses,1,12857845,ABI3,
AT1G55270,AT2G37040,GRN_regulates,1,30542810,,PAL1
AT2G42070,AT5G17230,GRN_regulates,1,38299382,,PSY
AT1G21270,AT3G14310,GRN_represses,1,24855660,WAK2,PME3
AT4G38130,AT4G37930,GRN_represses,1,38060625,HDA19,SHM1
AT4G37930,AT4G38130,GRN_regulates,1,38060625,SHM1,HDA19
AT5G62470,AT4G37930,GRN_regulates,1,27448723,MYB96,SHM1
AT4G37930,AT1G65380,GRN_represses,1,9729492,SHM1,
AT1G65380,AT4G37930,GRN_represses,1,9729492,,SHM1
AT5G39610,AT4G11280,GRN_activates,1,34303024,NAC92,
AT3G11980,AT3G05020,GRN_regulates,1,27274541,,ACP1
AT5G20170,AT5G20730,GRN_activates,1,36852886,,NPH4
AT1G08430,AT5G60410,GRN_represses,1,34251993,ALMT1,
AT2G14210,AT3G24650,GRN_activates,1,31491809,,ABI3
AT2G46830,AT1G35460,GRN_regulates,1,25246594,CCA1,
AT4G12470,AT4G00650,GRN_represses,1,21815977,AZI1,
AT4G12490,AT4G00650,GRN_represses,1,21815977,,
AT4G00650,AT2G45660,GRN_activates,1,21815977,,SOC1
AT5G04810,ATCG01230,GRN_regulates,1,29687222,,RPS12B
AT2G46830,AT4G13555,GRN_represses,1,31694901,CCA1,
AT1G16610,AT2G46830,GRN_regulates,1,25680774,,CCA1
AT5G18830,AT5G13630,GRN_regulates,1,27943310,,CHLH
AT5G04340,AT2G42430,GRN_activates,1,38142228,ZAT6,
AT4G38620,AT2G42540,GRN_activates,1,14675437,,COR15A
AT5G42080,AT5G63580,GRN_regulates,1,33564884,DRP1A,FLS2
AT1G59610,AT5G63580,GRN_regulates,1,33564884,,FLS2
AT5G20480,AT1G21250,GRN_activates,1,20439716,,WAK1
AT3G61250,AT5G13790,GRN_activates,1,19232308,AtMYB17,AGL15
AT3G63110,AT3G03910,GRN_regulates,1,19048287,IPT3,
AT4G32720,AT2G17950,GRN_represses,1,25764476,LA1,
AT5G27420,AT1G28490,GRN_represses,1,35089338,ATL31,
AT2G30750,AT2G30770,GRN_regulates,1,23830903,CYP71A12,CYP71A13
AT5G66650,AT5G23060,GRN_activates,1,37692417,,CAS
AT5G53130,AT5G46240,GRN_activates,1,11842144,,KAT1
AT4G15560,AT3G54340,GRN_regulates,1,7580255,DXS,AP3
